CLASS	a	net/minecraft/util/EnumChatFormatting
CLASS	aa	net/minecraft/command/server/CommandEmote
CLASS	aaa	net/minecraft/item/ItemLeaves
CLASS	aab	net/minecraft/item/ItemMap
CLASS	aac	net/minecraft/item/ItemBucketMilk
CLASS	aad	net/minecraft/item/ItemMinecart
CLASS	aad$1	net/minecraft/item/ItemMinecart$1
CLASS	aae	net/minecraft/item/ItemMultiTexture
CLASS	aae$1	net/minecraft/item/ItemMultiTexture$1
CLASS	aaf	net/minecraft/item/ItemNameTag
CLASS	aag	net/minecraft/item/ItemPickaxe
CLASS	aah	net/minecraft/item/ItemPiston
CLASS	aai	net/minecraft/item/ItemPotion
CLASS	aaj	net/minecraft/item/EnumRarity
CLASS	aak	net/minecraft/item/ItemRecord
CLASS	aal	net/minecraft/item/ItemRedstone
CLASS	aam	net/minecraft/item/ItemSaddle
CLASS	aan	net/minecraft/item/ItemSeedFood
CLASS	aao	net/minecraft/item/ItemSeeds
CLASS	aap	net/minecraft/item/ItemShears
CLASS	aaq	net/minecraft/item/ItemSpade
CLASS	aar	net/minecraft/item/ItemSign
CLASS	aas	net/minecraft/item/ItemSimpleFoiled
CLASS	aat	net/minecraft/item/ItemSkull
CLASS	aau	net/minecraft/item/ItemSlab
CLASS	aav	net/minecraft/item/ItemSnow
CLASS	aaw	net/minecraft/item/ItemSnowball
CLASS	aax	net/minecraft/item/ItemMonsterPlacer
CLASS	aay	net/minecraft/item/ItemSword
CLASS	aaz	net/minecraft/item/ItemColored
CLASS	ab	net/minecraft/command/CommandEnchant
CLASS	aba	net/minecraft/item/EnumAction
CLASS	abb	net/minecraft/item/ItemLilyPad
CLASS	abc	net/minecraft/item/ItemWritableBook
CLASS	abd	net/minecraft/item/ItemEditableBook
CLASS	abe	net/minecraft/potion/PotionHelper
CLASS	abh	net/minecraft/item/crafting/RecipesArmorDyes
CLASS	abi	net/minecraft/item/crafting/RecipesArmor
CLASS	abj	net/minecraft/item/crafting/RecipesBanners
CLASS	abj$1	net/minecraft/item/crafting/RecipesBanners$1
CLASS	abj$a	net/minecraft/item/crafting/RecipesBanners$RecipeAddPattern
CLASS	abj$b	net/minecraft/item/crafting/RecipesBanners$RecipeDuplicatePattern
CLASS	abk	net/minecraft/item/crafting/RecipeBookCloning
CLASS	abl	net/minecraft/item/crafting/RecipesDyes
CLASS	abm	net/minecraft/item/crafting/RecipeFireworks
CLASS	abn	net/minecraft/item/crafting/RecipesFood
CLASS	abo	net/minecraft/item/crafting/FurnaceRecipes
CLASS	abp	net/minecraft/item/crafting/RecipesMapCloning
CLASS	abq	net/minecraft/item/crafting/RecipesMapExtending
CLASS	abr	net/minecraft/item/crafting/RecipesIngots
CLASS	abs	net/minecraft/item/crafting/IRecipe
CLASS	abt	net/minecraft/item/crafting/CraftingManager
CLASS	abt$1	net/minecraft/item/crafting/CraftingManager$1
CLASS	abu	net/minecraft/item/crafting/RecipeRepairItem
CLASS	abv	net/minecraft/item/crafting/ShapedRecipes
CLASS	abw	net/minecraft/item/crafting/ShapelessRecipes
CLASS	abx	net/minecraft/item/crafting/RecipesCrafting
CLASS	aby	net/minecraft/item/crafting/RecipesTools
CLASS	abz	net/minecraft/item/crafting/RecipesWeapons
CLASS	ac	net/minecraft/command/CommandEntityData
CLASS	acb	net/minecraft/enchantment/EnchantmentArrowDamage
CLASS	acc	net/minecraft/enchantment/EnchantmentArrowFire
CLASS	acd	net/minecraft/enchantment/EnchantmentArrowInfinite
CLASS	ace	net/minecraft/enchantment/EnchantmentArrowKnockback
CLASS	acf	net/minecraft/enchantment/EnchantmentDamage
CLASS	acg	net/minecraft/enchantment/EnchantmentDurability
CLASS	ach	net/minecraft/enchantment/EnchantmentDigging
CLASS	aci	net/minecraft/enchantment/Enchantment
CLASS	acj	net/minecraft/enchantment/EnumEnchantmentType
CLASS	ack	net/minecraft/enchantment/EnchantmentHelper
CLASS	ack$1	net/minecraft/enchantment/EnchantmentHelper$1
CLASS	ack$a	net/minecraft/enchantment/EnchantmentHelper$DamageIterator
CLASS	ack$b	net/minecraft/enchantment/EnchantmentHelper$HurtIterator
CLASS	ack$c	net/minecraft/enchantment/EnchantmentHelper$IModifier
CLASS	ack$d	net/minecraft/enchantment/EnchantmentHelper$ModifierLiving
CLASS	ack$e	net/minecraft/enchantment/EnchantmentHelper$ModifierDamage
CLASS	acl	net/minecraft/enchantment/EnchantmentData
CLASS	acm	net/minecraft/enchantment/EnchantmentFireAspect
CLASS	acn	net/minecraft/enchantment/EnchantmentFishingSpeed
CLASS	aco	net/minecraft/enchantment/EnchantmentKnockback
CLASS	acp	net/minecraft/enchantment/EnchantmentLootBonus
CLASS	acq	net/minecraft/enchantment/EnchantmentOxygen
CLASS	acr	net/minecraft/enchantment/EnchantmentProtection
CLASS	acs	net/minecraft/enchantment/EnchantmentThorns
CLASS	act	net/minecraft/enchantment/EnchantmentUntouching
CLASS	acu	net/minecraft/enchantment/EnchantmentWaterWalker
CLASS	acv	net/minecraft/enchantment/EnchantmentWaterWorker
CLASS	acy	net/minecraft/entity/IMerchant
CLASS	acz	net/minecraft/village/MerchantRecipe
CLASS	ad	net/minecraft/command/CommandExecuteAt
CLASS	ad$1	net/minecraft/command/CommandExecuteAt$1
CLASS	ada	net/minecraft/village/MerchantRecipeList
CLASS	adc	net/minecraft/command/server/CommandBlockLogic
CLASS	adc$1	net/minecraft/command/server/CommandBlockLogic$1
CLASS	adc$2	net/minecraft/command/server/CommandBlockLogic$2
CLASS	add	net/minecraft/tileentity/MobSpawnerBaseLogic
CLASS	add$a	net/minecraft/tileentity/MobSpawnerBaseLogic$WeightedRandomMinecart
CLASS	ade	net/minecraft/block/BlockEventData
CLASS	adf	net/minecraft/util/EnumWorldBlockLayer
CLASS	adg	net/minecraft/world/ChunkCoordIntPair
CLASS	adi	net/minecraft/world/Explosion
CLASS	adj	net/minecraft/world/ColorizerFoliage
CLASS	adk	net/minecraft/world/GameRules
CLASS	adk$a	net/minecraft/world/GameRules$Value
CLASS	adk$b	net/minecraft/world/GameRules$ValueType
CLASS	adl	net/minecraft/world/ColorizerGrass
CLASS	adm	net/minecraft/world/World
CLASS	adm$1	net/minecraft/world/World$1
CLASS	adm$2	net/minecraft/world/World$2
CLASS	adm$3	net/minecraft/world/World$3
CLASS	adm$4	net/minecraft/world/World$4
CLASS	adn	net/minecraft/world/MinecraftException
CLASS	ado	net/minecraft/world/IWorldAccess
CLASS	adp	net/minecraft/world/WorldSettings
CLASS	adp$a	net/minecraft/world/WorldSettings$GameType
CLASS	adq	net/minecraft/world/IBlockAccess
CLASS	adr	net/minecraft/world/WorldType
CLASS	ads	net/minecraft/world/EnumSkyBlock
CLASS	adt	net/minecraft/world/SpawnerAnimals
CLASS	adu	net/minecraft/world/Teleporter
CLASS	adu$a	net/minecraft/world/Teleporter$PortalPosition
CLASS	adv	net/minecraft/world/ChunkCache
CLASS	adw	net/minecraft/world/NextTickListEntry
CLASS	adx	net/minecraft/world/biome/BiomeGenBeach
CLASS	ady	net/minecraft/world/biome/BiomeGenBase
CLASS	ady$1	net/minecraft/world/biome/BiomeGenBase$1
CLASS	ady$a	net/minecraft/world/biome/BiomeGenBase$Height
CLASS	ady$b	net/minecraft/world/biome/BiomeGenBase$TempCategory
CLASS	ady$c	net/minecraft/world/biome/BiomeGenBase$SpawnListEntry
CLASS	adz	net/minecraft/world/biome/BiomeCache
CLASS	adz$a	net/minecraft/world/biome/BiomeCache$Block
CLASS	ae	net/minecraft/command/CommandXP
CLASS	aea	net/minecraft/world/biome/BiomeColorHelper
CLASS	aea$1	net/minecraft/world/biome/BiomeColorHelper$1
CLASS	aea$2	net/minecraft/world/biome/BiomeColorHelper$2
CLASS	aea$3	net/minecraft/world/biome/BiomeColorHelper$3
CLASS	aea$a	net/minecraft/world/biome/BiomeColorHelper$ColorResolver
CLASS	aeb	net/minecraft/world/biome/BiomeDecorator
CLASS	aec	net/minecraft/world/biome/WorldChunkManager
CLASS	aed	net/minecraft/world/biome/BiomeGenDesert
CLASS	aee	net/minecraft/world/biome/BiomeGenHills
CLASS	aef	net/minecraft/world/biome/WorldChunkManagerHell
CLASS	aeg	net/minecraft/world/biome/BiomeGenForest
CLASS	aeg$1	net/minecraft/world/biome/BiomeGenForest$2
CLASS	aeg$2	net/minecraft/world/biome/BiomeGenForest$1
CLASS	aeh	net/minecraft/world/biome/BiomeGenHell
CLASS	aei	net/minecraft/world/biome/BiomeGenSnow
CLASS	aej	net/minecraft/world/biome/BiomeGenJungle
CLASS	aek	net/minecraft/world/biome/BiomeGenMesa
CLASS	ael	net/minecraft/world/biome/BiomeGenMushroomIsland
CLASS	aem	net/minecraft/world/biome/BiomeGenMutated
CLASS	aen	net/minecraft/world/biome/BiomeGenOcean
CLASS	aeo	net/minecraft/world/biome/BiomeGenPlains
CLASS	aeq	net/minecraft/world/biome/BiomeGenRiver
CLASS	aer	net/minecraft/world/biome/BiomeGenSavanna
CLASS	aer$a	net/minecraft/world/biome/BiomeGenSavanna$Mutated
CLASS	aes	net/minecraft/world/biome/BiomeGenStoneBeach
CLASS	aet	net/minecraft/world/biome/BiomeGenSwamp
CLASS	aeu	net/minecraft/world/biome/BiomeGenTaiga
CLASS	aev	net/minecraft/world/biome/BiomeGenEnd
CLASS	aew	net/minecraft/world/biome/BiomeEndDecorator
CLASS	aey	net/minecraft/block/BlockAir
CLASS	aez	net/minecraft/block/BlockAnvil
CLASS	aez$a	net/minecraft/block/BlockAnvil$Anvil
CLASS	af	net/minecraft/command/CommandFill
CLASS	afa	net/minecraft/block/BlockBanner
CLASS	afa$1	net/minecraft/block/BlockBanner$1
CLASS	afa$a	net/minecraft/block/BlockBanner$BlockBannerStanding
CLASS	afa$b	net/minecraft/block/BlockBanner$BlockBannerHanging
CLASS	afb	net/minecraft/block/BlockBarrier
CLASS	afc	net/minecraft/block/BlockContainer
CLASS	afd	net/minecraft/block/BlockBasePressurePlate
CLASS	afe	net/minecraft/block/BlockRailBase
CLASS	afe$1	net/minecraft/block/BlockRailBase$1
CLASS	afe$a	net/minecraft/block/BlockRailBase$Rail
CLASS	afe$b	net/minecraft/block/BlockRailBase$EnumRailDirection
CLASS	aff	net/minecraft/block/BlockBeacon
CLASS	aff$1	net/minecraft/block/BlockBeacon$1
CLASS	aff$1$1	net/minecraft/block/BlockBeacon$1$1
CLASS	afg	net/minecraft/block/BlockBed
CLASS	afg$a	net/minecraft/block/BlockBed$EnumPartType
CLASS	afh	net/minecraft/block/Block
CLASS	afh$1	net/minecraft/block/Block$1
CLASS	afh$2	net/minecraft/block/Block$2
CLASS	afh$3	net/minecraft/block/Block$3
CLASS	afh$4	net/minecraft/block/Block$4
CLASS	afh$a	net/minecraft/block/Block$EnumOffsetType
CLASS	afh$b	net/minecraft/block/Block$SoundType
CLASS	afi	net/minecraft/init/Blocks
CLASS	afj	net/minecraft/block/IGrowable
CLASS	afk	net/minecraft/block/BlockBookshelf
CLASS	afl	net/minecraft/block/BlockBrewingStand
CLASS	afm	net/minecraft/block/BlockBush
CLASS	afn	net/minecraft/block/BlockButton
CLASS	afn$1	net/minecraft/block/BlockButton$1
CLASS	afo	net/minecraft/block/BlockCactus
CLASS	afp	net/minecraft/block/BlockCake
CLASS	afq	net/minecraft/block/BlockCarrot
CLASS	afr	net/minecraft/block/BlockCauldron
CLASS	afs	net/minecraft/block/BlockChest
CLASS	aft	net/minecraft/block/BlockClay
CLASS	afu	net/minecraft/block/BlockCocoa
CLASS	afu$1	net/minecraft/block/BlockCocoa$1
CLASS	afv	net/minecraft/block/BlockColored
CLASS	afw	net/minecraft/block/BlockCommandBlock
CLASS	afx	net/minecraft/block/BlockRedstoneComparator
CLASS	afx$1	net/minecraft/block/BlockRedstoneComparator$1
CLASS	afx$a	net/minecraft/block/BlockRedstoneComparator$Mode
CLASS	afy	net/minecraft/block/BlockWorkbench
CLASS	afy$a	net/minecraft/block/BlockWorkbench$InterfaceCraftingTable
CLASS	afz	net/minecraft/block/BlockCrops
CLASS	ag	net/minecraft/command/CommandDifficulty
CLASS	aga	net/minecraft/block/BlockDaylightDetector
CLASS	agb	net/minecraft/block/BlockDeadBush
CLASS	agc	net/minecraft/block/BlockRailDetector
CLASS	agc$1	net/minecraft/block/BlockRailDetector$1
CLASS	agd	net/minecraft/block/BlockRedstoneDiode
CLASS	age	net/minecraft/block/BlockDirectional
CLASS	agf	net/minecraft/block/BlockDirt
CLASS	agf$a	net/minecraft/block/BlockDirt$DirtType
CLASS	agg	net/minecraft/block/BlockDispenser
CLASS	agh	net/minecraft/block/BlockDoor
CLASS	agh$a	net/minecraft/block/BlockDoor$EnumDoorHalf
CLASS	agh$b	net/minecraft/block/BlockDoor$EnumHingePosition
CLASS	agi	net/minecraft/block/BlockDoublePlant
CLASS	agi$a	net/minecraft/block/BlockDoublePlant$EnumBlockHalf
CLASS	agi$b	net/minecraft/block/BlockDoublePlant$EnumPlantType
CLASS	agj	net/minecraft/block/BlockDragonEgg
CLASS	agk	net/minecraft/block/BlockDropper
CLASS	agl	net/minecraft/block/BlockDynamicLiquid
CLASS	agm	net/minecraft/block/BlockEnchantmentTable
CLASS	agn	net/minecraft/block/BlockEndPortal
CLASS	ago	net/minecraft/block/BlockEndPortalFrame
CLASS	agp	net/minecraft/block/BlockEnderChest
CLASS	agq	net/minecraft/block/ITileEntityProvider
CLASS	agr	net/minecraft/block/BlockFalling
CLASS	ags	net/minecraft/block/BlockFarmland
CLASS	ags$1	net/minecraft/block/BlockFarmland$1
CLASS	agt	net/minecraft/block/BlockFence
CLASS	agu	net/minecraft/block/BlockFenceGate
CLASS	agv	net/minecraft/block/BlockFire
CLASS	agw	net/minecraft/block/BlockFlower
CLASS	agw$1	net/minecraft/block/BlockFlower$1
CLASS	agw$a	net/minecraft/block/BlockFlower$EnumFlowerType
CLASS	agw$a$1	net/minecraft/block/BlockFlower$EnumFlowerType$1
CLASS	agw$b	net/minecraft/block/BlockFlower$EnumFlowerColor
CLASS	agx	net/minecraft/block/BlockFlowerPot
CLASS	agx$1	net/minecraft/block/BlockFlowerPot$1
CLASS	agx$a	net/minecraft/block/BlockFlowerPot$EnumFlowerType
CLASS	agy	net/minecraft/block/BlockDoubleStoneSlabNew
CLASS	agz	net/minecraft/block/BlockDoubleStoneSlab
CLASS	ah	net/minecraft/command/CommandGameMode
CLASS	aha	net/minecraft/block/BlockDoubleWoodSlab
CLASS	ahb	net/minecraft/block/BlockFurnace
CLASS	ahb$1	net/minecraft/block/BlockFurnace$1
CLASS	ahc	net/minecraft/block/BlockGlass
CLASS	ahd	net/minecraft/block/BlockGlowstone
CLASS	ahe	net/minecraft/block/BlockGrass
CLASS	ahf	net/minecraft/block/BlockGravel
CLASS	ahg	net/minecraft/block/BlockHalfStoneSlabNew
CLASS	ahh	net/minecraft/block/BlockSlab
CLASS	ahh$a	net/minecraft/block/BlockSlab$EnumBlockHalf
CLASS	ahi	net/minecraft/block/BlockHalfStoneSlab
CLASS	ahj	net/minecraft/block/BlockBreakable
CLASS	ahk	net/minecraft/block/BlockHalfWoodSlab
CLASS	ahl	net/minecraft/block/BlockHardenedClay
CLASS	ahm	net/minecraft/block/BlockHay
CLASS	ahn	net/minecraft/block/BlockHopper
CLASS	ahn$1	net/minecraft/block/BlockHopper$1
CLASS	aho	net/minecraft/block/BlockHugeMushroom
CLASS	aho$1	net/minecraft/block/BlockHugeMushroom$1
CLASS	aho$a	net/minecraft/block/BlockHugeMushroom$EnumType
CLASS	ahp	net/minecraft/block/BlockIce
CLASS	ahq	net/minecraft/block/BlockJukebox
CLASS	ahq$a	net/minecraft/block/BlockJukebox$TileEntityJukebox
CLASS	ahr	net/minecraft/block/BlockLadder
CLASS	ahr$1	net/minecraft/block/BlockLadder$1
CLASS	ahs	net/minecraft/block/BlockLeaves
CLASS	ahu	net/minecraft/block/BlockLever
CLASS	ahu$1	net/minecraft/block/BlockLever$1
CLASS	ahu$a	net/minecraft/block/BlockLever$EnumOrientation
CLASS	ahv	net/minecraft/block/BlockLiquid
CLASS	ahw	net/minecraft/block/BlockLog
CLASS	ahw$1	net/minecraft/block/BlockLog$1
CLASS	ahw$a	net/minecraft/block/BlockLog$EnumAxis
CLASS	ahx	net/minecraft/block/BlockMelon
CLASS	ahy	net/minecraft/block/BlockMobSpawner
CLASS	ahz	net/minecraft/block/BlockSilverfish
CLASS	ahz$1	net/minecraft/block/BlockSilverfish$1
CLASS	ahz$a	net/minecraft/block/BlockSilverfish$EnumType
CLASS	ahz$a$1	net/minecraft/block/BlockSilverfish$EnumType$1
CLASS	ahz$a$2	net/minecraft/block/BlockSilverfish$EnumType$2
CLASS	ahz$a$3	net/minecraft/block/BlockSilverfish$EnumType$3
CLASS	ahz$a$4	net/minecraft/block/BlockSilverfish$EnumType$4
CLASS	ahz$a$5	net/minecraft/block/BlockSilverfish$EnumType$5
CLASS	ahz$a$6	net/minecraft/block/BlockSilverfish$EnumType$6
CLASS	ai	net/minecraft/command/CommandGameRule
CLASS	aia	net/minecraft/block/BlockMushroom
CLASS	aib	net/minecraft/block/BlockMycelium
CLASS	aic	net/minecraft/block/BlockNetherBrick
CLASS	aid	net/minecraft/block/BlockNetherWart
CLASS	aie	net/minecraft/block/BlockNetherrack
CLASS	aif	net/minecraft/block/BlockNewLeaf
CLASS	aif$1	net/minecraft/block/BlockNewLeaf$1
CLASS	aig	net/minecraft/block/BlockNewLog
CLASS	aig$1	net/minecraft/block/BlockNewLog$1
CLASS	aig$2	net/minecraft/block/BlockNewLog$2
CLASS	aih	net/minecraft/block/BlockStoneSlabNew
CLASS	aih$a	net/minecraft/block/BlockStoneSlabNew$EnumType
CLASS	aii	net/minecraft/block/BlockNote
CLASS	aij	net/minecraft/block/BlockObsidian
CLASS	aik	net/minecraft/block/BlockOldLeaf
CLASS	aik$1	net/minecraft/block/BlockOldLeaf$1
CLASS	ail	net/minecraft/block/BlockOldLog
CLASS	ail$1	net/minecraft/block/BlockOldLog$1
CLASS	ail$2	net/minecraft/block/BlockOldLog$2
CLASS	aim	net/minecraft/block/BlockOre
CLASS	ain	net/minecraft/block/BlockPackedIce
CLASS	aio	net/minecraft/block/BlockPlanks
CLASS	aio$a	net/minecraft/block/BlockPlanks$EnumType
CLASS	aip	net/minecraft/block/BlockPortal
CLASS	aip$a	net/minecraft/block/BlockPortal$Size
CLASS	aiq	net/minecraft/block/BlockPotato
CLASS	air	net/minecraft/block/BlockCompressedPowered
CLASS	ais	net/minecraft/block/BlockRailPowered
CLASS	ais$1	net/minecraft/block/BlockRailPowered$1
CLASS	ais$2	net/minecraft/block/BlockRailPowered$2
CLASS	ait	net/minecraft/block/BlockPressurePlate
CLASS	ait$1	net/minecraft/block/BlockPressurePlate$1
CLASS	ait$a	net/minecraft/block/BlockPressurePlate$Sensitivity
CLASS	aiu	net/minecraft/block/BlockPrismarine
CLASS	aiu$a	net/minecraft/block/BlockPrismarine$EnumType
CLASS	aiv	net/minecraft/block/BlockPumpkin
CLASS	aiv$1	net/minecraft/block/BlockPumpkin$1
CLASS	aiw	net/minecraft/block/BlockQuartz
CLASS	aiw$1	net/minecraft/block/BlockQuartz$1
CLASS	aiw$a	net/minecraft/block/BlockQuartz$EnumType
CLASS	aix	net/minecraft/block/BlockRail
CLASS	aiy	net/minecraft/block/BlockRedFlower
CLASS	aiz	net/minecraft/block/BlockRedSandstone
CLASS	aiz$a	net/minecraft/block/BlockRedSandstone$EnumType
CLASS	aj	net/minecraft/command/CommandGive
CLASS	aja	net/minecraft/block/BlockRedstoneOre
CLASS	ajb	net/minecraft/block/BlockRedstoneWire
CLASS	ajb$a	net/minecraft/block/BlockRedstoneWire$EnumAttachPosition
CLASS	ajc	net/minecraft/block/BlockRedstoneLight
CLASS	ajd	net/minecraft/block/BlockRedstoneTorch
CLASS	ajd$a	net/minecraft/block/BlockRedstoneTorch$Toggle
CLASS	aje	net/minecraft/block/BlockReed
CLASS	ajf	net/minecraft/block/BlockRedstoneRepeater
CLASS	ajg	net/minecraft/block/BlockRotatedPillar
CLASS	ajh	net/minecraft/block/BlockSand
CLASS	ajh$a	net/minecraft/block/BlockSand$EnumType
CLASS	aji	net/minecraft/block/BlockSandStone
CLASS	aji$a	net/minecraft/block/BlockSandStone$EnumType
CLASS	ajj	net/minecraft/block/BlockSapling
CLASS	ajj$1	net/minecraft/block/BlockSapling$1
CLASS	ajk	net/minecraft/block/BlockSeaLantern
CLASS	ajl	net/minecraft/block/BlockSign
CLASS	ajm	net/minecraft/block/BlockSkull
CLASS	ajm$1	net/minecraft/block/BlockSkull$1
CLASS	ajm$2	net/minecraft/block/BlockSkull$2
CLASS	ajn	net/minecraft/block/BlockSlime
CLASS	ajo	net/minecraft/block/BlockSnowBlock
CLASS	ajp	net/minecraft/block/BlockSnow
CLASS	ajq	net/minecraft/block/BlockSoulSand
CLASS	ajr	net/minecraft/block/BlockSponge
CLASS	ajs	net/minecraft/block/BlockStainedGlass
CLASS	ajt	net/minecraft/block/BlockStainedGlassPane
CLASS	aju	net/minecraft/block/BlockStairs
CLASS	aju$a	net/minecraft/block/BlockStairs$EnumHalf
CLASS	aju$b	net/minecraft/block/BlockStairs$EnumShape
CLASS	ajv	net/minecraft/block/BlockStandingSign
CLASS	ajw	net/minecraft/block/BlockStaticLiquid
CLASS	ajx	net/minecraft/block/BlockStem
CLASS	ajx$1	net/minecraft/block/BlockStem$1
CLASS	ajy	net/minecraft/block/BlockStone
CLASS	ajy$a	net/minecraft/block/BlockStone$EnumType
CLASS	ajz	net/minecraft/block/BlockStoneBrick
CLASS	ajz$a	net/minecraft/block/BlockStoneBrick$EnumType
CLASS	ak	net/minecraft/command/CommandHelp
CLASS	aka	net/minecraft/block/BlockButtonStone
CLASS	akb	net/minecraft/block/BlockStoneSlab
CLASS	akb$a	net/minecraft/block/BlockStoneSlab$EnumType
CLASS	akc	net/minecraft/block/BlockTallGrass
CLASS	akc$a	net/minecraft/block/BlockTallGrass$EnumType
CLASS	akd	net/minecraft/block/BlockPane
CLASS	ake	net/minecraft/block/BlockTNT
CLASS	akf	net/minecraft/block/BlockTorch
CLASS	akf$1	net/minecraft/block/BlockTorch$1
CLASS	akf$2	net/minecraft/block/BlockTorch$2
CLASS	akg	net/minecraft/block/BlockLeavesBase
CLASS	akh	net/minecraft/block/BlockTrapDoor
CLASS	akh$1	net/minecraft/block/BlockTrapDoor$1
CLASS	akh$a	net/minecraft/block/BlockTrapDoor$DoorHalf
CLASS	aki	net/minecraft/block/BlockTripWire
CLASS	akj	net/minecraft/block/BlockTripWireHook
CLASS	akj$1	net/minecraft/block/BlockTripWireHook$1
CLASS	akk	net/minecraft/block/BlockVine
CLASS	akk$1	net/minecraft/block/BlockVine$1
CLASS	akl	net/minecraft/block/BlockWall
CLASS	akl$a	net/minecraft/block/BlockWall$EnumType
CLASS	akm	net/minecraft/block/BlockWallSign
CLASS	akm$1	net/minecraft/block/BlockWallSign$1
CLASS	akn	net/minecraft/block/BlockLilyPad
CLASS	ako	net/minecraft/block/BlockWeb
CLASS	akp	net/minecraft/block/BlockPressurePlateWeighted
CLASS	akq	net/minecraft/block/BlockButtonWood
CLASS	akr	net/minecraft/block/BlockWoodSlab
CLASS	aks	net/minecraft/block/BlockCarpet
CLASS	akt	net/minecraft/block/BlockYellowFlower
CLASS	aku	net/minecraft/tileentity/TileEntityBanner
CLASS	aku$a	net/minecraft/tileentity/TileEntityBanner$EnumBannerPattern
CLASS	akv	net/minecraft/tileentity/TileEntityBeacon
CLASS	akv$a	net/minecraft/tileentity/TileEntityBeacon$BeamSegment
CLASS	akw	net/minecraft/tileentity/TileEntity
CLASS	akw$1	net/minecraft/tileentity/TileEntity$1
CLASS	akw$2	net/minecraft/tileentity/TileEntity$2
CLASS	akw$3	net/minecraft/tileentity/TileEntity$3
CLASS	akx	net/minecraft/tileentity/TileEntityBrewingStand
CLASS	aky	net/minecraft/tileentity/TileEntityChest
CLASS	aky$1	net/minecraft/tileentity/TileEntityChest$1
CLASS	akz	net/minecraft/tileentity/TileEntityCommandBlock
CLASS	akz$1	net/minecraft/tileentity/TileEntityCommandBlock$1
CLASS	al	net/minecraft/command/CommandServerKick
CLASS	ala	net/minecraft/tileentity/TileEntityComparator
CLASS	alb	net/minecraft/tileentity/TileEntityDaylightDetector
CLASS	alc	net/minecraft/tileentity/TileEntityDispenser
CLASS	ald	net/minecraft/tileentity/TileEntityDropper
CLASS	ale	net/minecraft/tileentity/TileEntityEnchantmentTable
CLASS	alf	net/minecraft/tileentity/TileEntityEnderChest
CLASS	alg	net/minecraft/tileentity/TileEntityFlowerPot
CLASS	alh	net/minecraft/tileentity/TileEntityFurnace
CLASS	ali	net/minecraft/tileentity/IHopper
CLASS	alj	net/minecraft/tileentity/TileEntityHopper
CLASS	alk	net/minecraft/tileentity/TileEntityLockable
CLASS	all	net/minecraft/tileentity/TileEntityMobSpawner
CLASS	all$1	net/minecraft/tileentity/TileEntityMobSpawner$1
CLASS	alm	net/minecraft/tileentity/TileEntityNote
CLASS	aln	net/minecraft/tileentity/TileEntitySign
CLASS	aln$1	net/minecraft/tileentity/TileEntitySign$1
CLASS	aln$2	net/minecraft/tileentity/TileEntitySign$2
CLASS	alo	net/minecraft/tileentity/TileEntitySkull
CLASS	alp	net/minecraft/tileentity/TileEntityEndPortal
CLASS	als	net/minecraft/block/BlockPistonBase
CLASS	als$1	net/minecraft/block/BlockPistonBase$1
CLASS	alt	net/minecraft/block/BlockPistonExtension
CLASS	alt$1	net/minecraft/block/BlockPistonExtension$1
CLASS	alt$a	net/minecraft/block/BlockPistonExtension$EnumPistonType
CLASS	alu	net/minecraft/tileentity/TileEntityPiston
CLASS	alu$1	net/minecraft/tileentity/TileEntityPiston$1
CLASS	alv	net/minecraft/block/BlockPistonMoving
CLASS	alw	net/minecraft/block/state/BlockPistonStructureHelper
CLASS	aly	net/minecraft/block/state/BlockStateBase
CLASS	aly$1	net/minecraft/block/state/BlockStateBase$1
CLASS	alz	net/minecraft/block/state/IBlockState
CLASS	am	net/minecraft/command/CommandKill
CLASS	ama	net/minecraft/block/state/BlockState
CLASS	ama$1	net/minecraft/block/state/BlockState$1
CLASS	ama$2	net/minecraft/block/state/BlockState$2
CLASS	ama$a	net/minecraft/block/state/BlockState$StateImplementation
CLASS	amc	net/minecraft/block/state/BlockWorldState
CLASS	amc$1	net/minecraft/block/state/BlockWorldState$1
CLASS	amd	net/minecraft/block/state/pattern/BlockPattern
CLASS	amd$a	net/minecraft/block/state/pattern/BlockPattern$CacheLoader
CLASS	amd$b	net/minecraft/block/state/pattern/BlockPattern$PatternHelper
CLASS	ame	net/minecraft/block/state/pattern/FactoryBlockPattern
CLASS	amg	net/minecraft/block/state/pattern/BlockHelper
CLASS	amh	net/minecraft/block/state/pattern/BlockStateHelper
CLASS	amj	net/minecraft/block/properties/PropertyHelper
CLASS	amk	net/minecraft/block/properties/PropertyBool
CLASS	aml	net/minecraft/block/properties/PropertyDirection
CLASS	amm	net/minecraft/block/properties/PropertyEnum
CLASS	amn	net/minecraft/block/properties/PropertyInteger
CLASS	amo	net/minecraft/block/properties/IProperty
CLASS	amq	net/minecraft/world/border/IBorderListener
CLASS	amr	net/minecraft/world/border/EnumBorderStatus
CLASS	ams	net/minecraft/world/border/WorldBorder
CLASS	amv	net/minecraft/world/chunk/IChunkProvider
CLASS	amw	net/minecraft/world/chunk/NibbleArray
CLASS	amx	net/minecraft/world/chunk/EmptyChunk
CLASS	amy	net/minecraft/world/chunk/Chunk
CLASS	amy$1	net/minecraft/world/chunk/Chunk$1
CLASS	amy$2	net/minecraft/world/chunk/Chunk$2
CLASS	amy$3	net/minecraft/world/chunk/Chunk$3
CLASS	amy$a	net/minecraft/world/chunk/Chunk$EnumCreateEntityType
CLASS	amz	net/minecraft/world/chunk/storage/ExtendedBlockStorage
CLASS	an	net/minecraft/command/server/CommandListBans
CLASS	ana	net/minecraft/world/chunk/storage/NibbleArrayReader
CLASS	and	net/minecraft/world/chunk/storage/IChunkLoader
CLASS	ang	net/minecraft/world/chunk/storage/ChunkLoader
CLASS	ang$a	net/minecraft/world/chunk/storage/ChunkLoader$AnvilConverterData
CLASS	anh	net/minecraft/world/chunk/storage/RegionFile
CLASS	anh$a	net/minecraft/world/chunk/storage/RegionFile$ChunkBuffer
CLASS	ani	net/minecraft/world/chunk/storage/RegionFileCache
CLASS	anj	net/minecraft/world/chunk/storage/AnvilChunkLoader
CLASS	anm	net/minecraft/world/WorldProvider
CLASS	ann	net/minecraft/world/WorldProviderHell
CLASS	ann$1	net/minecraft/world/WorldProviderHell$1
CLASS	ano	net/minecraft/world/WorldProviderSurface
CLASS	anp	net/minecraft/world/WorldProviderEnd
CLASS	anr	net/minecraft/world/gen/MapGenRavine
CLASS	ans	net/minecraft/world/chunk/ChunkPrimer
CLASS	ant	net/minecraft/world/gen/ChunkProviderSettings
CLASS	ant$1	net/minecraft/world/gen/ChunkProviderSettings$1
CLASS	ant$a	net/minecraft/world/gen/ChunkProviderSettings$Factory
CLASS	ant$b	net/minecraft/world/gen/ChunkProviderSettings$Serializer
CLASS	anu	net/minecraft/world/gen/ChunkProviderDebug
CLASS	anv	net/minecraft/world/gen/ChunkProviderFlat
CLASS	anw	net/minecraft/world/gen/ChunkProviderHell
CLASS	anx	net/minecraft/world/gen/MapGenCaves
CLASS	any	net/minecraft/world/gen/MapGenBase
CLASS	anz	net/minecraft/world/gen/MapGenCavesHell
CLASS	ao	net/minecraft/command/server/CommandListPlayers
CLASS	aoa	net/minecraft/world/gen/ChunkProviderGenerate
CLASS	aob	net/minecraft/world/gen/ChunkProviderEnd
CLASS	aoh	net/minecraft/world/gen/feature/WorldGenAbstractTree
CLASS	aoi	net/minecraft/world/gen/feature/WorldGenBigTree
CLASS	aoi$a	net/minecraft/world/gen/feature/WorldGenBigTree$FoliageCoordinates
CLASS	aoj	net/minecraft/world/gen/feature/WorldGenForest
CLASS	aok	net/minecraft/world/gen/feature/WorldGenBlockBlob
CLASS	aol	net/minecraft/world/gen/feature/WorldGeneratorBonusChest
CLASS	aom	net/minecraft/world/gen/GeneratorBushFeature
CLASS	aon	net/minecraft/world/gen/feature/WorldGenCactus
CLASS	aop	net/minecraft/world/gen/feature/WorldGenClay
CLASS	aoq	net/minecraft/world/gen/feature/WorldGenDeadBush
CLASS	aor	net/minecraft/world/gen/feature/WorldGenDesertWells
CLASS	aos	net/minecraft/world/gen/feature/WorldGenDoublePlant
CLASS	aot	net/minecraft/world/gen/feature/WorldGenerator
CLASS	aou	net/minecraft/world/gen/feature/WorldGenFlowers
CLASS	aov	net/minecraft/world/gen/feature/WorldGenShrub
CLASS	aow	net/minecraft/world/gen/feature/WorldGenFire
CLASS	aox	net/minecraft/world/gen/feature/WorldGenGlowStone2
CLASS	aoy	net/minecraft/world/gen/feature/WorldGenHellLava
CLASS	aoz	net/minecraft/world/gen/feature/WorldGenBigMushroom
CLASS	ap	net/minecraft/command/server/CommandMessage
CLASS	apa	net/minecraft/world/gen/feature/WorldGenIcePath
CLASS	apb	net/minecraft/world/gen/feature/WorldGenIceSpike
CLASS	apc	net/minecraft/world/gen/feature/WorldGenLakes
CLASS	apd	net/minecraft/world/gen/feature/WorldGenGlowStone1
CLASS	ape	net/minecraft/world/gen/feature/WorldGenMegaJungle
CLASS	apf	net/minecraft/world/gen/feature/WorldGenMegaPineTree
CLASS	apg	net/minecraft/world/gen/feature/WorldGenHugeTrees
CLASS	aph	net/minecraft/world/gen/feature/WorldGenMelon
CLASS	api	net/minecraft/world/gen/feature/WorldGenDungeons
CLASS	apj	net/minecraft/world/gen/feature/WorldGenMinable
CLASS	apk	net/minecraft/world/gen/feature/WorldGenTaiga1
CLASS	apl	net/minecraft/world/gen/feature/WorldGenPumpkin
CLASS	apm	net/minecraft/world/gen/feature/WorldGenReed
CLASS	apn	net/minecraft/world/gen/feature/WorldGenCanopyTree
CLASS	apo	net/minecraft/world/gen/feature/WorldGenSand
CLASS	app	net/minecraft/world/gen/feature/WorldGenSavannaTree
CLASS	apq	net/minecraft/world/gen/feature/WorldGenSpikes
CLASS	apr	net/minecraft/world/gen/feature/WorldGenLiquids
CLASS	aps	net/minecraft/world/gen/feature/WorldGenTaiga2
CLASS	apt	net/minecraft/world/gen/feature/WorldGenSwamp
CLASS	apu	net/minecraft/world/gen/feature/WorldGenTallGrass
CLASS	apv	net/minecraft/world/gen/feature/WorldGenTrees
CLASS	apw	net/minecraft/world/gen/feature/WorldGenVines
CLASS	apx	net/minecraft/world/gen/feature/WorldGenWaterlily
CLASS	apz	net/minecraft/world/gen/FlatGeneratorInfo
CLASS	aq	net/minecraft/command/server/CommandMessageRaw
CLASS	aqa	net/minecraft/world/gen/FlatLayerInfo
CLASS	aqe	net/minecraft/world/gen/structure/StructureBoundingBox
CLASS	aqe$1	net/minecraft/world/gen/structure/StructureBoundingBox$1
CLASS	aqf	net/minecraft/world/gen/structure/MapGenMineshaft
CLASS	aqg	net/minecraft/world/gen/structure/StructureMineshaftPieces
CLASS	aqg$1	net/minecraft/world/gen/structure/StructureMineshaftPieces$1
CLASS	aqg$a	net/minecraft/world/gen/structure/StructureMineshaftPieces$Corridor
CLASS	aqg$b	net/minecraft/world/gen/structure/StructureMineshaftPieces$Cross
CLASS	aqg$c	net/minecraft/world/gen/structure/StructureMineshaftPieces$Room
CLASS	aqg$d	net/minecraft/world/gen/structure/StructureMineshaftPieces$Stairs
CLASS	aqh	net/minecraft/world/gen/structure/StructureMineshaftStart
CLASS	aqi	net/minecraft/world/gen/structure/MapGenNetherBridge
CLASS	aqi$a	net/minecraft/world/gen/structure/MapGenNetherBridge$Start
CLASS	aqj	net/minecraft/world/gen/structure/StructureNetherBridgePieces
CLASS	aqj$1	net/minecraft/world/gen/structure/StructureNetherBridgePieces$1
CLASS	aqj$a	net/minecraft/world/gen/structure/StructureNetherBridgePieces$Crossing3
CLASS	aqj$b	net/minecraft/world/gen/structure/StructureNetherBridgePieces$End
CLASS	aqj$c	net/minecraft/world/gen/structure/StructureNetherBridgePieces$Straight
CLASS	aqj$d	net/minecraft/world/gen/structure/StructureNetherBridgePieces$Corridor3
CLASS	aqj$e	net/minecraft/world/gen/structure/StructureNetherBridgePieces$Corridor4
CLASS	aqj$f	net/minecraft/world/gen/structure/StructureNetherBridgePieces$Entrance
CLASS	aqj$g	net/minecraft/world/gen/structure/StructureNetherBridgePieces$Crossing2
CLASS	aqj$h	net/minecraft/world/gen/structure/StructureNetherBridgePieces$Corridor
CLASS	aqj$i	net/minecraft/world/gen/structure/StructureNetherBridgePieces$Corridor5
CLASS	aqj$j	net/minecraft/world/gen/structure/StructureNetherBridgePieces$Corridor2
CLASS	aqj$k	net/minecraft/world/gen/structure/StructureNetherBridgePieces$NetherStalkRoom
CLASS	aqj$l	net/minecraft/world/gen/structure/StructureNetherBridgePieces$Throne
CLASS	aqj$m	net/minecraft/world/gen/structure/StructureNetherBridgePieces$Piece
CLASS	aqj$n	net/minecraft/world/gen/structure/StructureNetherBridgePieces$PieceWeight
CLASS	aqj$o	net/minecraft/world/gen/structure/StructureNetherBridgePieces$Crossing
CLASS	aqj$p	net/minecraft/world/gen/structure/StructureNetherBridgePieces$Stairs
CLASS	aqj$q	net/minecraft/world/gen/structure/StructureNetherBridgePieces$Start
CLASS	aqk	net/minecraft/world/gen/structure/StructureOceanMonument
CLASS	aqk$a	net/minecraft/world/gen/structure/StructureOceanMonument$StartMonument
CLASS	aql	net/minecraft/world/gen/structure/StructureOceanMonumentPieces
CLASS	aql$1	net/minecraft/world/gen/structure/StructureOceanMonumentPieces$1
CLASS	aql$a	net/minecraft/world/gen/structure/StructureOceanMonumentPieces$XDoubleRoomFitHelper
CLASS	aql$b	net/minecraft/world/gen/structure/StructureOceanMonumentPieces$XYDoubleRoomFitHelper
CLASS	aql$c	net/minecraft/world/gen/structure/StructureOceanMonumentPieces$YDoubleRoomFitHelper
CLASS	aql$d	net/minecraft/world/gen/structure/StructureOceanMonumentPieces$YZDoubleRoomFitHelper
CLASS	aql$e	net/minecraft/world/gen/structure/StructureOceanMonumentPieces$ZDoubleRoomFitHelper
CLASS	aql$f	net/minecraft/world/gen/structure/StructureOceanMonumentPieces$FitSimpleRoomHelper
CLASS	aql$g	net/minecraft/world/gen/structure/StructureOceanMonumentPieces$FitSimpleRoomTopHelper
CLASS	aql$h	net/minecraft/world/gen/structure/StructureOceanMonumentPieces$MonumentBuilding
CLASS	aql$i	net/minecraft/world/gen/structure/StructureOceanMonumentPieces$MonumentRoomFitHelper
CLASS	aql$j	net/minecraft/world/gen/structure/StructureOceanMonumentPieces$MonumentCoreRoom
CLASS	aql$k	net/minecraft/world/gen/structure/StructureOceanMonumentPieces$DoubleXRoom
CLASS	aql$l	net/minecraft/world/gen/structure/StructureOceanMonumentPieces$DoubleXYRoom
CLASS	aql$m	net/minecraft/world/gen/structure/StructureOceanMonumentPieces$DoubleYRoom
CLASS	aql$n	net/minecraft/world/gen/structure/StructureOceanMonumentPieces$DoubleYZRoom
CLASS	aql$o	net/minecraft/world/gen/structure/StructureOceanMonumentPieces$DoubleZRoom
CLASS	aql$p	net/minecraft/world/gen/structure/StructureOceanMonumentPieces$EntryRoom
CLASS	aql$q	net/minecraft/world/gen/structure/StructureOceanMonumentPieces$Penthouse
CLASS	aql$r	net/minecraft/world/gen/structure/StructureOceanMonumentPieces$Piece
CLASS	aql$s	net/minecraft/world/gen/structure/StructureOceanMonumentPieces$SimpleRoom
CLASS	aql$t	net/minecraft/world/gen/structure/StructureOceanMonumentPieces$SimpleTopRoom
CLASS	aql$u	net/minecraft/world/gen/structure/StructureOceanMonumentPieces$WingRoom
CLASS	aql$v	net/minecraft/world/gen/structure/StructureOceanMonumentPieces$RoomDefinition
CLASS	aqm	net/minecraft/world/gen/structure/MapGenScatteredFeature
CLASS	aqm$a	net/minecraft/world/gen/structure/MapGenScatteredFeature$Start
CLASS	aqn	net/minecraft/world/gen/structure/ComponentScatteredFeaturePieces
CLASS	aqn$1	net/minecraft/world/gen/structure/ComponentScatteredFeaturePieces$1
CLASS	aqn$a	net/minecraft/world/gen/structure/ComponentScatteredFeaturePieces$DesertPyramid
CLASS	aqn$b	net/minecraft/world/gen/structure/ComponentScatteredFeaturePieces$JunglePyramid
CLASS	aqn$b$a	net/minecraft/world/gen/structure/ComponentScatteredFeaturePieces$JunglePyramid$Stones
CLASS	aqn$c	net/minecraft/world/gen/structure/ComponentScatteredFeaturePieces$Feature
CLASS	aqn$d	net/minecraft/world/gen/structure/ComponentScatteredFeaturePieces$SwampHut
CLASS	aqo	net/minecraft/world/gen/structure/MapGenStronghold
CLASS	aqo$a	net/minecraft/world/gen/structure/MapGenStronghold$Start
CLASS	aqp	net/minecraft/world/gen/structure/StructureStrongholdPieces
CLASS	aqp$1	net/minecraft/world/gen/structure/StructureStrongholdPieces$1
CLASS	aqp$2	net/minecraft/world/gen/structure/StructureStrongholdPieces$2
CLASS	aqp$3	net/minecraft/world/gen/structure/StructureStrongholdPieces$3
CLASS	aqp$a	net/minecraft/world/gen/structure/StructureStrongholdPieces$ChestCorridor
CLASS	aqp$b	net/minecraft/world/gen/structure/StructureStrongholdPieces$Corridor
CLASS	aqp$c	net/minecraft/world/gen/structure/StructureStrongholdPieces$Crossing
CLASS	aqp$d	net/minecraft/world/gen/structure/StructureStrongholdPieces$LeftTurn
CLASS	aqp$e	net/minecraft/world/gen/structure/StructureStrongholdPieces$Library
CLASS	aqp$f	net/minecraft/world/gen/structure/StructureStrongholdPieces$PieceWeight
CLASS	aqp$g	net/minecraft/world/gen/structure/StructureStrongholdPieces$PortalRoom
CLASS	aqp$h	net/minecraft/world/gen/structure/StructureStrongholdPieces$Prison
CLASS	aqp$i	net/minecraft/world/gen/structure/StructureStrongholdPieces$RightTurn
CLASS	aqp$j	net/minecraft/world/gen/structure/StructureStrongholdPieces$RoomCrossing
CLASS	aqp$k	net/minecraft/world/gen/structure/StructureStrongholdPieces$Stones
CLASS	aqp$l	net/minecraft/world/gen/structure/StructureStrongholdPieces$Stairs
CLASS	aqp$m	net/minecraft/world/gen/structure/StructureStrongholdPieces$Stairs2
CLASS	aqp$n	net/minecraft/world/gen/structure/StructureStrongholdPieces$Straight
CLASS	aqp$o	net/minecraft/world/gen/structure/StructureStrongholdPieces$StairsStraight
CLASS	aqp$p	net/minecraft/world/gen/structure/StructureStrongholdPieces$Stronghold
CLASS	aqp$p$a	net/minecraft/world/gen/structure/StructureStrongholdPieces$Stronghold$Door
CLASS	aqq	net/minecraft/world/gen/structure/MapGenStructure
CLASS	aqq$1	net/minecraft/world/gen/structure/MapGenStructure$1
CLASS	aqq$2	net/minecraft/world/gen/structure/MapGenStructure$2
CLASS	aqq$3	net/minecraft/world/gen/structure/MapGenStructure$3
CLASS	aqr	net/minecraft/world/gen/structure/MapGenStructureIO
CLASS	aqs	net/minecraft/world/gen/structure/MapGenStructureData
CLASS	aqt	net/minecraft/world/gen/structure/StructureComponent
CLASS	aqt$1	net/minecraft/world/gen/structure/StructureComponent$1
CLASS	aqt$a	net/minecraft/world/gen/structure/StructureComponent$BlockSelector
CLASS	aqu	net/minecraft/world/gen/structure/StructureStart
CLASS	aqv	net/minecraft/world/gen/structure/MapGenVillage
CLASS	aqv$a	net/minecraft/world/gen/structure/MapGenVillage$Start
CLASS	aqw	net/minecraft/world/gen/structure/StructureVillagePieces
CLASS	aqw$1	net/minecraft/world/gen/structure/StructureVillagePieces$1
CLASS	aqw$a	net/minecraft/world/gen/structure/StructureVillagePieces$House1
CLASS	aqw$b	net/minecraft/world/gen/structure/StructureVillagePieces$Field1
CLASS	aqw$c	net/minecraft/world/gen/structure/StructureVillagePieces$Field2
CLASS	aqw$d	net/minecraft/world/gen/structure/StructureVillagePieces$Torch
CLASS	aqw$e	net/minecraft/world/gen/structure/StructureVillagePieces$PieceWeight
CLASS	aqw$f	net/minecraft/world/gen/structure/StructureVillagePieces$Hall
CLASS	aqw$g	net/minecraft/world/gen/structure/StructureVillagePieces$House4Garden
CLASS	aqw$h	net/minecraft/world/gen/structure/StructureVillagePieces$WoodHut
CLASS	aqw$i	net/minecraft/world/gen/structure/StructureVillagePieces$Church
CLASS	aqw$j	net/minecraft/world/gen/structure/StructureVillagePieces$House2
CLASS	aqw$k	net/minecraft/world/gen/structure/StructureVillagePieces$Start
CLASS	aqw$l	net/minecraft/world/gen/structure/StructureVillagePieces$Path
CLASS	aqw$m	net/minecraft/world/gen/structure/StructureVillagePieces$House3
CLASS	aqw$n	net/minecraft/world/gen/structure/StructureVillagePieces$Village
CLASS	aqw$o	net/minecraft/world/gen/structure/StructureVillagePieces$Road
CLASS	aqw$p	net/minecraft/world/gen/structure/StructureVillagePieces$Well
CLASS	ar	net/minecraft/command/server/CommandOp
CLASS	arb	net/minecraft/world/gen/NoiseGeneratorImproved
CLASS	arc	net/minecraft/world/gen/NoiseGeneratorOctaves
CLASS	ard	net/minecraft/world/gen/NoiseGeneratorPerlin
CLASS	arg	net/minecraft/world/gen/NoiseGeneratorSimplex
CLASS	arh	net/minecraft/world/gen/NoiseGenerator
CLASS	arj	net/minecraft/block/material/MaterialLogic
CLASS	ark	net/minecraft/block/material/MaterialTransparent
CLASS	arl	net/minecraft/block/material/MaterialLiquid
CLASS	arm	net/minecraft/block/material/Material
CLASS	arm$1	net/minecraft/block/material/Material$1
CLASS	arn	net/minecraft/block/material/MapColor
CLASS	aro	net/minecraft/block/material/MaterialPortal
CLASS	arq	net/minecraft/world/gen/layer/GenLayerDeepOcean
CLASS	arr	net/minecraft/world/gen/layer/GenLayerEdge
CLASS	arr$1	net/minecraft/world/gen/layer/GenLayerEdge$1
CLASS	arr$a	net/minecraft/world/gen/layer/GenLayerEdge$Mode
CLASS	ars	net/minecraft/world/gen/layer/GenLayerAddIsland
CLASS	art	net/minecraft/world/gen/layer/GenLayerAddMushroomIsland
CLASS	aru	net/minecraft/world/gen/layer/GenLayerAddSnow
CLASS	arv	net/minecraft/world/gen/layer/GenLayerBiomeEdge
CLASS	arw	net/minecraft/world/gen/layer/GenLayerBiome
CLASS	as	net/minecraft/command/server/CommandPardonIp
CLASS	asa	net/minecraft/world/gen/layer/GenLayerFuzzyZoom
CLASS	asc	net/minecraft/world/gen/layer/IntCache
CLASS	asd	net/minecraft/world/gen/layer/GenLayerIsland
CLASS	ase	net/minecraft/world/gen/layer/GenLayer
CLASS	ase$1	net/minecraft/world/gen/layer/GenLayer$1
CLASS	ase$2	net/minecraft/world/gen/layer/GenLayer$2
CLASS	asf	net/minecraft/world/gen/layer/GenLayerRareBiome
CLASS	asg	net/minecraft/world/gen/layer/GenLayerHills
CLASS	ash	net/minecraft/world/gen/layer/GenLayerRemoveTooMuchOcean
CLASS	asi	net/minecraft/world/gen/layer/GenLayerRiverInit
CLASS	asj	net/minecraft/world/gen/layer/GenLayerRiver
CLASS	ask	net/minecraft/world/gen/layer/GenLayerRiverMix
CLASS	asl	net/minecraft/world/gen/layer/GenLayerShore
CLASS	asm	net/minecraft/world/gen/layer/GenLayerSmooth
CLASS	asq	net/minecraft/world/gen/layer/GenLayerVoronoiZoom
CLASS	asr	net/minecraft/world/gen/layer/GenLayerZoom
CLASS	asu	net/minecraft/pathfinding/Path
CLASS	asv	net/minecraft/pathfinding/PathPoint
CLASS	asw	net/minecraft/world/pathfinder/NodeProcessor
CLASS	asx	net/minecraft/pathfinding/PathEntity
CLASS	asy	net/minecraft/pathfinding/PathFinder
CLASS	asz	net/minecraft/world/pathfinder/SwimNodeProcessor
CLASS	at	net/minecraft/command/server/CommandPardonPlayer
CLASS	ata	net/minecraft/world/pathfinder/WalkNodeProcessor
CLASS	ate	net/minecraft/world/WorldSavedData
CLASS	atf	net/minecraft/util/Vec4b
CLASS	atg	net/minecraft/world/storage/MapData
CLASS	atg$a	net/minecraft/world/storage/MapData$MapInfo
CLASS	atj	net/minecraft/world/chunk/storage/AnvilSaveHandler
CLASS	atk	net/minecraft/world/chunk/storage/AnvilSaveConverter
CLASS	atk$1	net/minecraft/world/chunk/storage/AnvilSaveConverter$1
CLASS	atl	net/minecraft/world/storage/DerivedWorldInfo
CLASS	atm	net/minecraft/world/storage/SaveHandler
CLASS	atn	net/minecraft/world/storage/SaveFormatOld
CLASS	ato	net/minecraft/world/storage/WorldInfo
CLASS	ato$1	net/minecraft/world/storage/WorldInfo$1
CLASS	ato$2	net/minecraft/world/storage/WorldInfo$2
CLASS	ato$3	net/minecraft/world/storage/WorldInfo$3
CLASS	ato$4	net/minecraft/world/storage/WorldInfo$4
CLASS	ato$5	net/minecraft/world/storage/WorldInfo$5
CLASS	ato$6	net/minecraft/world/storage/WorldInfo$6
CLASS	ato$7	net/minecraft/world/storage/WorldInfo$7
CLASS	ato$8	net/minecraft/world/storage/WorldInfo$8
CLASS	ato$9	net/minecraft/world/storage/WorldInfo$9
CLASS	atp	net/minecraft/world/storage/ISaveHandler
CLASS	atq	net/minecraft/client/AnvilConverterException
CLASS	atr	net/minecraft/world/storage/ISaveFormat
CLASS	ats	net/minecraft/world/storage/SaveFormatComparator
CLASS	atx	net/minecraft/world/storage/SaveHandlerMP
CLASS	aty	net/minecraft/world/storage/IPlayerFileData
CLASS	atz	net/minecraft/world/storage/SaveDataMemoryStorage
CLASS	au	net/minecraft/command/CommandParticle
CLASS	aua	net/minecraft/world/storage/MapStorage
CLASS	auc	net/minecraft/world/storage/ThreadedFileIOBase
CLASS	aud	net/minecraft/world/storage/IThreadedFileIO
CLASS	aug	net/minecraft/util/AxisAlignedBB
CLASS	auh	net/minecraft/util/MovingObjectPosition
CLASS	auh$a	net/minecraft/util/MovingObjectPosition$MovingObjectType
CLASS	aui	net/minecraft/util/Vec3
CLASS	auk	net/minecraft/scoreboard/ScoreObjective
CLASS	aul	net/minecraft/scoreboard/ScorePlayerTeam
CLASS	aum	net/minecraft/scoreboard/Score
CLASS	aum$1	net/minecraft/scoreboard/Score$1
CLASS	auo	net/minecraft/scoreboard/Scoreboard
CLASS	aup	net/minecraft/scoreboard/ScoreboardSaveData
CLASS	auq	net/minecraft/scoreboard/Team
CLASS	auq$a	net/minecraft/scoreboard/Team$EnumVisible
CLASS	aur	net/minecraft/scoreboard/GoalColor
CLASS	aus	net/minecraft/scoreboard/ScoreDummyCriteria
CLASS	aut	net/minecraft/scoreboard/ScoreHealthCriteria
CLASS	auu	net/minecraft/scoreboard/IScoreObjectiveCriteria
CLASS	auu$a	net/minecraft/scoreboard/IScoreObjectiveCriteria$EnumRenderType
CLASS	auv	net/minecraft/stats/ObjectiveStat
CLASS	auz	net/minecraft/client/renderer/ActiveRenderInfo
CLASS	av	net/minecraft/command/CommandPlaySound
CLASS	ava	net/minecraft/client/gui/ChatLine
CLASS	avb	net/minecraft/client/settings/KeyBinding
CLASS	avc	net/minecraft/client/renderer/RenderHelper
CLASS	avd	net/minecraft/client/renderer/GLAllocation
CLASS	ave	net/minecraft/client/Minecraft
CLASS	ave$1	net/minecraft/client/Minecraft$1
CLASS	ave$10	net/minecraft/client/Minecraft$10
CLASS	ave$11	net/minecraft/client/Minecraft$11
CLASS	ave$12	net/minecraft/client/Minecraft$12
CLASS	ave$13	net/minecraft/client/Minecraft$13
CLASS	ave$14	net/minecraft/client/Minecraft$14
CLASS	ave$15	net/minecraft/client/Minecraft$15
CLASS	ave$16	net/minecraft/client/Minecraft$16
CLASS	ave$17	net/minecraft/client/Minecraft$17
CLASS	ave$18	net/minecraft/client/Minecraft$18
CLASS	ave$2	net/minecraft/client/Minecraft$2
CLASS	ave$3	net/minecraft/client/Minecraft$3
CLASS	ave$4	net/minecraft/client/Minecraft$4
CLASS	ave$5	net/minecraft/client/Minecraft$5
CLASS	ave$6	net/minecraft/client/Minecraft$6
CLASS	ave$7	net/minecraft/client/Minecraft$7
CLASS	ave$8	net/minecraft/client/Minecraft$8
CLASS	ave$9	net/minecraft/client/Minecraft$9
CLASS	avf	net/minecraft/util/MouseHelper
CLASS	avh	net/minecraft/client/settings/GameSettings
CLASS	avh$1	net/minecraft/client/settings/GameSettings$1
CLASS	avh$2	net/minecraft/client/settings/GameSettings$2
CLASS	avh$a	net/minecraft/client/settings/GameSettings$Options
CLASS	avi	net/minecraft/client/LoadingScreenRenderer
CLASS	avj	net/minecraft/util/ScreenShotHelper
CLASS	avk	net/minecraft/util/MinecraftError
CLASS	avl	net/minecraft/util/Timer
CLASS	avm	net/minecraft/util/Session
CLASS	avm$a	net/minecraft/util/Session$Type
CLASS	avn	net/minecraft/client/gui/FontRenderer
CLASS	avo	net/minecraft/client/gui/GuiIngame
CLASS	avo$1	net/minecraft/client/gui/GuiIngame$1
CLASS	avp	net/minecraft/client/gui/Gui
CLASS	avq	net/minecraft/client/gui/MapItemRenderer
CLASS	avq$1	net/minecraft/client/gui/MapItemRenderer$1
CLASS	avq$a	net/minecraft/client/gui/MapItemRenderer$Instance
CLASS	avr	net/minecraft/client/gui/ScaledResolution
CLASS	avs	net/minecraft/client/gui/GuiButton
CLASS	avt	net/minecraft/client/gui/GuiNewChat
CLASS	avu	net/minecraft/client/gui/GuiUtilRenderComponents
CLASS	avv	net/minecraft/client/gui/GuiOverlayDebug
CLASS	avv$1	net/minecraft/client/gui/GuiOverlayDebug$1
CLASS	avw	net/minecraft/client/gui/GuiTextField
CLASS	avx	net/minecraft/client/gui/GuiSlider
CLASS	avx$a	net/minecraft/client/gui/GuiSlider$FormatHelper
CLASS	avy	net/minecraft/client/gui/GuiLabel
CLASS	avz	net/minecraft/client/gui/GuiButtonLanguage
CLASS	aw	net/minecraft/command/server/CommandPublishLocalServer
CLASS	awb	net/minecraft/client/gui/GuiListButton
CLASS	awc	net/minecraft/client/gui/GuiLockIconButton
CLASS	awc$a	net/minecraft/client/gui/GuiLockIconButton$Icon
CLASS	awd	net/minecraft/client/gui/GuiListExtended
CLASS	awd$a	net/minecraft/client/gui/GuiListExtended$IGuiListEntry
CLASS	awe	net/minecraft/client/gui/GuiOptionButton
CLASS	awf	net/minecraft/client/gui/GuiOptionsRowList
CLASS	awf$a	net/minecraft/client/gui/GuiOptionsRowList$Row
CLASS	awg	net/minecraft/client/gui/GuiPageButtonList
CLASS	awg$a	net/minecraft/client/gui/GuiPageButtonList$GuiButtonEntry
CLASS	awg$b	net/minecraft/client/gui/GuiPageButtonList$GuiResponder
CLASS	awg$c	net/minecraft/client/gui/GuiPageButtonList$EditBoxEntry
CLASS	awg$d	net/minecraft/client/gui/GuiPageButtonList$GuiEntry
CLASS	awg$e	net/minecraft/client/gui/GuiPageButtonList$GuiLabelEntry
CLASS	awg$f	net/minecraft/client/gui/GuiPageButtonList$GuiListEntry
CLASS	awg$g	net/minecraft/client/gui/GuiPageButtonList$GuiSlideEntry
CLASS	awh	net/minecraft/client/gui/GuiPlayerTabOverlay
CLASS	awh$1	net/minecraft/client/gui/GuiPlayerTabOverlay$1
CLASS	awh$a	net/minecraft/client/gui/GuiPlayerTabOverlay$PlayerComparator
CLASS	awi	net/minecraft/client/gui/GuiSlot
CLASS	awj	net/minecraft/client/gui/GuiOptionSlider
CLASS	awk	net/minecraft/client/gui/GuiStreamIndicator
CLASS	awm	net/minecraft/client/gui/GuiSpectator
CLASS	awp	net/minecraft/client/gui/GuiButtonRealmsProxy
CLASS	awq	net/minecraft/client/gui/GuiClickableScrolledSelectionListProxy
CLASS	awr	net/minecraft/client/gui/GuiScreenRealmsProxy
CLASS	aws	net/minecraft/client/gui/GuiSlotRealmsProxy
CLASS	awt	net/minecraft/client/gui/GuiSimpleScrolledSelectionListProxy
CLASS	awu	net/minecraft/client/gui/ScreenChatOptions
CLASS	awv	net/minecraft/client/gui/GuiChat
CLASS	aww	net/minecraft/client/gui/GuiConfirmOpenLink
CLASS	awx	net/minecraft/client/gui/GuiYesNoCallback
CLASS	awy	net/minecraft/client/gui/GuiYesNo
CLASS	awz	net/minecraft/client/multiplayer/GuiConnecting
CLASS	awz$1	net/minecraft/client/multiplayer/GuiConnecting$1
CLASS	ax	net/minecraft/command/CommandReplaceItem
CLASS	axa	net/minecraft/client/gui/GuiCreateFlatWorld
CLASS	axa$a	net/minecraft/client/gui/GuiCreateFlatWorld$Details
CLASS	axb	net/minecraft/client/gui/GuiCreateWorld
CLASS	axc	net/minecraft/client/gui/GuiScreenCustomizePresets
CLASS	axc$a	net/minecraft/client/gui/GuiScreenCustomizePresets$Info
CLASS	axc$b	net/minecraft/client/gui/GuiScreenCustomizePresets$ListPreset
CLASS	axd	net/minecraft/client/gui/GuiCustomizeWorldScreen
CLASS	axd$1	net/minecraft/client/gui/GuiCustomizeWorldScreen$1
CLASS	axe	net/minecraft/client/gui/GuiGameOver
CLASS	axf	net/minecraft/client/gui/GuiScreenDemo
CLASS	axg	net/minecraft/client/gui/GuiScreenServerList
CLASS	axh	net/minecraft/client/gui/GuiDisconnected
CLASS	axi	net/minecraft/client/gui/GuiScreenAddServer
CLASS	axi$1	net/minecraft/client/gui/GuiScreenAddServer$1
CLASS	axj	net/minecraft/client/gui/GuiErrorScreen
CLASS	axk	net/minecraft/client/gui/GuiSleepMP
CLASS	axl	net/minecraft/client/gui/GuiLanguage
CLASS	axl$a	net/minecraft/client/gui/GuiLanguage$List
CLASS	axn	net/minecraft/client/gui/GuiOptions
CLASS	axn$1	net/minecraft/client/gui/GuiOptions$1
CLASS	axo	net/minecraft/client/gui/GuiMemoryErrorScreen
CLASS	axp	net/minecraft/client/gui/GuiIngameMenu
CLASS	axq	net/minecraft/client/gui/GuiFlatPresets
CLASS	axq$a	net/minecraft/client/gui/GuiFlatPresets$LayerItem
CLASS	axq$b	net/minecraft/client/gui/GuiFlatPresets$ListSlot
CLASS	axr	net/minecraft/client/gui/GuiScreenWorking
CLASS	axs	net/minecraft/client/gui/GuiDownloadTerrain
CLASS	axt	net/minecraft/client/gui/GuiRenameWorld
CLASS	axu	net/minecraft/client/gui/GuiScreen
CLASS	axv	net/minecraft/client/gui/GuiSelectWorld
CLASS	axv$a	net/minecraft/client/gui/GuiSelectWorld$List
CLASS	axw	net/minecraft/client/gui/GuiShareToLan
CLASS	axx	net/minecraft/client/gui/GuiCustomizeSkin
CLASS	axx$1	net/minecraft/client/gui/GuiCustomizeSkin$1
CLASS	axx$a	net/minecraft/client/gui/GuiCustomizeSkin$ButtonPart
CLASS	axy	net/minecraft/client/gui/GuiSnooper
CLASS	axy$a	net/minecraft/client/gui/GuiSnooper$List
CLASS	axz	net/minecraft/client/gui/GuiScreenOptionsSounds
CLASS	axz$a	net/minecraft/client/gui/GuiScreenOptionsSounds$Button
CLASS	ay	net/minecraft/command/server/CommandSaveAll
CLASS	aya	net/minecraft/client/gui/GuiMainMenu
CLASS	ayb	net/minecraft/client/gui/GuiVideoSettings
CLASS	ayc	net/minecraft/client/gui/GuiWinGame
CLASS	ayd	net/minecraft/client/gui/achievement/GuiAchievement
CLASS	aye	net/minecraft/client/gui/achievement/GuiAchievements
CLASS	ayf	net/minecraft/client/gui/achievement/GuiStats
CLASS	ayf$a	net/minecraft/client/gui/achievement/GuiStats$StatsBlock
CLASS	ayf$a$1	net/minecraft/client/gui/achievement/GuiStats$StatsBlock$1
CLASS	ayf$b	net/minecraft/client/gui/achievement/GuiStats$StatsGeneral
CLASS	ayf$c	net/minecraft/client/gui/achievement/GuiStats$StatsItem
CLASS	ayf$c$1	net/minecraft/client/gui/achievement/GuiStats$StatsItem$1
CLASS	ayf$d	net/minecraft/client/gui/achievement/GuiStats$StatsMobsList
CLASS	ayf$e	net/minecraft/client/gui/achievement/GuiStats$Stats
CLASS	ayg	net/minecraft/client/gui/IProgressMeter
CLASS	ayi	net/minecraft/client/gui/GuiKeyBindingList
CLASS	ayi$1	net/minecraft/client/gui/GuiKeyBindingList$1
CLASS	ayi$a	net/minecraft/client/gui/GuiKeyBindingList$CategoryEntry
CLASS	ayi$b	net/minecraft/client/gui/GuiKeyBindingList$KeyEntry
CLASS	ayj	net/minecraft/client/gui/GuiControls
CLASS	ayl	net/minecraft/client/gui/inventory/GuiContainer
CLASS	aym	net/minecraft/client/gui/GuiRepair
CLASS	ayn	net/minecraft/client/gui/inventory/GuiBeacon
CLASS	ayn$a	net/minecraft/client/gui/inventory/GuiBeacon$CancelButton
CLASS	ayn$b	net/minecraft/client/gui/inventory/GuiBeacon$ConfirmButton
CLASS	ayn$c	net/minecraft/client/gui/inventory/GuiBeacon$PowerButton
CLASS	ayn$d	net/minecraft/client/gui/inventory/GuiBeacon$Button
CLASS	ayo	net/minecraft/client/gui/GuiScreenBook
CLASS	ayo$a	net/minecraft/client/gui/GuiScreenBook$NextPageButton
CLASS	ayp	net/minecraft/client/gui/inventory/GuiBrewingStand
CLASS	ayq	net/minecraft/client/gui/GuiCommandBlock
CLASS	ayr	net/minecraft/client/gui/inventory/GuiChest
CLASS	ays	net/minecraft/client/gui/inventory/GuiCrafting
CLASS	ayt	net/minecraft/client/gui/inventory/CreativeCrafting
CLASS	ayu	net/minecraft/client/gui/inventory/GuiContainerCreative
CLASS	ayu$a	net/minecraft/client/gui/inventory/GuiContainerCreative$ContainerCreative
CLASS	ayu$b	net/minecraft/client/gui/inventory/GuiContainerCreative$CreativeSlot
CLASS	ayv	net/minecraft/client/gui/inventory/GuiDispenser
CLASS	ayw	net/minecraft/client/renderer/InventoryEffectRenderer
CLASS	ayx	net/minecraft/util/EnchantmentNameParts
CLASS	ayy	net/minecraft/client/gui/GuiEnchantment
CLASS	ayz	net/minecraft/client/gui/inventory/GuiFurnace
CLASS	az	net/minecraft/command/server/CommandSaveOff
CLASS	aza	net/minecraft/client/gui/GuiHopper
CLASS	azb	net/minecraft/client/gui/inventory/GuiScreenHorseInventory
CLASS	azc	net/minecraft/client/gui/inventory/GuiInventory
CLASS	azd	net/minecraft/client/gui/GuiMerchant
CLASS	azd$a	net/minecraft/client/gui/GuiMerchant$MerchantButton
CLASS	aze	net/minecraft/client/gui/inventory/GuiEditSign
CLASS	azh	net/minecraft/client/gui/GuiMultiplayer
CLASS	azi	net/minecraft/client/gui/ServerListEntryLanScan
CLASS	azj	net/minecraft/client/gui/ServerListEntryLanDetected
CLASS	azk	net/minecraft/client/gui/ServerListEntryNormal
CLASS	azk$1	net/minecraft/client/gui/ServerListEntryNormal$1
CLASS	azl	net/minecraft/client/gui/ServerSelectionList
CLASS	azo	net/minecraft/client/gui/GuiScreenResourcePacks
CLASS	azp	net/minecraft/client/resources/ResourcePackListEntry
CLASS	azp$1	net/minecraft/client/resources/ResourcePackListEntry$1
CLASS	azq	net/minecraft/client/resources/ResourcePackListEntryDefault
CLASS	azr	net/minecraft/client/resources/ResourcePackListEntryFound
CLASS	azt	net/minecraft/client/gui/GuiResourcePackAvailable
CLASS	azu	net/minecraft/client/gui/GuiResourcePackList
CLASS	azv	net/minecraft/client/gui/GuiResourcePackSelected
CLASS	azy	net/minecraft/client/gui/stream/GuiIngestServers
CLASS	azy$a	net/minecraft/client/gui/stream/GuiIngestServers$ServerList
CLASS	azz	net/minecraft/client/gui/stream/GuiStreamOptions
CLASS	b	net/minecraft/crash/CrashReport
CLASS	b$1	net/minecraft/crash/CrashReport$1
CLASS	b$2	net/minecraft/crash/CrashReport$2
CLASS	b$3	net/minecraft/crash/CrashReport$3
CLASS	b$4	net/minecraft/crash/CrashReport$4
CLASS	b$5	net/minecraft/crash/CrashReport$5
CLASS	b$6	net/minecraft/crash/CrashReport$6
CLASS	b$7	net/minecraft/crash/CrashReport$7
CLASS	ba	net/minecraft/command/server/CommandSaveOn
CLASS	baa	net/minecraft/client/gui/stream/GuiStreamUnavailable
CLASS	baa$1	net/minecraft/client/gui/stream/GuiStreamUnavailable$1
CLASS	baa$a	net/minecraft/client/gui/stream/GuiStreamUnavailable$Reason
CLASS	bab	net/minecraft/client/gui/stream/GuiTwitchUserMode
CLASS	bad	net/minecraft/client/gui/spectator/PlayerMenuObject
CLASS	bae	net/minecraft/client/gui/spectator/BaseSpectatorGroup
CLASS	baf	net/minecraft/client/gui/spectator/SpectatorMenu
CLASS	baf$1	net/minecraft/client/gui/spectator/SpectatorMenu$1
CLASS	baf$a	net/minecraft/client/gui/spectator/SpectatorMenu$EndSpectatorObject
CLASS	baf$b	net/minecraft/client/gui/spectator/SpectatorMenu$MoveMenuObject
CLASS	bag	net/minecraft/client/gui/spectator/ISpectatorMenuView
CLASS	bah	net/minecraft/client/gui/spectator/ISpectatorMenuObject
CLASS	bai	net/minecraft/client/gui/spectator/ISpectatorMenuRecipient
CLASS	baj	net/minecraft/client/gui/spectator/categories/SpectatorDetails
CLASS	bak	net/minecraft/client/gui/spectator/categories/TeleportToPlayer
CLASS	bak$1	net/minecraft/client/gui/spectator/categories/TeleportToPlayer$1
CLASS	bal	net/minecraft/client/gui/spectator/categories/TeleportToTeam
CLASS	bal$a	net/minecraft/client/gui/spectator/categories/TeleportToTeam$TeamSelectionObject
CLASS	bao	net/minecraft/client/main/GameConfiguration
CLASS	bao$a	net/minecraft/client/main/GameConfiguration$DisplayInformation
CLASS	bao$b	net/minecraft/client/main/GameConfiguration$FolderInformation
CLASS	bao$c	net/minecraft/client/main/GameConfiguration$GameInformation
CLASS	bao$d	net/minecraft/client/main/GameConfiguration$ServerInformation
CLASS	bao$e	net/minecraft/client/main/GameConfiguration$UserInformation
CLASS	bas	net/minecraft/client/model/ModelArmorStandArmor
CLASS	bat	net/minecraft/client/model/ModelArmorStand
CLASS	bau	net/minecraft/client/model/ModelBanner
CLASS	bav	net/minecraft/client/model/ModelBat
CLASS	baw	net/minecraft/client/model/ModelBlaze
CLASS	bax	net/minecraft/client/model/ModelBoat
CLASS	bay	net/minecraft/client/model/ModelBook
CLASS	baz	net/minecraft/client/model/ModelChest
CLASS	bb	net/minecraft/command/server/CommandBroadcast
CLASS	bba	net/minecraft/client/model/ModelChicken
CLASS	bbb	net/minecraft/client/model/ModelCow
CLASS	bbc	net/minecraft/client/model/ModelCreeper
CLASS	bbd	net/minecraft/client/model/ModelEnderman
CLASS	bbe	net/minecraft/client/model/ModelEnderMite
CLASS	bbf	net/minecraft/client/model/ModelGhast
CLASS	bbg	net/minecraft/client/model/ModelGuardian
CLASS	bbh	net/minecraft/client/model/ModelHorse
CLASS	bbi	net/minecraft/client/model/ModelHumanoidHead
CLASS	bbj	net/minecraft/client/model/ModelBiped
CLASS	bbk	net/minecraft/client/model/ModelLargeChest
CLASS	bbl	net/minecraft/client/model/ModelMagmaCube
CLASS	bbm	net/minecraft/client/model/ModelLeashKnot
CLASS	bbn	net/minecraft/client/model/ModelMinecart
CLASS	bbo	net/minecraft/client/model/ModelBase
CLASS	bbp	net/minecraft/client/model/ModelOcelot
CLASS	bbq	net/minecraft/client/model/ModelPig
CLASS	bbr	net/minecraft/client/model/ModelPlayer
CLASS	bbs	net/minecraft/client/model/TexturedQuad
CLASS	bbt	net/minecraft/client/model/ModelQuadruped
CLASS	bbu	net/minecraft/client/model/ModelRabbit
CLASS	bbv	net/minecraft/client/model/ModelSheep1
CLASS	bbw	net/minecraft/client/model/ModelSheep2
CLASS	bbx	net/minecraft/client/model/ModelSign
CLASS	bby	net/minecraft/client/model/ModelSilverfish
CLASS	bbz	net/minecraft/client/model/ModelSkeletonHead
CLASS	bc	net/minecraft/command/server/CommandScoreboard
CLASS	bca	net/minecraft/client/model/ModelSkeleton
CLASS	bcc	net/minecraft/client/model/ModelSlime
CLASS	bcd	net/minecraft/client/model/ModelSnowMan
CLASS	bce	net/minecraft/client/model/ModelSpider
CLASS	bcf	net/minecraft/client/model/ModelSquid
CLASS	bcg	net/minecraft/client/model/PositionTextureVertex
CLASS	bch	net/minecraft/client/model/ModelIronGolem
CLASS	bci	net/minecraft/client/model/ModelVillager
CLASS	bcj	net/minecraft/client/model/ModelZombieVillager
CLASS	bck	net/minecraft/client/model/ModelWitch
CLASS	bcl	net/minecraft/client/model/ModelWither
CLASS	bcm	net/minecraft/client/model/ModelWolf
CLASS	bcn	net/minecraft/client/model/ModelZombie
CLASS	bco	net/minecraft/client/model/ModelDragon
CLASS	bcp	net/minecraft/client/model/ModelEnderCrystal
CLASS	bcr	net/minecraft/client/model/ModelBox
CLASS	bct	net/minecraft/client/model/ModelRenderer
CLASS	bcu	net/minecraft/client/model/TextureOffset
CLASS	bcx	net/minecraft/client/network/NetHandlerLoginClient
CLASS	bcx$1	net/minecraft/client/network/NetHandlerLoginClient$1
CLASS	bcy	net/minecraft/client/network/NetHandlerPlayClient
CLASS	bcy$1	net/minecraft/client/network/NetHandlerPlayClient$1
CLASS	bcy$2	net/minecraft/client/network/NetHandlerPlayClient$2
CLASS	bcy$3	net/minecraft/client/network/NetHandlerPlayClient$3
CLASS	bcy$3$1	net/minecraft/client/network/NetHandlerPlayClient$3$1
CLASS	bcy$3$1$1	net/minecraft/client/network/NetHandlerPlayClient$3$1$1
CLASS	bcy$4	net/minecraft/client/network/NetHandlerPlayClient$4
CLASS	bcz	net/minecraft/client/multiplayer/ChunkProviderClient
CLASS	bd	net/minecraft/command/ServerCommandManager
CLASS	bda	net/minecraft/client/multiplayer/PlayerControllerMP
CLASS	bdb	net/minecraft/client/multiplayer/WorldClient
CLASS	bdb$1	net/minecraft/client/multiplayer/WorldClient$1
CLASS	bdb$2	net/minecraft/client/multiplayer/WorldClient$2
CLASS	bdb$3	net/minecraft/client/multiplayer/WorldClient$3
CLASS	bdb$4	net/minecraft/client/multiplayer/WorldClient$4
CLASS	bdc	net/minecraft/client/network/NetworkPlayerInfo
CLASS	bdc$1	net/minecraft/client/network/NetworkPlayerInfo$1
CLASS	bdc$2	net/minecraft/client/network/NetworkPlayerInfo$2
CLASS	bdd	net/minecraft/client/multiplayer/ServerAddress
CLASS	bde	net/minecraft/client/multiplayer/ServerData
CLASS	bde$a	net/minecraft/client/multiplayer/ServerData$ServerResourceMode
CLASS	bdf	net/minecraft/client/multiplayer/ServerList
CLASS	bdg	net/minecraft/client/network/OldServerPinger
CLASS	bdg$1	net/minecraft/client/network/OldServerPinger$1
CLASS	bdg$2	net/minecraft/client/network/OldServerPinger$2
CLASS	bdg$2$1	net/minecraft/client/network/OldServerPinger$2$1
CLASS	bdj	net/minecraft/client/particle/Barrier
CLASS	bdj$a	net/minecraft/client/particle/Barrier$Factory
CLASS	bdk	net/minecraft/client/particle/EntityBreakingFX
CLASS	bdk$a	net/minecraft/client/particle/EntityBreakingFX$Factory
CLASS	bdk$b	net/minecraft/client/particle/EntityBreakingFX$SlimeFactory
CLASS	bdk$c	net/minecraft/client/particle/EntityBreakingFX$SnowballFactory
CLASS	bdl	net/minecraft/client/particle/EntityBubbleFX
CLASS	bdl$a	net/minecraft/client/particle/EntityBubbleFX$Factory
CLASS	bdm	net/minecraft/client/particle/EntityCrit2FX
CLASS	bdm$a	net/minecraft/client/particle/EntityCrit2FX$MagicFactory
CLASS	bdm$b	net/minecraft/client/particle/EntityCrit2FX$Factory
CLASS	bdn	net/minecraft/client/particle/EntityDropParticleFX
CLASS	bdn$a	net/minecraft/client/particle/EntityDropParticleFX$LavaFactory
CLASS	bdn$b	net/minecraft/client/particle/EntityDropParticleFX$WaterFactory
CLASS	bdo	net/minecraft/client/particle/EntityEnchantmentTableParticleFX
CLASS	bdo$a	net/minecraft/client/particle/EntityEnchantmentTableParticleFX$EnchantmentTable
CLASS	bdp	net/minecraft/client/particle/EntityExplodeFX
CLASS	bdp$a	net/minecraft/client/particle/EntityExplodeFX$Factory
CLASS	bdq	net/minecraft/client/particle/EntityFirework
CLASS	bdq$a	net/minecraft/client/particle/EntityFirework$OverlayFX
CLASS	bdq$b	net/minecraft/client/particle/EntityFirework$SparkFX
CLASS	bdq$c	net/minecraft/client/particle/EntityFirework$StarterFX
CLASS	bdq$d	net/minecraft/client/particle/EntityFirework$Factory
CLASS	bdr	net/minecraft/client/particle/EntityFlameFX
CLASS	bdr$a	net/minecraft/client/particle/EntityFlameFX$Factory
CLASS	bds	net/minecraft/client/particle/EntityFootStepFX
CLASS	bds$a	net/minecraft/client/particle/EntityFootStepFX$Factory
CLASS	bdt	net/minecraft/client/particle/EntityHeartFX
CLASS	bdt$a	net/minecraft/client/particle/EntityHeartFX$AngryVillagerFactory
CLASS	bdt$b	net/minecraft/client/particle/EntityHeartFX$Factory
CLASS	bdu	net/minecraft/client/particle/EntityLargeExplodeFX
CLASS	bdu$a	net/minecraft/client/particle/EntityLargeExplodeFX$Factory
CLASS	bdv	net/minecraft/client/particle/EntityHugeExplodeFX
CLASS	bdv$a	net/minecraft/client/particle/EntityHugeExplodeFX$Factory
CLASS	bdw	net/minecraft/client/particle/EntityPickupFX
CLASS	bdx	net/minecraft/client/particle/EntityCritFX
CLASS	bdx$a	net/minecraft/client/particle/EntityCritFX$Factory
CLASS	bdy	net/minecraft/client/particle/EntityLavaFX
CLASS	bdy$a	net/minecraft/client/particle/EntityLavaFX$Factory
CLASS	bdz	net/minecraft/client/particle/MobAppearance
CLASS	bdz$a	net/minecraft/client/particle/MobAppearance$Factory
CLASS	be	net/minecraft/command/server/CommandSetBlock
CLASS	bea	net/minecraft/client/particle/EntityNoteFX
CLASS	bea$a	net/minecraft/client/particle/EntityNoteFX$Factory
CLASS	beb	net/minecraft/client/particle/EntityFX
CLASS	bec	net/minecraft/client/particle/EffectRenderer
CLASS	bec$1	net/minecraft/client/particle/EffectRenderer$1
CLASS	bec$2	net/minecraft/client/particle/EffectRenderer$2
CLASS	bec$3	net/minecraft/client/particle/EffectRenderer$3
CLASS	bec$4	net/minecraft/client/particle/EffectRenderer$4
CLASS	bed	net/minecraft/client/particle/IParticleFactory
CLASS	bee	net/minecraft/client/particle/EntityCloudFX
CLASS	bee$a	net/minecraft/client/particle/EntityCloudFX$Factory
CLASS	bef	net/minecraft/client/particle/EntityPortalFX
CLASS	bef$a	net/minecraft/client/particle/EntityPortalFX$Factory
CLASS	beg	net/minecraft/client/particle/EntityReddustFX
CLASS	beg$a	net/minecraft/client/particle/EntityReddustFX$Factory
CLASS	beh	net/minecraft/client/particle/EntitySmokeFX
CLASS	beh$1	net/minecraft/client/particle/EntitySmokeFX$1
CLASS	beh$a	net/minecraft/client/particle/EntitySmokeFX$Factory
CLASS	bei	net/minecraft/client/particle/EntitySnowShovelFX
CLASS	bei$a	net/minecraft/client/particle/EntitySnowShovelFX$Factory
CLASS	bej	net/minecraft/client/particle/EntitySpellParticleFX
CLASS	bej$a	net/minecraft/client/particle/EntitySpellParticleFX$AmbientMobFactory
CLASS	bej$b	net/minecraft/client/particle/EntitySpellParticleFX$InstantFactory
CLASS	bej$c	net/minecraft/client/particle/EntitySpellParticleFX$MobFactory
CLASS	bej$d	net/minecraft/client/particle/EntitySpellParticleFX$Factory
CLASS	bej$e	net/minecraft/client/particle/EntitySpellParticleFX$WitchFactory
CLASS	bek	net/minecraft/client/particle/EntitySplashFX
CLASS	bek$a	net/minecraft/client/particle/EntitySplashFX$Factory
CLASS	bel	net/minecraft/client/particle/EntitySuspendFX
CLASS	bel$a	net/minecraft/client/particle/EntitySuspendFX$Factory
CLASS	bem	net/minecraft/client/particle/EntityAuraFX
CLASS	bem$a	net/minecraft/client/particle/EntityAuraFX$HappyVillagerFactory
CLASS	bem$b	net/minecraft/client/particle/EntityAuraFX$Factory
CLASS	ben	net/minecraft/client/particle/EntityBlockDustFX
CLASS	ben$a	net/minecraft/client/particle/EntityBlockDustFX$Factory
CLASS	beo	net/minecraft/client/particle/EntityDiggingFX
CLASS	beo$a	net/minecraft/client/particle/EntityDiggingFX$Factory
CLASS	bep	net/minecraft/client/particle/EntityParticleEmitter
CLASS	beq	net/minecraft/client/particle/EntityFishWakeFX
CLASS	beq$a	net/minecraft/client/particle/EntityFishWakeFX$Factory
CLASS	ber	net/minecraft/client/particle/EntityRainFX
CLASS	ber$a	net/minecraft/client/particle/EntityRainFX$Factory
CLASS	bet	net/minecraft/client/entity/AbstractClientPlayer
CLASS	beu	net/minecraft/util/MovementInput
CLASS	bev	net/minecraft/util/MovementInputFromOptions
CLASS	bew	net/minecraft/client/entity/EntityPlayerSP
CLASS	bex	net/minecraft/client/entity/EntityOtherPlayerMP
CLASS	bey	net/minecraft/client/player/inventory/LocalBlockIntercommunication
CLASS	bez	net/minecraft/client/player/inventory/ContainerLocalMenu
CLASS	bf	net/minecraft/command/server/CommandSetDefaultSpawnpoint
CLASS	bfc	net/minecraft/entity/boss/BossStatus
CLASS	bfd	net/minecraft/client/renderer/WorldRenderer
CLASS	bfd$1	net/minecraft/client/renderer/WorldRenderer$1
CLASS	bfd$2	net/minecraft/client/renderer/WorldRenderer$2
CLASS	bfd$a	net/minecraft/client/renderer/WorldRenderer$State
CLASS	bfe	net/minecraft/client/renderer/WorldVertexBufferUploader
CLASS	bfe$1	net/minecraft/client/renderer/WorldVertexBufferUploader$1
CLASS	bff	net/minecraft/client/renderer/RegionRenderCache
CLASS	bfg	net/minecraft/client/renderer/RegionRenderCacheBuilder
CLASS	bfh	net/minecraft/client/renderer/ChunkRenderContainer
CLASS	bfi	net/minecraft/client/renderer/tileentity/TileEntityItemStackRenderer
CLASS	bfj	net/minecraft/client/renderer/EnumFaceDirection
CLASS	bfj$1	net/minecraft/client/renderer/EnumFaceDirection$1
CLASS	bfj$a	net/minecraft/client/renderer/EnumFaceDirection$Constants
CLASS	bfj$b	net/minecraft/client/renderer/EnumFaceDirection$VertexInformation
CLASS	bfk	net/minecraft/client/renderer/EntityRenderer
CLASS	bfk$1	net/minecraft/client/renderer/EntityRenderer$1
CLASS	bfk$2	net/minecraft/client/renderer/EntityRenderer$2
CLASS	bfk$3	net/minecraft/client/renderer/EntityRenderer$3
CLASS	bfk$4	net/minecraft/client/renderer/EntityRenderer$4
CLASS	bfl	net/minecraft/client/renderer/GlStateManager
CLASS	bfl$1	net/minecraft/client/renderer/GlStateManager$1
CLASS	bfl$a	net/minecraft/client/renderer/GlStateManager$AlphaState
CLASS	bfl$b	net/minecraft/client/renderer/GlStateManager$BlendState
CLASS	bfl$c	net/minecraft/client/renderer/GlStateManager$BooleanState
CLASS	bfl$d	net/minecraft/client/renderer/GlStateManager$ClearState
CLASS	bfl$e	net/minecraft/client/renderer/GlStateManager$Color
CLASS	bfl$f	net/minecraft/client/renderer/GlStateManager$ColorLogicState
CLASS	bfl$g	net/minecraft/client/renderer/GlStateManager$ColorMask
CLASS	bfl$h	net/minecraft/client/renderer/GlStateManager$ColorMaterialState
CLASS	bfl$i	net/minecraft/client/renderer/GlStateManager$CullState
CLASS	bfl$j	net/minecraft/client/renderer/GlStateManager$DepthState
CLASS	bfl$k	net/minecraft/client/renderer/GlStateManager$FogState
CLASS	bfl$l	net/minecraft/client/renderer/GlStateManager$PolygonOffsetState
CLASS	bfl$m	net/minecraft/client/renderer/GlStateManager$StencilFunc
CLASS	bfl$n	net/minecraft/client/renderer/GlStateManager$StencilState
CLASS	bfl$o	net/minecraft/client/renderer/GlStateManager$TexGen
CLASS	bfl$p	net/minecraft/client/renderer/GlStateManager$TexGenCoord
CLASS	bfl$q	net/minecraft/client/renderer/GlStateManager$TexGenState
CLASS	bfl$r	net/minecraft/client/renderer/GlStateManager$TextureState
CLASS	bfm	net/minecraft/client/renderer/IImageBuffer
CLASS	bfn	net/minecraft/client/renderer/ItemRenderer
CLASS	bfn$1	net/minecraft/client/renderer/ItemRenderer$1
CLASS	bfo	net/minecraft/client/renderer/ItemModelMesher
CLASS	bfp	net/minecraft/client/renderer/ItemMeshDefinition
CLASS	bfr	net/minecraft/client/renderer/RenderGlobal
CLASS	bfr$1	net/minecraft/client/renderer/RenderGlobal$1
CLASS	bfr$2	net/minecraft/client/renderer/RenderGlobal$2
CLASS	bfr$a	net/minecraft/client/renderer/RenderGlobal$ContainerLocalRenderInformation
CLASS	bfs	net/minecraft/client/renderer/ImageBufferDownload
CLASS	bft	net/minecraft/client/renderer/RenderList
CLASS	bfw	net/minecraft/client/shader/Framebuffer
CLASS	bfx	net/minecraft/client/renderer/Tessellator
CLASS	bfy	net/minecraft/client/renderer/VboRenderList
CLASS	bfz	net/minecraft/client/renderer/VertexBufferUploader
CLASS	bg	net/minecraft/command/CommandSetPlayerTimeout
CLASS	bga	net/minecraft/client/renderer/ViewFrustum
CLASS	bgb	net/minecraft/client/renderer/ChestRenderer
CLASS	bgc	net/minecraft/client/renderer/BlockModelShapes
CLASS	bgc$1	net/minecraft/client/renderer/BlockModelShapes$1
CLASS	bgc$2	net/minecraft/client/renderer/BlockModelShapes$2
CLASS	bgc$3	net/minecraft/client/renderer/BlockModelShapes$3
CLASS	bgc$4	net/minecraft/client/renderer/BlockModelShapes$4
CLASS	bgc$5	net/minecraft/client/renderer/BlockModelShapes$5
CLASS	bgc$6	net/minecraft/client/renderer/BlockModelShapes$6
CLASS	bgc$7	net/minecraft/client/renderer/BlockModelShapes$7
CLASS	bgc$8	net/minecraft/client/renderer/BlockModelShapes$8
CLASS	bgd	net/minecraft/client/renderer/BlockRendererDispatcher
CLASS	bge	net/minecraft/client/renderer/BlockFluidRenderer
CLASS	bgf	net/minecraft/client/renderer/BlockModelRenderer
CLASS	bgf$1	net/minecraft/client/renderer/BlockModelRenderer$1
CLASS	bgf$a	net/minecraft/client/renderer/BlockModelRenderer$EnumNeighborInfo
CLASS	bgf$b	net/minecraft/client/renderer/BlockModelRenderer$AmbientOcclusionFace
CLASS	bgf$c	net/minecraft/client/renderer/BlockModelRenderer$VertexTranslations
CLASS	bgf$d	net/minecraft/client/renderer/BlockModelRenderer$Orientation
CLASS	bgg	net/minecraft/client/renderer/block/model/BakedQuad
CLASS	bgh	net/minecraft/client/renderer/block/model/BlockPart
CLASS	bgh$1	net/minecraft/client/renderer/block/model/BlockPart$1
CLASS	bgh$a	net/minecraft/client/renderer/block/model/BlockPart$Deserializer
CLASS	bgi	net/minecraft/client/renderer/block/model/BlockPartFace
CLASS	bgi$a	net/minecraft/client/renderer/block/model/BlockPartFace$Deserializer
CLASS	bgj	net/minecraft/client/renderer/block/model/BlockPartRotation
CLASS	bgk	net/minecraft/client/renderer/block/model/BlockFaceUV
CLASS	bgk$a	net/minecraft/client/renderer/block/model/BlockFaceUV$Deserializer
CLASS	bgl	net/minecraft/client/renderer/block/model/ModelBlock
CLASS	bgl$1	net/minecraft/client/renderer/block/model/ModelBlock$1
CLASS	bgl$a	net/minecraft/client/renderer/block/model/ModelBlock$Bookkeep
CLASS	bgl$b	net/minecraft/client/renderer/block/model/ModelBlock$Deserializer
CLASS	bgl$c	net/minecraft/client/renderer/block/model/ModelBlock$LoopException
CLASS	bgm	net/minecraft/client/renderer/block/model/ModelBlockDefinition
CLASS	bgm$a	net/minecraft/client/renderer/block/model/ModelBlockDefinition$Deserializer
CLASS	bgm$b	net/minecraft/client/renderer/block/model/ModelBlockDefinition$MissingVariantException
CLASS	bgm$c	net/minecraft/client/renderer/block/model/ModelBlockDefinition$Variant
CLASS	bgm$c$a	net/minecraft/client/renderer/block/model/ModelBlockDefinition$Variant$Deserializer
CLASS	bgm$d	net/minecraft/client/renderer/block/model/ModelBlockDefinition$Variants
CLASS	bgn	net/minecraft/client/renderer/block/model/BreakingFour
CLASS	bgn$1	net/minecraft/client/renderer/block/model/BreakingFour$1
CLASS	bgo	net/minecraft/client/renderer/block/model/FaceBakery
CLASS	bgo$1	net/minecraft/client/renderer/block/model/FaceBakery$1
CLASS	bgp	net/minecraft/client/renderer/block/model/ItemModelGenerator
CLASS	bgp$1	net/minecraft/client/renderer/block/model/ItemModelGenerator$1
CLASS	bgp$a	net/minecraft/client/renderer/block/model/ItemModelGenerator$Span
CLASS	bgp$b	net/minecraft/client/renderer/block/model/ItemModelGenerator$SpanFacing
CLASS	bgq	net/minecraft/client/renderer/block/model/ItemTransformVec3f
CLASS	bgq$a	net/minecraft/client/renderer/block/model/ItemTransformVec3f$Deserializer
CLASS	bgr	net/minecraft/client/renderer/block/model/ItemCameraTransforms
CLASS	bgr$1	net/minecraft/client/renderer/block/model/ItemCameraTransforms$1
CLASS	bgr$a	net/minecraft/client/renderer/block/model/ItemCameraTransforms$Deserializer
CLASS	bgr$b	net/minecraft/client/renderer/block/model/ItemCameraTransforms$TransformType
CLASS	bgu	net/minecraft/client/renderer/block/statemap/StateMapperBase
CLASS	bgv	net/minecraft/client/renderer/block/statemap/BlockStateMapper
CLASS	bgw	net/minecraft/client/renderer/block/statemap/DefaultStateMapper
CLASS	bgx	net/minecraft/client/renderer/block/statemap/StateMap
CLASS	bgx$1	net/minecraft/client/renderer/block/statemap/StateMap$1
CLASS	bgx$a	net/minecraft/client/renderer/block/statemap/StateMap$Builder
CLASS	bgy	net/minecraft/client/renderer/block/statemap/IStateMapper
CLASS	bh	net/minecraft/command/CommandSetSpawnpoint
CLASS	bha	net/minecraft/client/renderer/tileentity/TileEntityBannerRenderer
CLASS	bha$1	net/minecraft/client/renderer/tileentity/TileEntityBannerRenderer$1
CLASS	bha$a	net/minecraft/client/renderer/tileentity/TileEntityBannerRenderer$TimedBannerTexture
CLASS	bhb	net/minecraft/client/renderer/tileentity/TileEntityBeaconRenderer
CLASS	bhc	net/minecraft/client/renderer/tileentity/TileEntityRendererDispatcher
CLASS	bhd	net/minecraft/client/renderer/tileentity/TileEntitySpecialRenderer
CLASS	bhe	net/minecraft/client/renderer/tileentity/TileEntityChestRenderer
CLASS	bhf	net/minecraft/client/renderer/tileentity/TileEntityEnchantmentTableRenderer
CLASS	bhg	net/minecraft/client/renderer/tileentity/TileEntityEnderChestRenderer
CLASS	bhh	net/minecraft/client/renderer/tileentity/TileEntityMobSpawnerRenderer
CLASS	bhi	net/minecraft/client/renderer/tileentity/TileEntityPistonRenderer
CLASS	bhj	net/minecraft/client/renderer/tileentity/TileEntitySignRenderer
CLASS	bhk	net/minecraft/client/renderer/tileentity/TileEntitySkullRenderer
CLASS	bhk$1	net/minecraft/client/renderer/tileentity/TileEntitySkullRenderer$1
CLASS	bhl	net/minecraft/client/renderer/tileentity/TileEntityEndPortalRenderer
CLASS	bhn	net/minecraft/client/renderer/chunk/ChunkCompileTaskGenerator
CLASS	bhn$a	net/minecraft/client/renderer/chunk/ChunkCompileTaskGenerator$Status
CLASS	bhn$b	net/minecraft/client/renderer/chunk/ChunkCompileTaskGenerator$Type
CLASS	bho	net/minecraft/client/renderer/chunk/ChunkRenderDispatcher
CLASS	bho$1	net/minecraft/client/renderer/chunk/ChunkRenderDispatcher$1
CLASS	bho$2	net/minecraft/client/renderer/chunk/ChunkRenderDispatcher$2
CLASS	bho$3	net/minecraft/client/renderer/chunk/ChunkRenderDispatcher$3
CLASS	bhp	net/minecraft/client/renderer/chunk/ChunkRenderWorker
CLASS	bhp$1	net/minecraft/client/renderer/chunk/ChunkRenderWorker$1
CLASS	bhp$2	net/minecraft/client/renderer/chunk/ChunkRenderWorker$2
CLASS	bhq	net/minecraft/client/renderer/chunk/CompiledChunk
CLASS	bhq$1	net/minecraft/client/renderer/chunk/CompiledChunk$1
CLASS	bhr	net/minecraft/client/renderer/chunk/ListChunkFactory
CLASS	bhs	net/minecraft/client/renderer/chunk/ListedRenderChunk
CLASS	bht	net/minecraft/client/renderer/chunk/RenderChunk
CLASS	bhu	net/minecraft/client/renderer/chunk/IRenderChunkFactory
CLASS	bhv	net/minecraft/client/renderer/chunk/VboChunkFactory
CLASS	bhw	net/minecraft/client/renderer/chunk/VisGraph
CLASS	bhw$1	net/minecraft/client/renderer/chunk/VisGraph$1
CLASS	bhx	net/minecraft/client/renderer/chunk/SetVisibility
CLASS	bi	net/minecraft/command/CommandShowSeed
CLASS	bia	net/minecraft/client/renderer/culling/ICamera
CLASS	bib	net/minecraft/client/renderer/culling/ClippingHelperImpl
CLASS	bic	net/minecraft/client/renderer/culling/Frustum
CLASS	bid	net/minecraft/client/renderer/culling/ClippingHelper
CLASS	big	net/minecraft/client/renderer/entity/ArmorStandRenderer
CLASS	big$1	net/minecraft/client/renderer/entity/ArmorStandRenderer$1
CLASS	bih	net/minecraft/client/renderer/entity/RenderArrow
CLASS	bii	net/minecraft/client/renderer/entity/RenderBat
CLASS	bij	net/minecraft/client/renderer/entity/RenderBlaze
CLASS	bik	net/minecraft/client/renderer/entity/RenderBoat
CLASS	bil	net/minecraft/client/renderer/entity/RenderCaveSpider
CLASS	bim	net/minecraft/client/renderer/entity/RenderChicken
CLASS	bin	net/minecraft/client/renderer/entity/RenderCow
CLASS	bio	net/minecraft/client/renderer/entity/RenderCreeper
CLASS	bip	net/minecraft/client/renderer/entity/RenderEntity
CLASS	biq	net/minecraft/client/renderer/tileentity/RenderEnderCrystal
CLASS	bir	net/minecraft/client/renderer/entity/RenderDragon
CLASS	bis	net/minecraft/client/renderer/entity/RenderEnderman
CLASS	bit	net/minecraft/client/renderer/entity/RenderEndermite
CLASS	biu	net/minecraft/client/renderer/entity/RenderManager
CLASS	biv	net/minecraft/client/renderer/entity/Render
CLASS	biw	net/minecraft/client/renderer/entity/RenderXPOrb
CLASS	bix	net/minecraft/client/renderer/entity/RenderFallingBlock
CLASS	biy	net/minecraft/client/renderer/entity/RenderFireball
CLASS	biz	net/minecraft/client/renderer/entity/RenderFish
CLASS	bj	net/minecraft/command/CommandSpreadPlayers
CLASS	bj$a	net/minecraft/command/CommandSpreadPlayers$Position
CLASS	bja	net/minecraft/client/renderer/entity/RenderGhast
CLASS	bjb	net/minecraft/client/renderer/entity/RenderGiantZombie
CLASS	bjb$1	net/minecraft/client/renderer/entity/RenderGiantZombie$1
CLASS	bjc	net/minecraft/client/renderer/entity/RenderGuardian
CLASS	bjd	net/minecraft/client/renderer/entity/RenderHorse
CLASS	bje	net/minecraft/client/renderer/entity/RenderBiped
CLASS	bjf	net/minecraft/client/renderer/entity/RenderEntityItem
CLASS	bjg	net/minecraft/client/renderer/tileentity/RenderItemFrame
CLASS	bjh	net/minecraft/client/renderer/entity/RenderItem
CLASS	bjh$1	net/minecraft/client/renderer/entity/RenderItem$1
CLASS	bjh$2	net/minecraft/client/renderer/entity/RenderItem$2
CLASS	bjh$3	net/minecraft/client/renderer/entity/RenderItem$3
CLASS	bjh$4	net/minecraft/client/renderer/entity/RenderItem$4
CLASS	bjh$5	net/minecraft/client/renderer/entity/RenderItem$5
CLASS	bjh$6	net/minecraft/client/renderer/entity/RenderItem$6
CLASS	bjh$7	net/minecraft/client/renderer/entity/RenderItem$7
CLASS	bjh$8	net/minecraft/client/renderer/entity/RenderItem$8
CLASS	bjh$9	net/minecraft/client/renderer/entity/RenderItem$9
CLASS	bji	net/minecraft/client/renderer/entity/RenderMagmaCube
CLASS	bjj	net/minecraft/client/renderer/entity/RenderLeashKnot
CLASS	bjk	net/minecraft/client/renderer/entity/RenderLightningBolt
CLASS	bjl	net/minecraft/client/renderer/entity/RendererLivingEntity
CLASS	bjl$1	net/minecraft/client/renderer/entity/RendererLivingEntity$1
CLASS	bjm	net/minecraft/client/renderer/entity/RenderMinecart
CLASS	bjn	net/minecraft/client/renderer/entity/RenderMinecartMobSpawner
CLASS	bjo	net/minecraft/client/renderer/entity/RenderLiving
CLASS	bjp	net/minecraft/client/renderer/entity/RenderMooshroom
CLASS	bjq	net/minecraft/client/renderer/entity/RenderOcelot
CLASS	bjr	net/minecraft/client/renderer/entity/RenderPainting
CLASS	bjs	net/minecraft/client/renderer/entity/RenderPig
CLASS	bjt	net/minecraft/client/renderer/entity/RenderPigZombie
CLASS	bjt$1	net/minecraft/client/renderer/entity/RenderPigZombie$1
CLASS	bju	net/minecraft/client/renderer/entity/RenderRabbit
CLASS	bjv	net/minecraft/client/renderer/entity/RenderSheep
CLASS	bjw	net/minecraft/client/renderer/entity/RenderSilverfish
CLASS	bjx	net/minecraft/client/renderer/entity/RenderSkeleton
CLASS	bjx$1	net/minecraft/client/renderer/entity/RenderSkeleton$1
CLASS	bjy	net/minecraft/client/renderer/entity/RenderSlime
CLASS	bjz	net/minecraft/client/renderer/entity/RenderSnowMan
CLASS	bk	net/minecraft/command/CommandStats
CLASS	bka	net/minecraft/client/renderer/entity/RenderSpider
CLASS	bkb	net/minecraft/client/renderer/entity/RenderSquid
CLASS	bkc	net/minecraft/client/renderer/entity/RenderSnowball
CLASS	bkd	net/minecraft/client/renderer/entity/RenderPotion
CLASS	bke	net/minecraft/client/renderer/entity/RenderTntMinecart
CLASS	bkf	net/minecraft/client/renderer/entity/RenderTNTPrimed
CLASS	bkg	net/minecraft/client/renderer/entity/RenderIronGolem
CLASS	bkh	net/minecraft/client/renderer/entity/RenderVillager
CLASS	bki	net/minecraft/client/renderer/entity/RenderWitch
CLASS	bkj	net/minecraft/client/renderer/entity/RenderWither
CLASS	bkk	net/minecraft/client/renderer/tileentity/RenderWitherSkull
CLASS	bkl	net/minecraft/client/renderer/entity/RenderWolf
CLASS	bkm	net/minecraft/client/renderer/entity/RenderZombie
CLASS	bkm$1	net/minecraft/client/renderer/entity/RenderZombie$1
CLASS	bkn	net/minecraft/client/renderer/entity/layers/LayerArmorBase
CLASS	bkn$1	net/minecraft/client/renderer/entity/layers/LayerArmorBase$1
CLASS	bko	net/minecraft/client/renderer/entity/layers/LayerArrow
CLASS	bkp	net/minecraft/client/renderer/entity/layers/LayerCape
CLASS	bkq	net/minecraft/client/renderer/entity/layers/LayerHeldBlock
CLASS	bkr	net/minecraft/client/renderer/entity/layers/LayerCreeperCharge
CLASS	bks	net/minecraft/client/renderer/entity/layers/LayerCustomHead
CLASS	bkt	net/minecraft/client/renderer/entity/layers/LayerDeadmau5Head
CLASS	bku	net/minecraft/client/renderer/entity/layers/LayerEnderDragonDeath
CLASS	bkv	net/minecraft/client/renderer/entity/layers/LayerEnderDragonEyes
CLASS	bkw	net/minecraft/client/renderer/entity/layers/LayerEndermanEyes
CLASS	bkx	net/minecraft/client/renderer/entity/layers/LayerBipedArmor
CLASS	bky	net/minecraft/client/renderer/entity/layers/LayerHeldItem
CLASS	bkz	net/minecraft/client/renderer/entity/layers/LayerMooshroomMushroom
CLASS	bl	net/minecraft/command/server/CommandStop
CLASS	bla	net/minecraft/client/renderer/entity/layers/LayerSaddle
CLASS	blb	net/minecraft/client/renderer/entity/layers/LayerRenderer
CLASS	blc	net/minecraft/client/renderer/entity/layers/LayerSheepWool
CLASS	bld	net/minecraft/client/renderer/entity/layers/LayerSlimeGel
CLASS	ble	net/minecraft/client/renderer/entity/layers/LayerSnowmanHead
CLASS	blf	net/minecraft/client/renderer/entity/layers/LayerSpiderEyes
CLASS	blg	net/minecraft/client/renderer/entity/layers/LayerVillagerArmor
CLASS	blh	net/minecraft/client/renderer/entity/layers/LayerIronGolemFlower
CLASS	bli	net/minecraft/client/renderer/entity/layers/LayerHeldItemWitch
CLASS	blj	net/minecraft/client/renderer/entity/layers/LayerWitherAura
CLASS	blk	net/minecraft/client/renderer/entity/layers/LayerWolfCollar
CLASS	bln	net/minecraft/client/renderer/entity/RenderPlayer
CLASS	blo	net/minecraft/client/util/JsonBlendingMode
CLASS	blp	net/minecraft/client/shader/ShaderDefault
CLASS	blq	net/minecraft/client/shader/ShaderManager
CLASS	blr	net/minecraft/client/shader/ShaderGroup
CLASS	bls	net/minecraft/client/shader/Shader
CLASS	blt	net/minecraft/client/shader/ShaderLoader
CLASS	blt$a	net/minecraft/client/shader/ShaderLoader$ShaderType
CLASS	blu	net/minecraft/client/shader/ShaderLinkHelper
CLASS	blv	net/minecraft/client/shader/ShaderUniform
CLASS	bly	net/minecraft/client/renderer/texture/AbstractTexture
CLASS	blz	net/minecraft/client/renderer/texture/DynamicTexture
CLASS	bm	net/minecraft/command/server/CommandSummon
CLASS	bma	net/minecraft/client/renderer/ThreadDownloadImageData
CLASS	bma$1	net/minecraft/client/renderer/ThreadDownloadImageData$1
CLASS	bmb	net/minecraft/client/renderer/texture/IIconCreator
CLASS	bmc	net/minecraft/client/renderer/texture/LayeredColorMaskTexture
CLASS	bmd	net/minecraft/client/renderer/texture/LayeredTexture
CLASS	bme	net/minecraft/client/renderer/texture/SimpleTexture
CLASS	bmf	net/minecraft/client/renderer/texture/Stitcher
CLASS	bmf$a	net/minecraft/client/renderer/texture/Stitcher$Holder
CLASS	bmf$b	net/minecraft/client/renderer/texture/Stitcher$Slot
CLASS	bmg	net/minecraft/client/renderer/StitcherException
CLASS	bmh	net/minecraft/client/renderer/texture/TextureMap
CLASS	bmh$1	net/minecraft/client/renderer/texture/TextureMap$1
CLASS	bmh$2	net/minecraft/client/renderer/texture/TextureMap$2
CLASS	bmh$3	net/minecraft/client/renderer/texture/TextureMap$3
CLASS	bmi	net/minecraft/client/renderer/texture/TextureAtlasSprite
CLASS	bmi$1	net/minecraft/client/renderer/texture/TextureAtlasSprite$1
CLASS	bmj	net/minecraft/client/renderer/texture/TextureManager
CLASS	bmj$1	net/minecraft/client/renderer/texture/TextureManager$1
CLASS	bmk	net/minecraft/client/renderer/texture/ITextureObject
CLASS	bml	net/minecraft/client/renderer/texture/TextureUtil
CLASS	bmm	net/minecraft/client/renderer/texture/ITickable
CLASS	bmn	net/minecraft/client/renderer/texture/ITickableTextureObject
CLASS	bmo	net/minecraft/client/renderer/texture/TextureClock
CLASS	bmp	net/minecraft/client/renderer/texture/TextureCompass
CLASS	bms	net/minecraft/client/renderer/vertex/DefaultVertexFormats
CLASS	bmt	net/minecraft/client/renderer/vertex/VertexBuffer
CLASS	bmu	net/minecraft/client/renderer/vertex/VertexFormat
CLASS	bmu$1	net/minecraft/client/renderer/vertex/VertexFormat$1
CLASS	bmv	net/minecraft/client/renderer/vertex/VertexFormatElement
CLASS	bmv$a	net/minecraft/client/renderer/vertex/VertexFormatElement$EnumType
CLASS	bmv$b	net/minecraft/client/renderer/vertex/VertexFormatElement$EnumUsage
CLASS	bmx	net/minecraft/client/resources/AbstractResourcePack
CLASS	bmy	net/minecraft/client/resources/ResourceIndex
CLASS	bmz	net/minecraft/client/resources/DefaultPlayerSkin
CLASS	bn	net/minecraft/command/server/CommandTeleport
CLASS	bna	net/minecraft/client/resources/DefaultResourcePack
CLASS	bnb	net/minecraft/client/resources/FallbackResourceManager
CLASS	bnb$a	net/minecraft/client/resources/FallbackResourceManager$InputStreamLeakedResourceLogger
CLASS	bnc	net/minecraft/client/resources/FileResourcePack
CLASS	bnd	net/minecraft/client/resources/FolderResourcePack
CLASS	bne	net/minecraft/client/resources/FoliageColorReloadListener
CLASS	bnf	net/minecraft/client/resources/GrassColorReloadListener
CLASS	bng	net/minecraft/client/resources/IReloadableResourceManager
CLASS	bnh	net/minecraft/client/resources/IResource
CLASS	bni	net/minecraft/client/resources/IResourceManager
CLASS	bnj	net/minecraft/client/resources/IResourceManagerReloadListener
CLASS	bnk	net/minecraft/client/resources/IResourcePack
CLASS	bnl	net/minecraft/client/resources/ResourcePackFileNotFoundException
CLASS	bnm	net/minecraft/client/resources/ResourcePackRepository
CLASS	bnm$1	net/minecraft/client/resources/ResourcePackRepository$1
CLASS	bnm$2	net/minecraft/client/resources/ResourcePackRepository$2
CLASS	bnm$3	net/minecraft/client/resources/ResourcePackRepository$3
CLASS	bnm$a	net/minecraft/client/resources/ResourcePackRepository$Entry
CLASS	bnn	net/minecraft/client/resources/SimpleReloadableResourceManager
CLASS	bnn$1	net/minecraft/client/resources/SimpleReloadableResourceManager$1
CLASS	bno	net/minecraft/client/resources/SimpleResource
CLASS	bnp	net/minecraft/client/resources/SkinManager
CLASS	bnp$1	net/minecraft/client/resources/SkinManager$1
CLASS	bnp$2	net/minecraft/client/resources/SkinManager$2
CLASS	bnp$3	net/minecraft/client/resources/SkinManager$3
CLASS	bnp$3$1	net/minecraft/client/resources/SkinManager$3$1
CLASS	bnp$a	net/minecraft/client/resources/SkinManager$SkinAvailableCallback
CLASS	bnq	net/minecraft/client/resources/I18n
CLASS	bnr	net/minecraft/client/resources/Language
CLASS	bns	net/minecraft/client/resources/LanguageManager
CLASS	bnt	net/minecraft/client/resources/Locale
CLASS	bnv	net/minecraft/client/resources/data/BaseMetadataSectionSerializer
CLASS	bnw	net/minecraft/client/resources/data/IMetadataSection
CLASS	bnx	net/minecraft/client/resources/data/IMetadataSectionSerializer
CLASS	bny	net/minecraft/client/resources/data/IMetadataSerializer
CLASS	bny$1	net/minecraft/client/resources/data/IMetadataSerializer$1
CLASS	bny$a	net/minecraft/client/resources/data/IMetadataSerializer$Registration
CLASS	bnz	net/minecraft/client/resources/data/AnimationFrame
CLASS	boa	net/minecraft/client/resources/data/AnimationMetadataSection
CLASS	bob	net/minecraft/client/resources/data/AnimationMetadataSectionSerializer
CLASS	bod	net/minecraft/client/resources/data/FontMetadataSection
CLASS	boe	net/minecraft/client/resources/data/FontMetadataSectionSerializer
CLASS	bog	net/minecraft/client/resources/data/LanguageMetadataSection
CLASS	boh	net/minecraft/client/resources/data/LanguageMetadataSectionSerializer
CLASS	boj	net/minecraft/client/resources/data/PackMetadataSection
CLASS	bok	net/minecraft/client/resources/data/PackMetadataSectionSerializer
CLASS	bon	net/minecraft/client/resources/data/TextureMetadataSection
CLASS	boo	net/minecraft/client/resources/data/TextureMetadataSectionSerializer
CLASS	boq	net/minecraft/client/resources/model/IBakedModel
CLASS	bor	net/minecraft/client/resources/model/ModelRotation
CLASS	bos	net/minecraft/client/resources/model/BuiltInModel
CLASS	bot	net/minecraft/client/resources/model/ModelBakery
CLASS	bot$1	net/minecraft/client/resources/model/ModelBakery$1
CLASS	bot$2	net/minecraft/client/resources/model/ModelBakery$2
CLASS	bou	net/minecraft/client/resources/model/ModelManager
CLASS	bov	net/minecraft/client/resources/model/ModelResourceLocation
CLASS	bow	net/minecraft/client/resources/model/SimpleBakedModel
CLASS	bow$a	net/minecraft/client/resources/model/SimpleBakedModel$Builder
CLASS	box	net/minecraft/client/resources/model/WeightedBakedModel
CLASS	box$a	net/minecraft/client/resources/model/WeightedBakedModel$Builder
CLASS	box$b	net/minecraft/client/resources/model/WeightedBakedModel$MyWeighedRandomItem
CLASS	bp	net/minecraft/command/server/CommandTestForBlock
CLASS	bpa	net/minecraft/client/audio/PositionedSound
CLASS	bpb	net/minecraft/client/audio/MovingSound
CLASS	bpc	net/minecraft/client/audio/GuardianSound
CLASS	bpd	net/minecraft/client/audio/MovingSoundMinecart
CLASS	bpe	net/minecraft/client/audio/MovingSoundMinecartRiding
CLASS	bpf	net/minecraft/client/audio/PositionedSoundRecord
CLASS	bpg	net/minecraft/client/audio/SoundCategory
CLASS	bph	net/minecraft/client/audio/SoundList
CLASS	bph$a	net/minecraft/client/audio/SoundList$SoundEntry
CLASS	bph$a$a	net/minecraft/client/audio/SoundList$SoundEntry$Type
CLASS	bpi	net/minecraft/client/audio/SoundListSerializer
CLASS	bpj	net/minecraft/client/audio/ISound
CLASS	bpj$a	net/minecraft/client/audio/ISound$AttenuationType
CLASS	bpk	net/minecraft/client/audio/ITickableSound
CLASS	bpn	net/minecraft/server/integrated/IntegratedPlayerList
CLASS	bpo	net/minecraft/server/integrated/IntegratedServer
CLASS	bpo$1	net/minecraft/server/integrated/IntegratedServer$1
CLASS	bpo$2	net/minecraft/server/integrated/IntegratedServer$2
CLASS	bpo$3	net/minecraft/server/integrated/IntegratedServer$3
CLASS	bpp	net/minecraft/server/integrated/IntegratedServerCommandManager
CLASS	bpq	net/minecraft/client/network/LanServerDetector
CLASS	bpq$a	net/minecraft/client/network/LanServerDetector$LanServer
CLASS	bpq$b	net/minecraft/client/network/LanServerDetector$ThreadLanServerFind
CLASS	bpq$c	net/minecraft/client/network/LanServerDetector$LanServerList
CLASS	bpr	net/minecraft/client/multiplayer/ThreadLanServerPing
CLASS	bpv	net/minecraft/client/audio/MusicTicker
CLASS	bpv$a	net/minecraft/client/audio/MusicTicker$MusicType
CLASS	bpw	net/minecraft/client/audio/SoundPoolEntry
CLASS	bpx	net/minecraft/client/audio/SoundManager
CLASS	bpx$1	net/minecraft/client/audio/SoundManager$1
CLASS	bpx$1$1	net/minecraft/client/audio/SoundManager$1$1
CLASS	bpx$2	net/minecraft/client/audio/SoundManager$2
CLASS	bpx$2$1	net/minecraft/client/audio/SoundManager$2$1
CLASS	bpx$a	net/minecraft/client/audio/SoundManager$SoundSystemStarterThread
CLASS	bpy	net/minecraft/client/audio/SoundEventAccessorComposite
CLASS	bpz	net/minecraft/client/audio/SoundHandler
CLASS	bpz$1	net/minecraft/client/audio/SoundHandler$1
CLASS	bpz$2	net/minecraft/client/audio/SoundHandler$2
CLASS	bpz$3	net/minecraft/client/audio/SoundHandler$3
CLASS	bq	net/minecraft/command/server/CommandTestFor
CLASS	bqa	net/minecraft/client/audio/SoundRegistry
CLASS	bqb	net/minecraft/client/audio/ISoundEventAccessor
CLASS	bqc	net/minecraft/client/audio/SoundEventAccessor
CLASS	bqe	net/minecraft/client/stream/MetadataAchievement
CLASS	bqf	net/minecraft/client/stream/MetadataCombat
CLASS	bqg	net/minecraft/client/stream/MetadataPlayerDeath
CLASS	bqh	net/minecraft/client/stream/Metadata
CLASS	bqj	net/minecraft/client/stream/BroadcastController
CLASS	bqj$1	net/minecraft/client/stream/BroadcastController$1
CLASS	bqj$2	net/minecraft/client/stream/BroadcastController$2
CLASS	bqj$3	net/minecraft/client/stream/BroadcastController$3
CLASS	bqj$a	net/minecraft/client/stream/BroadcastController$BroadcastState
CLASS	bqj$b	net/minecraft/client/stream/BroadcastController$BroadcastListener
CLASS	bqk	net/minecraft/client/stream/ChatController
CLASS	bqk$1	net/minecraft/client/stream/ChatController$1
CLASS	bqk$2	net/minecraft/client/stream/ChatController$2
CLASS	bqk$a	net/minecraft/client/stream/ChatController$EnumChannelState
CLASS	bqk$b	net/minecraft/client/stream/ChatController$ChatChannelListener
CLASS	bqk$c	net/minecraft/client/stream/ChatController$ChatState
CLASS	bqk$d	net/minecraft/client/stream/ChatController$EnumEmoticonMode
CLASS	bqk$e	net/minecraft/client/stream/ChatController$ChatListener
CLASS	bql	net/minecraft/client/stream/IngestServerTester
CLASS	bql$1	net/minecraft/client/stream/IngestServerTester$1
CLASS	bql$2	net/minecraft/client/stream/IngestServerTester$2
CLASS	bql$3	net/minecraft/client/stream/IngestServerTester$3
CLASS	bql$a	net/minecraft/client/stream/IngestServerTester$IngestTestListener
CLASS	bql$b	net/minecraft/client/stream/IngestServerTester$IngestTestState
CLASS	bqm	net/minecraft/client/stream/IStream
CLASS	bqm$a	net/minecraft/client/stream/IStream$AuthFailureReason
CLASS	bqn	net/minecraft/client/stream/TwitchStream
CLASS	bqn$1	net/minecraft/client/stream/TwitchStream$1
CLASS	bqn$1$1	net/minecraft/client/stream/TwitchStream$1$1
CLASS	bqo	net/minecraft/client/stream/NullStream
CLASS	bqq	net/minecraft/util/Matrix4f
CLASS	bqr	net/minecraft/util/Vector3d
CLASS	bqs	net/minecraft/client/renderer/OpenGlHelper
CLASS	br	net/minecraft/command/CommandTime
CLASS	bs	net/minecraft/command/CommandTitle
CLASS	bt	net/minecraft/command/CommandToggleDownfall
CLASS	bu	net/minecraft/command/CommandTrigger
CLASS	bv	net/minecraft/command/CommandWeather
CLASS	bw	net/minecraft/command/server/CommandWhitelist
CLASS	bx	net/minecraft/command/CommandWorldBorder
CLASS	bz	net/minecraft/command/CommandException
CLASS	c	net/minecraft/crash/CrashReportCategory
CLASS	c$1	net/minecraft/crash/CrashReportCategory$1
CLASS	c$2	net/minecraft/crash/CrashReportCategory$2
CLASS	c$3	net/minecraft/crash/CrashReportCategory$3
CLASS	c$6	net/minecraft/crash/CrashReportCategory$6
CLASS	c$7	net/minecraft/crash/CrashReportCategory$7
CLASS	c$a	net/minecraft/crash/CrashReportCategory$Entry
CLASS	ca	net/minecraft/command/EntityNotFoundException
CLASS	cb	net/minecraft/command/NumberInvalidException
CLASS	cc	net/minecraft/command/SyntaxErrorException
CLASS	cd	net/minecraft/command/PlayerNotFoundException
CLASS	ce	net/minecraft/command/CommandNotFoundException
CLASS	cf	net/minecraft/command/WrongUsageException
CLASS	cj	net/minecraft/util/BlockPos
CLASS	cj$1	net/minecraft/util/BlockPos$1
CLASS	cj$1$1	net/minecraft/util/BlockPos$1$1
CLASS	cj$2	net/minecraft/util/BlockPos$2
CLASS	cj$2$1	net/minecraft/util/BlockPos$2$1
CLASS	cj$a	net/minecraft/util/BlockPos$MutableBlockPos
CLASS	ck	net/minecraft/dispenser/IBlockSource
CLASS	cl	net/minecraft/block/BlockSourceImpl
CLASS	cm	net/minecraft/util/Cartesian
CLASS	cm$1	net/minecraft/util/Cartesian$1
CLASS	cm$a	net/minecraft/util/Cartesian$GetList
CLASS	cm$b	net/minecraft/util/Cartesian$Product
CLASS	cm$b$a	net/minecraft/util/Cartesian$Product$ProductIterator
CLASS	cn	net/minecraft/dispenser/BehaviorDefaultDispenseItem
CLASS	co	net/minecraft/util/RegistryNamespacedDefaultedByKey
CLASS	cp	net/minecraft/util/RegistryDefaulted
CLASS	cq	net/minecraft/util/EnumFacing
CLASS	cq$1	net/minecraft/util/EnumFacing$1
CLASS	cq$a	net/minecraft/util/EnumFacing$Axis
CLASS	cq$b	net/minecraft/util/EnumFacing$AxisDirection
CLASS	cq$c	net/minecraft/util/EnumFacing$Plane
CLASS	cr	net/minecraft/dispenser/IBehaviorDispenseItem
CLASS	cr$1	net/minecraft/dispenser/IBehaviorDispenseItem$1
CLASS	cs	net/minecraft/util/IObjectIntIterable
CLASS	ct	net/minecraft/util/ObjectIntIdentityMap
CLASS	cu	net/minecraft/dispenser/ILocatableSource
CLASS	cv	net/minecraft/dispenser/ILocation
CLASS	cw	net/minecraft/util/MapPopulator
CLASS	cx	net/minecraft/util/RegistryNamespaced
CLASS	cy	net/minecraft/util/EnumParticleTypes
CLASS	cz	net/minecraft/dispenser/IPosition
CLASS	da	net/minecraft/dispenser/PositionImpl
CLASS	db	net/minecraft/util/IRegistry
CLASS	dc	net/minecraft/util/Rotations
CLASS	dd	net/minecraft/util/RegistrySimple
CLASS	df	net/minecraft/util/Vec3i
CLASS	di	net/minecraft/util/StatCollector
CLASS	dj	net/minecraft/util/StringTranslate
CLASS	dl	net/minecraft/nbt/NBTTagByteArray
CLASS	dm	net/minecraft/nbt/NBTTagByte
CLASS	dn	net/minecraft/nbt/NBTTagCompound
CLASS	dn$1	net/minecraft/nbt/NBTTagCompound$1
CLASS	dn$2	net/minecraft/nbt/NBTTagCompound$2
CLASS	dp	net/minecraft/nbt/NBTTagDouble
CLASS	dq	net/minecraft/nbt/NBTTagEnd
CLASS	dr	net/minecraft/nbt/NBTTagFloat
CLASS	ds	net/minecraft/nbt/NBTTagIntArray
CLASS	dt	net/minecraft/nbt/NBTTagInt
CLASS	du	net/minecraft/nbt/NBTTagList
CLASS	dv	net/minecraft/nbt/NBTTagLong
CLASS	dw	net/minecraft/nbt/NBTSizeTracker
CLASS	dw$1	net/minecraft/nbt/NBTSizeTracker$1
CLASS	dx	net/minecraft/nbt/CompressedStreamTools
CLASS	dy	net/minecraft/nbt/NBTUtil
CLASS	dz	net/minecraft/nbt/NBTTagShort
CLASS	e	net/minecraft/util/ReportedException
CLASS	ea	net/minecraft/nbt/NBTTagString
CLASS	eb	net/minecraft/nbt/NBTBase
CLASS	eb$a	net/minecraft/nbt/NBTBase$NBTPrimitive
CLASS	ec	net/minecraft/nbt/NBTException
CLASS	ed	net/minecraft/nbt/JsonToNBT
CLASS	ed$a	net/minecraft/nbt/JsonToNBT$Any
CLASS	ed$b	net/minecraft/nbt/JsonToNBT$Compound
CLASS	ed$c	net/minecraft/nbt/JsonToNBT$List
CLASS	ed$d	net/minecraft/nbt/JsonToNBT$Primitive
CLASS	ef	net/minecraft/network/NettyEncryptionTranslator
CLASS	eg	net/minecraft/network/NettyEncryptingDecoder
CLASS	eh	net/minecraft/network/NettyEncryptingEncoder
CLASS	ei	net/minecraft/network/NettyCompressionDecoder
CLASS	ej	net/minecraft/network/NettyCompressionEncoder
CLASS	ek	net/minecraft/network/NetworkManager
CLASS	ek$1	net/minecraft/network/NetworkManager$1
CLASS	ek$2	net/minecraft/network/NetworkManager$2
CLASS	ek$3	net/minecraft/network/NetworkManager$3
CLASS	ek$4	net/minecraft/network/NetworkManager$4
CLASS	ek$5	net/minecraft/network/NetworkManager$5
CLASS	ek$6	net/minecraft/network/NetworkManager$6
CLASS	ek$a	net/minecraft/network/NetworkManager$InboundHandlerTuplePacketListener
CLASS	el	net/minecraft/network/EnumConnectionState
CLASS	el$1	net/minecraft/network/EnumConnectionState$1
CLASS	el$2	net/minecraft/network/EnumConnectionState$2
CLASS	el$3	net/minecraft/network/EnumConnectionState$3
CLASS	el$4	net/minecraft/network/EnumConnectionState$4
CLASS	em	net/minecraft/network/PacketBuffer
CLASS	en	net/minecraft/util/MessageDeserializer
CLASS	eo	net/minecraft/util/MessageSerializer
CLASS	ep	net/minecraft/network/INetHandler
CLASS	eq	net/minecraft/util/MessageDeserializer2
CLASS	er	net/minecraft/util/MessageSerializer2
CLASS	es	net/minecraft/util/ChatComponentStyle
CLASS	es$1	net/minecraft/util/ChatComponentStyle$1
CLASS	es$2	net/minecraft/util/ChatComponentStyle$2
CLASS	et	net/minecraft/event/ClickEvent
CLASS	et$a	net/minecraft/event/ClickEvent$Action
CLASS	eu	net/minecraft/util/IChatComponent
CLASS	eu$a	net/minecraft/util/IChatComponent$Serializer
CLASS	ev	net/minecraft/util/ChatComponentProcessor
CLASS	ew	net/minecraft/event/HoverEvent
CLASS	ew$a	net/minecraft/event/HoverEvent$Action
CLASS	ex	net/minecraft/util/ChatComponentScore
CLASS	ey	net/minecraft/util/ChatComponentSelector
CLASS	ez	net/minecraft/util/ChatStyle
CLASS	ez$1	net/minecraft/util/ChatStyle$1
CLASS	ez$a	net/minecraft/util/ChatStyle$Serializer
CLASS	f	net/minecraft/util/ChatAllowedCharacters
CLASS	fa	net/minecraft/util/ChatComponentText
CLASS	fb	net/minecraft/util/ChatComponentTranslation
CLASS	fc	net/minecraft/util/ChatComponentTranslationFormatException
CLASS	ff	net/minecraft/network/Packet
CLASS	fg	net/minecraft/network/EnumPacketDirection
CLASS	fh	net/minecraft/network/PacketThreadUtil
CLASS	fh$1	net/minecraft/network/PacketThreadUtil$1
CLASS	fi	net/minecraft/network/play/server/S08PacketPlayerPosLook
CLASS	fi$a	net/minecraft/network/play/server/S08PacketPlayerPosLook$EnumFlags
CLASS	fj	net/minecraft/network/play/INetHandlerPlayClient
CLASS	fk	net/minecraft/network/play/server/S0EPacketSpawnObject
CLASS	fl	net/minecraft/network/play/server/S11PacketSpawnExperienceOrb
CLASS	fm	net/minecraft/network/play/server/S2CPacketSpawnGlobalEntity
CLASS	fn	net/minecraft/network/play/server/S0FPacketSpawnMob
CLASS	fo	net/minecraft/network/play/server/S10PacketSpawnPainting
CLASS	fp	net/minecraft/network/play/server/S0CPacketSpawnPlayer
CLASS	fq	net/minecraft/network/play/server/S0BPacketAnimation
CLASS	fr	net/minecraft/network/play/server/S37PacketStatistics
CLASS	fs	net/minecraft/network/play/server/S25PacketBlockBreakAnim
CLASS	ft	net/minecraft/network/play/server/S35PacketUpdateTileEntity
CLASS	fu	net/minecraft/network/play/server/S24PacketBlockAction
CLASS	fv	net/minecraft/network/play/server/S23PacketBlockChange
CLASS	fw	net/minecraft/network/play/server/S41PacketServerDifficulty
CLASS	fx	net/minecraft/network/play/server/S3APacketTabComplete
CLASS	fy	net/minecraft/network/play/server/S02PacketChat
CLASS	fz	net/minecraft/network/play/server/S22PacketMultiBlockChange
CLASS	fz$a	net/minecraft/network/play/server/S22PacketMultiBlockChange$BlockUpdateData
CLASS	g	net/minecraft/util/Util
CLASS	g$a	net/minecraft/util/Util$EnumOS
CLASS	ga	net/minecraft/network/play/server/S32PacketConfirmTransaction
CLASS	gb	net/minecraft/network/play/server/S2EPacketCloseWindow
CLASS	gc	net/minecraft/network/play/server/S2DPacketOpenWindow
CLASS	gd	net/minecraft/network/play/server/S30PacketWindowItems
CLASS	ge	net/minecraft/network/play/server/S31PacketWindowProperty
CLASS	gf	net/minecraft/network/play/server/S2FPacketSetSlot
CLASS	gg	net/minecraft/network/play/server/S3FPacketCustomPayload
CLASS	gh	net/minecraft/network/play/server/S40PacketDisconnect
CLASS	gi	net/minecraft/network/play/server/S19PacketEntityStatus
CLASS	gj	net/minecraft/network/play/server/S49PacketUpdateEntityNBT
CLASS	gk	net/minecraft/network/play/server/S27PacketExplosion
CLASS	gl	net/minecraft/network/play/server/S46PacketSetCompressionLevel
CLASS	gm	net/minecraft/network/play/server/S2BPacketChangeGameState
CLASS	gn	net/minecraft/network/play/server/S00PacketKeepAlive
CLASS	go	net/minecraft/network/play/server/S21PacketChunkData
CLASS	go$a	net/minecraft/network/play/server/S21PacketChunkData$Extracted
CLASS	gp	net/minecraft/network/play/server/S26PacketMapChunkBulk
CLASS	gq	net/minecraft/network/play/server/S28PacketEffect
CLASS	gr	net/minecraft/network/play/server/S2APacketParticles
CLASS	gs	net/minecraft/network/play/server/S29PacketSoundEffect
CLASS	gt	net/minecraft/network/play/server/S01PacketJoinGame
CLASS	gu	net/minecraft/network/play/server/S34PacketMaps
CLASS	gv	net/minecraft/network/play/server/S14PacketEntity
CLASS	gv$a	net/minecraft/network/play/server/S14PacketEntity$S15PacketEntityRelMove
CLASS	gv$b	net/minecraft/network/play/server/S14PacketEntity$S17PacketEntityLookMove
CLASS	gv$c	net/minecraft/network/play/server/S14PacketEntity$S16PacketEntityLook
CLASS	gw	net/minecraft/network/play/server/S36PacketSignEditorOpen
CLASS	gx	net/minecraft/network/play/server/S39PacketPlayerAbilities
CLASS	gy	net/minecraft/network/play/server/S42PacketCombatEvent
CLASS	gy$1	net/minecraft/network/play/server/S42PacketCombatEvent$1
CLASS	gy$a	net/minecraft/network/play/server/S42PacketCombatEvent$Event
CLASS	gz	net/minecraft/network/play/server/S38PacketPlayerListItem
CLASS	gz$1	net/minecraft/network/play/server/S38PacketPlayerListItem$1
CLASS	gz$a	net/minecraft/network/play/server/S38PacketPlayerListItem$Action
CLASS	gz$b	net/minecraft/network/play/server/S38PacketPlayerListItem$AddPlayerData
CLASS	h	net/minecraft/command/IAdminCommand
CLASS	ha	net/minecraft/network/play/server/S0APacketUseBed
CLASS	hb	net/minecraft/network/play/server/S13PacketDestroyEntities
CLASS	hc	net/minecraft/network/play/server/S1EPacketRemoveEntityEffect
CLASS	hd	net/minecraft/network/play/server/S48PacketResourcePackSend
CLASS	he	net/minecraft/network/play/server/S07PacketRespawn
CLASS	hf	net/minecraft/network/play/server/S19PacketEntityHeadLook
CLASS	hg	net/minecraft/network/play/server/S44PacketWorldBorder
CLASS	hg$1	net/minecraft/network/play/server/S44PacketWorldBorder$1
CLASS	hg$a	net/minecraft/network/play/server/S44PacketWorldBorder$Action
CLASS	hh	net/minecraft/network/play/server/S43PacketCamera
CLASS	hi	net/minecraft/network/play/server/S09PacketHeldItemChange
CLASS	hj	net/minecraft/network/play/server/S3DPacketDisplayScoreboard
CLASS	hk	net/minecraft/network/play/server/S1CPacketEntityMetadata
CLASS	hl	net/minecraft/network/play/server/S1BPacketEntityAttach
CLASS	hm	net/minecraft/network/play/server/S12PacketEntityVelocity
CLASS	hn	net/minecraft/network/play/server/S04PacketEntityEquipment
CLASS	ho	net/minecraft/network/play/server/S1FPacketSetExperience
CLASS	hp	net/minecraft/network/play/server/S06PacketUpdateHealth
CLASS	hq	net/minecraft/network/play/server/S3BPacketScoreboardObjective
CLASS	hr	net/minecraft/network/play/server/S3EPacketTeams
CLASS	hs	net/minecraft/network/play/server/S3CPacketUpdateScore
CLASS	hs$a	net/minecraft/network/play/server/S3CPacketUpdateScore$Action
CLASS	ht	net/minecraft/network/play/server/S05PacketSpawnPosition
CLASS	hu	net/minecraft/network/play/server/S03PacketTimeUpdate
CLASS	hv	net/minecraft/network/play/server/S45PacketTitle
CLASS	hv$a	net/minecraft/network/play/server/S45PacketTitle$Type
CLASS	hw	net/minecraft/network/play/server/S33PacketUpdateSign
CLASS	hx	net/minecraft/network/play/server/S47PacketPlayerListHeaderFooter
CLASS	hy	net/minecraft/network/play/server/S0DPacketCollectItem
CLASS	hz	net/minecraft/network/play/server/S18PacketEntityTeleport
CLASS	i	net/minecraft/command/CommandBase
CLASS	i$a	net/minecraft/command/CommandBase$CoordinateArg
CLASS	ia	net/minecraft/network/play/server/S20PacketEntityProperties
CLASS	ia$a	net/minecraft/network/play/server/S20PacketEntityProperties$Snapshot
CLASS	ib	net/minecraft/network/play/server/S1DPacketEntityEffect
CLASS	ic	net/minecraft/network/play/INetHandlerPlayServer
CLASS	id	net/minecraft/network/play/client/C14PacketTabComplete
CLASS	ie	net/minecraft/network/play/client/C01PacketChatMessage
CLASS	ig	net/minecraft/network/play/client/C16PacketClientStatus
CLASS	ig$a	net/minecraft/network/play/client/C16PacketClientStatus$EnumState
CLASS	ih	net/minecraft/network/play/client/C15PacketClientSettings
CLASS	ii	net/minecraft/network/play/client/C0FPacketConfirmTransaction
CLASS	ij	net/minecraft/network/play/client/C11PacketEnchantItem
CLASS	ik	net/minecraft/network/play/client/C0EPacketClickWindow
CLASS	il	net/minecraft/network/play/client/C0DPacketCloseWindow
CLASS	im	net/minecraft/network/play/client/C17PacketCustomPayload
CLASS	in	net/minecraft/network/play/client/C02PacketUseEntity
CLASS	in$a	net/minecraft/network/play/client/C02PacketUseEntity$Action
CLASS	io	net/minecraft/network/play/client/C00PacketKeepAlive
CLASS	ip	net/minecraft/network/play/client/C03PacketPlayer
CLASS	ip$a	net/minecraft/network/play/client/C03PacketPlayer$C04PacketPlayerPosition
CLASS	ip$b	net/minecraft/network/play/client/C03PacketPlayer$C06PacketPlayerPosLook
CLASS	ip$c	net/minecraft/network/play/client/C03PacketPlayer$C05PacketPlayerLook
CLASS	iq	net/minecraft/network/play/client/C13PacketPlayerAbilities
CLASS	ir	net/minecraft/network/play/client/C07PacketPlayerDigging
CLASS	ir$a	net/minecraft/network/play/client/C07PacketPlayerDigging$Action
CLASS	is	net/minecraft/network/play/client/C0BPacketEntityAction
CLASS	is$a	net/minecraft/network/play/client/C0BPacketEntityAction$Action
CLASS	it	net/minecraft/network/play/client/C0CPacketInput
CLASS	iu	net/minecraft/network/play/client/C19PacketResourcePackStatus
CLASS	iu$a	net/minecraft/network/play/client/C19PacketResourcePackStatus$Action
CLASS	iv	net/minecraft/network/play/client/C09PacketHeldItemChange
CLASS	iw	net/minecraft/network/play/client/C10PacketCreativeInventoryAction
CLASS	ix	net/minecraft/network/play/client/C12PacketUpdateSign
CLASS	iy	net/minecraft/network/play/client/C0APacketAnimation
CLASS	iz	net/minecraft/network/play/client/C18PacketSpectate
CLASS	j	net/minecraft/command/CommandHandler
CLASS	ja	net/minecraft/network/play/client/C08PacketPlayerBlockPlacement
CLASS	jc	net/minecraft/network/handshake/client/C00Handshake
CLASS	jd	net/minecraft/network/handshake/INetHandlerHandshakeServer
CLASS	jf	net/minecraft/network/login/INetHandlerLoginClient
CLASS	jg	net/minecraft/network/login/server/S02PacketLoginSuccess
CLASS	jh	net/minecraft/network/login/server/S01PacketEncryptionRequest
CLASS	ji	net/minecraft/network/login/server/S03PacketEnableCompression
CLASS	jj	net/minecraft/network/login/server/S00PacketDisconnect
CLASS	jk	net/minecraft/network/login/INetHandlerLoginServer
CLASS	jl	net/minecraft/network/login/client/C00PacketLoginStart
CLASS	jm	net/minecraft/network/login/client/C01PacketEncryptionResponse
CLASS	jp	net/minecraft/network/status/INetHandlerStatusClient
CLASS	jq	net/minecraft/network/status/server/S01PacketPong
CLASS	jr	net/minecraft/network/status/server/S00PacketServerInfo
CLASS	js	net/minecraft/network/ServerStatusResponse
CLASS	js$a	net/minecraft/network/ServerStatusResponse$PlayerCountData
CLASS	js$a$a	net/minecraft/network/ServerStatusResponse$PlayerCountData$Serializer
CLASS	js$b	net/minecraft/network/ServerStatusResponse$Serializer
CLASS	js$c	net/minecraft/network/ServerStatusResponse$MinecraftProtocolVersionIdentifier
CLASS	js$c$a	net/minecraft/network/ServerStatusResponse$MinecraftProtocolVersionIdentifier$Serializer
CLASS	jt	net/minecraft/network/status/INetHandlerStatusServer
CLASS	ju	net/minecraft/network/status/client/C01PacketPing
CLASS	jv	net/minecraft/network/status/client/C00PacketServerQuery
CLASS	jy	net/minecraft/util/ResourceLocation
CLASS	k	net/minecraft/command/ICommand
CLASS	ka	net/minecraft/dispenser/BehaviorProjectileDispense
CLASS	kb	net/minecraft/init/Bootstrap
CLASS	kb$1	net/minecraft/init/Bootstrap$1
CLASS	kb$10	net/minecraft/init/Bootstrap$10
CLASS	kb$11	net/minecraft/init/Bootstrap$11
CLASS	kb$12	net/minecraft/init/Bootstrap$12
CLASS	kb$12$1	net/minecraft/init/Bootstrap$12$1
CLASS	kb$13	net/minecraft/init/Bootstrap$13
CLASS	kb$14	net/minecraft/init/Bootstrap$14
CLASS	kb$15	net/minecraft/init/Bootstrap$15
CLASS	kb$16	net/minecraft/init/Bootstrap$16
CLASS	kb$2	net/minecraft/init/Bootstrap$2
CLASS	kb$3	net/minecraft/init/Bootstrap$3
CLASS	kb$4	net/minecraft/init/Bootstrap$4
CLASS	kb$5	net/minecraft/init/Bootstrap$5
CLASS	kb$6	net/minecraft/init/Bootstrap$6
CLASS	kb$7	net/minecraft/init/Bootstrap$7
CLASS	kb$8	net/minecraft/init/Bootstrap$8
CLASS	kb$9	net/minecraft/init/Bootstrap$9
CLASS	kc	net/minecraft/client/util/JsonException
CLASS	kc$1	net/minecraft/client/util/JsonException$1
CLASS	kc$a	net/minecraft/client/util/JsonException$Entry
CLASS	kd	net/minecraft/command/ServerCommand
CLASS	kf	net/minecraft/server/ServerEula
CLASS	kg	net/minecraft/util/LoggingPrintStream
CLASS	ki	net/minecraft/network/ThreadQuickExitException
CLASS	kj	net/minecraft/network/rcon/IServer
CLASS	kk	net/minecraft/scoreboard/ServerScoreboard
CLASS	kl	net/minecraft/server/dedicated/PropertyManager
CLASS	km	net/minecraft/util/ITickable
CLASS	kn	net/minecraft/server/dedicated/DedicatedPlayerList
CLASS	ko	net/minecraft/server/dedicated/DedicatedServer
CLASS	ko$1	net/minecraft/server/dedicated/DedicatedServer$1
CLASS	ko$2	net/minecraft/server/dedicated/DedicatedServer$2
CLASS	ko$3	net/minecraft/server/dedicated/DedicatedServer$3
CLASS	ko$4	net/minecraft/server/dedicated/DedicatedServer$4
CLASS	kp	net/minecraft/server/dedicated/ServerHangWatchdog
CLASS	kp$1	net/minecraft/server/dedicated/ServerHangWatchdog$1
CLASS	kr	net/minecraft/server/gui/MinecraftServerGui
CLASS	kr$1	net/minecraft/server/gui/MinecraftServerGui$1
CLASS	kr$2	net/minecraft/server/gui/MinecraftServerGui$2
CLASS	kr$3	net/minecraft/server/gui/MinecraftServerGui$3
CLASS	kr$4	net/minecraft/server/gui/MinecraftServerGui$4
CLASS	kr$5	net/minecraft/server/gui/MinecraftServerGui$5
CLASS	ks	net/minecraft/server/gui/PlayerListComponent
CLASS	kt	net/minecraft/server/gui/StatsComponent
CLASS	kt$1	net/minecraft/server/gui/StatsComponent$1
CLASS	kw	net/minecraft/client/renderer/DestroyBlockProgress
CLASS	kx	net/minecraft/world/demo/DemoWorldServer
CLASS	ky	net/minecraft/world/demo/DemoWorldManager
CLASS	kz	net/minecraft/world/WorldServerMulti
CLASS	kz$1	net/minecraft/world/WorldServerMulti$1
CLASS	l	net/minecraft/command/ICommandManager
CLASS	la	net/minecraft/entity/EntityTracker
CLASS	la$1	net/minecraft/entity/EntityTracker$1
CLASS	lb	net/minecraft/world/WorldManager
CLASS	lc	net/minecraft/server/management/PlayerManager
CLASS	lc$a	net/minecraft/server/management/PlayerManager$PlayerInstance
CLASS	ld	net/minecraft/world/gen/ChunkProviderServer
CLASS	le	net/minecraft/world/WorldServer
CLASS	le$1	net/minecraft/world/WorldServer$1
CLASS	le$a	net/minecraft/world/WorldServer$ServerBlockEventList
CLASS	lf	net/minecraft/entity/player/EntityPlayerMP
CLASS	lg	net/minecraft/server/management/ItemInWorldManager
CLASS	lh	net/minecraft/entity/EntityTrackerEntry
CLASS	lj	net/minecraft/network/PingResponseHandler
CLASS	lk	net/minecraft/client/network/NetHandlerHandshakeMemory
CLASS	ll	net/minecraft/network/NetworkSystem
CLASS	ll$1	net/minecraft/network/NetworkSystem$1
CLASS	ll$2	net/minecraft/network/NetworkSystem$2
CLASS	ll$3	net/minecraft/network/NetworkSystem$3
CLASS	ll$4	net/minecraft/network/NetworkSystem$4
CLASS	ll$5	net/minecraft/network/NetworkSystem$5
CLASS	ll$6	net/minecraft/network/NetworkSystem$6
CLASS	ll$7	net/minecraft/network/NetworkSystem$7
CLASS	lm	net/minecraft/network/NetHandlerPlayServer
CLASS	lm$1	net/minecraft/network/NetHandlerPlayServer$1
CLASS	lm$2	net/minecraft/network/NetHandlerPlayServer$2
CLASS	lm$3	net/minecraft/network/NetHandlerPlayServer$3
CLASS	lm$4	net/minecraft/network/NetHandlerPlayServer$4
CLASS	ln	net/minecraft/server/network/NetHandlerHandshakeTCP
CLASS	ln$1	net/minecraft/server/network/NetHandlerHandshakeTCP$1
CLASS	lo	net/minecraft/server/network/NetHandlerLoginServer
CLASS	lo$1	net/minecraft/server/network/NetHandlerLoginServer$1
CLASS	lo$2	net/minecraft/server/network/NetHandlerLoginServer$2
CLASS	lo$a	net/minecraft/server/network/NetHandlerLoginServer$LoginState
CLASS	lp	net/minecraft/server/network/NetHandlerStatusServer
CLASS	ls	net/minecraft/server/management/BanEntry
CLASS	lt	net/minecraft/server/management/PlayerProfileCache
CLASS	lt$1	net/minecraft/server/management/PlayerProfileCache$1
CLASS	lt$2	net/minecraft/server/management/PlayerProfileCache$2
CLASS	lt$a	net/minecraft/server/management/PlayerProfileCache$ProfileEntry
CLASS	lt$b	net/minecraft/server/management/PlayerProfileCache$Serializer
CLASS	lu	net/minecraft/server/management/BanList
CLASS	lv	net/minecraft/server/management/IPBanEntry
CLASS	lw	net/minecraft/server/management/PreYggdrasilConverter
CLASS	lw$1	net/minecraft/server/management/PreYggdrasilConverter$1
CLASS	lw$2	net/minecraft/server/management/PreYggdrasilConverter$2
CLASS	lw$3	net/minecraft/server/management/PreYggdrasilConverter$3
CLASS	lw$4	net/minecraft/server/management/PreYggdrasilConverter$4
CLASS	lw$5	net/minecraft/server/management/PreYggdrasilConverter$5
CLASS	lw$6	net/minecraft/server/management/PreYggdrasilConverter$6
CLASS	lw$a	net/minecraft/server/management/PreYggdrasilConverter$ConversionError
CLASS	lx	net/minecraft/server/management/ServerConfigurationManager
CLASS	lx$1	net/minecraft/server/management/ServerConfigurationManager$1
CLASS	ly	net/minecraft/server/management/UserListOps
CLASS	lz	net/minecraft/server/management/UserListOpsEntry
CLASS	m	net/minecraft/command/ICommandSender
CLASS	ma	net/minecraft/server/management/UserListEntry
CLASS	mb	net/minecraft/server/management/UserList
CLASS	mb$1	net/minecraft/server/management/UserList$1
CLASS	mb$a	net/minecraft/server/management/UserList$Serializer
CLASS	mc	net/minecraft/server/management/UserListBans
CLASS	md	net/minecraft/server/management/UserListBansEntry
CLASS	me	net/minecraft/server/management/UserListWhitelist
CLASS	mf	net/minecraft/server/management/UserListWhitelistEntry
CLASS	mh	net/minecraft/network/rcon/RConOutputStream
CLASS	mi	net/minecraft/network/rcon/RConUtils
CLASS	mj	net/minecraft/network/rcon/RConConsoleSource
CLASS	ml	net/minecraft/network/rcon/RConThreadBase
CLASS	mm	net/minecraft/network/rcon/RConThreadQuery
CLASS	mm$a	net/minecraft/network/rcon/RConThreadQuery$Auth
CLASS	mn	net/minecraft/network/rcon/RConThreadClient
CLASS	mo	net/minecraft/network/rcon/RConThreadMain
CLASS	mq	net/minecraft/stats/Achievement
CLASS	mr	net/minecraft/stats/AchievementList
CLASS	ms	net/minecraft/stats/IStatStringFormat
CLASS	mt	net/minecraft/stats/StatBasic
CLASS	mu	net/minecraft/stats/StatCrafting
CLASS	mv	net/minecraft/stats/StatisticsFile
CLASS	mw	net/minecraft/stats/StatBase
CLASS	mw$1	net/minecraft/stats/StatBase$1
CLASS	mw$2	net/minecraft/stats/StatBase$2
CLASS	mw$3	net/minecraft/stats/StatBase$3
CLASS	mw$4	net/minecraft/stats/StatBase$4
CLASS	mx	net/minecraft/stats/IStatType
CLASS	my	net/minecraft/util/TupleIntJsonSerializable
CLASS	mz	net/minecraft/util/IJsonSerializable
CLASS	n	net/minecraft/command/CommandResultStats
CLASS	n$1	net/minecraft/command/CommandResultStats$1
CLASS	n$a	net/minecraft/command/CommandResultStats$Type
CLASS	na	net/minecraft/stats/StatList
CLASS	nb	net/minecraft/stats/StatFileWriter
CLASS	nc	net/minecraft/util/JsonSerializableSet
CLASS	ne	net/minecraft/util/ClassInheritanceMultiMap
CLASS	ne$1	net/minecraft/util/ClassInheritanceMultiMap$1
CLASS	net/minecraft/client/ClientBrandRetriever	net/minecraft/client/ClientBrandRetriever
CLASS	net/minecraft/client/main/Main	net/minecraft/client/main/Main
CLASS	net/minecraft/client/main/Main$1	net/minecraft/client/main/Main$1
CLASS	net/minecraft/client/main/Main$2	net/minecraft/client/main/Main$2
CLASS	net/minecraft/realms/DisconnectedRealmsScreen	net/minecraft/realms/DisconnectedRealmsScreen
CLASS	net/minecraft/realms/Realms	net/minecraft/realms/Realms
CLASS	net/minecraft/realms/RealmsAnvilLevelStorageSource	net/minecraft/realms/RealmsAnvilLevelStorageSource
CLASS	net/minecraft/realms/RealmsBridge	net/minecraft/realms/RealmsBridge
CLASS	net/minecraft/realms/RealmsBufferBuilder	net/minecraft/realms/RealmsBufferBuilder
CLASS	net/minecraft/realms/RealmsButton	net/minecraft/realms/RealmsButton
CLASS	net/minecraft/realms/RealmsClickableScrolledSelectionList	net/minecraft/realms/RealmsClickableScrolledSelectionList
CLASS	net/minecraft/realms/RealmsConnect	net/minecraft/realms/RealmsConnect
CLASS	net/minecraft/realms/RealmsConnect$1	net/minecraft/realms/RealmsConnect$1
CLASS	net/minecraft/realms/RealmsDefaultVertexFormat	net/minecraft/realms/RealmsDefaultVertexFormat
CLASS	net/minecraft/realms/RealmsEditBox	net/minecraft/realms/RealmsEditBox
CLASS	net/minecraft/realms/RealmsLevelSummary	net/minecraft/realms/RealmsLevelSummary
CLASS	net/minecraft/realms/RealmsMth	net/minecraft/realms/RealmsMth
CLASS	net/minecraft/realms/RealmsScreen	net/minecraft/realms/RealmsScreen
CLASS	net/minecraft/realms/RealmsScrolledSelectionList	net/minecraft/realms/RealmsScrolledSelectionList
CLASS	net/minecraft/realms/RealmsServerAddress	net/minecraft/realms/RealmsServerAddress
CLASS	net/minecraft/realms/RealmsServerPing	net/minecraft/realms/RealmsServerPing
CLASS	net/minecraft/realms/RealmsServerStatusPinger	net/minecraft/realms/RealmsServerStatusPinger
CLASS	net/minecraft/realms/RealmsServerStatusPinger$1	net/minecraft/realms/RealmsServerStatusPinger$1
CLASS	net/minecraft/realms/RealmsSharedConstants	net/minecraft/realms/RealmsSharedConstants
CLASS	net/minecraft/realms/RealmsSimpleScrolledSelectionList	net/minecraft/realms/RealmsSimpleScrolledSelectionList
CLASS	net/minecraft/realms/RealmsSliderButton	net/minecraft/realms/RealmsSliderButton
CLASS	net/minecraft/realms/RealmsVertexFormat	net/minecraft/realms/RealmsVertexFormat
CLASS	net/minecraft/realms/RealmsVertexFormatElement	net/minecraft/realms/RealmsVertexFormatElement
CLASS	net/minecraft/realms/Tezzelator	net/minecraft/realms/Tezzelator
CLASS	net/minecraft/server/MinecraftServer	net/minecraft/server/MinecraftServer
CLASS	net/minecraft/server/MinecraftServer$1	net/minecraft/server/MinecraftServer$1
CLASS	net/minecraft/server/MinecraftServer$2	net/minecraft/server/MinecraftServer$2
CLASS	net/minecraft/server/MinecraftServer$3	net/minecraft/server/MinecraftServer$3
CLASS	net/minecraft/server/MinecraftServer$4	net/minecraft/server/MinecraftServer$4
CLASS	ng	net/minecraft/util/CryptManager
CLASS	nh	net/minecraft/util/FrameTimer
CLASS	ni	net/minecraft/util/JsonUtils
CLASS	nj	net/minecraft/util/HttpUtil
CLASS	nj$1	net/minecraft/util/HttpUtil$1
CLASS	nk	net/minecraft/server/management/LowerStringMap
CLASS	nl	net/minecraft/util/IntegerCache
CLASS	nm	net/minecraft/util/IntHashMap
CLASS	nm$a	net/minecraft/util/IntHashMap$Entry
CLASS	no	net/minecraft/util/LazyLoadBase
CLASS	np	net/minecraft/util/ThreadSafeBoundList
CLASS	nq	net/minecraft/util/LongHashMap
CLASS	nq$a	net/minecraft/util/LongHashMap$Entry
CLASS	nr	net/minecraft/util/EnumTypeAdapterFactory
CLASS	nr$1	net/minecraft/util/EnumTypeAdapterFactory$1
CLASS	ns	net/minecraft/util/MathHelper
CLASS	nt	net/minecraft/profiler/Profiler
CLASS	nt$a	net/minecraft/profiler/Profiler$Result
CLASS	nu	net/minecraft/util/IProgressUpdate
CLASS	nv	net/minecraft/util/MouseFilter
CLASS	nw	net/minecraft/util/IStringSerializable
CLASS	nx	net/minecraft/util/StringUtils
CLASS	nz	net/minecraft/util/Tuple
CLASS	o	net/minecraft/command/PlayerSelector
CLASS	o$1	net/minecraft/command/PlayerSelector$1
CLASS	o$10	net/minecraft/command/PlayerSelector$10
CLASS	o$11	net/minecraft/command/PlayerSelector$11
CLASS	o$12	net/minecraft/command/PlayerSelector$12
CLASS	o$2	net/minecraft/command/PlayerSelector$2
CLASS	o$3	net/minecraft/command/PlayerSelector$3
CLASS	o$4	net/minecraft/command/PlayerSelector$4
CLASS	o$5	net/minecraft/command/PlayerSelector$5
CLASS	o$6	net/minecraft/command/PlayerSelector$6
CLASS	o$7	net/minecraft/command/PlayerSelector$7
CLASS	o$8	net/minecraft/command/PlayerSelector$8
CLASS	o$9	net/minecraft/command/PlayerSelector$9
CLASS	oa	net/minecraft/util/WeightedRandom
CLASS	oa$a	net/minecraft/util/WeightedRandom$Item
CLASS	ob	net/minecraft/util/WeightedRandomChestContent
CLASS	od	net/minecraft/util/IThreadListener
CLASS	of	net/minecraft/inventory/InventoryLargeChest
CLASS	og	net/minecraft/inventory/IInventory
CLASS	oh	net/minecraft/inventory/IInvBasic
CLASS	oi	net/minecraft/inventory/InventoryHelper
CLASS	oj	net/minecraft/world/EnumDifficulty
CLASS	ok	net/minecraft/world/DifficultyInstance
CLASS	ol	net/minecraft/world/IInteractionObject
CLASS	on	net/minecraft/world/LockCode
CLASS	oo	net/minecraft/world/ILockableContainer
CLASS	op	net/minecraft/world/IWorldNameable
CLASS	oq	net/minecraft/inventory/InventoryBasic
CLASS	or	net/minecraft/profiler/PlayerUsageSnooper
CLASS	or$1	net/minecraft/profiler/PlayerUsageSnooper$1
CLASS	os	net/minecraft/profiler/IPlayerUsage
CLASS	ot	net/minecraft/inventory/ISidedInventory
CLASS	ou	net/minecraft/util/CombatEntry
CLASS	ov	net/minecraft/util/CombatTracker
CLASS	ow	net/minecraft/util/DamageSource
CLASS	ox	net/minecraft/util/EntityDamageSource
CLASS	oy	net/minecraft/util/EntityDamageSourceIndirect
CLASS	p	net/minecraft/command/server/CommandAchievement
CLASS	p$1	net/minecraft/command/server/CommandAchievement$1
CLASS	pa	net/minecraft/potion/PotionAbsorption
CLASS	pb	net/minecraft/potion/PotionAttackDamage
CLASS	pc	net/minecraft/potion/PotionHealthBoost
CLASS	pd	net/minecraft/potion/PotionHealth
CLASS	pe	net/minecraft/potion/Potion
CLASS	pf	net/minecraft/potion/PotionEffect
CLASS	ph	net/minecraft/entity/EntityAgeable
CLASS	pi	net/minecraft/entity/passive/IAnimals
CLASS	pk	net/minecraft/entity/Entity
CLASS	pk$1	net/minecraft/entity/Entity$1
CLASS	pk$2	net/minecraft/entity/Entity$2
CLASS	pk$3	net/minecraft/entity/Entity$3
CLASS	pk$4	net/minecraft/entity/Entity$4
CLASS	pm	net/minecraft/entity/EntityList
CLASS	pm$a	net/minecraft/entity/EntityList$EntityEggInfo
CLASS	po	net/minecraft/util/EntitySelectors
CLASS	po$1	net/minecraft/util/EntitySelectors$1
CLASS	po$2	net/minecraft/util/EntitySelectors$2
CLASS	po$3	net/minecraft/util/EntitySelectors$3
CLASS	po$4	net/minecraft/util/EntitySelectors$4
CLASS	po$a	net/minecraft/util/EntitySelectors$ArmoredMob
CLASS	pp	net/minecraft/entity/item/EntityXPOrb
CLASS	pq	net/minecraft/entity/EntityFlying
CLASS	pr	net/minecraft/entity/EntityLivingBase
CLASS	pr$1	net/minecraft/entity/EntityLivingBase$1
CLASS	ps	net/minecraft/entity/EntityLiving
CLASS	ps$a	net/minecraft/entity/EntityLiving$SpawnPlacementType
CLASS	pt	net/minecraft/entity/EnumCreatureType
CLASS	pu	net/minecraft/entity/IEntityLivingData
CLASS	pv	net/minecraft/entity/EntitySpawnPlacementRegistry
CLASS	pw	net/minecraft/entity/EnumCreatureAttribute
CLASS	px	net/minecraft/entity/IEntityOwnable
CLASS	py	net/minecraft/entity/EntityCreature
CLASS	pz	net/minecraft/entity/DataWatcher
CLASS	pz$a	net/minecraft/entity/DataWatcher$WatchableObject
CLASS	q	net/minecraft/command/server/CommandBanIp
CLASS	qa	net/minecraft/entity/passive/EntityTameable
CLASS	qb	net/minecraft/entity/ai/attributes/IAttribute
CLASS	qc	net/minecraft/entity/ai/attributes/IAttributeInstance
CLASS	qd	net/minecraft/entity/ai/attributes/AttributeModifier
CLASS	qe	net/minecraft/entity/ai/attributes/BaseAttribute
CLASS	qf	net/minecraft/entity/ai/attributes/BaseAttributeMap
CLASS	qh	net/minecraft/entity/ai/attributes/ModifiableAttributeInstance
CLASS	qi	net/minecraft/entity/ai/attributes/ServersideAttributeMap
CLASS	qj	net/minecraft/entity/ai/attributes/RangedAttribute
CLASS	qm	net/minecraft/entity/EntityBodyHelper
CLASS	qo	net/minecraft/entity/ai/EntityJumpHelper
CLASS	qp	net/minecraft/entity/ai/EntityLookHelper
CLASS	qq	net/minecraft/entity/ai/EntityMoveHelper
CLASS	qs	net/minecraft/entity/ai/EntityAIAvoidEntity
CLASS	qs$1	net/minecraft/entity/ai/EntityAIAvoidEntity$1
CLASS	qt	net/minecraft/entity/ai/EntityAIBeg
CLASS	qu	net/minecraft/entity/ai/EntityAIBreakDoor
CLASS	qv	net/minecraft/entity/ai/EntityAIMate
CLASS	qw	net/minecraft/entity/ai/EntityAIControlledByPlayer
CLASS	qx	net/minecraft/entity/ai/EntityAIDoorInteract
CLASS	qy	net/minecraft/entity/ai/EntityAIEatGrass
CLASS	qz	net/minecraft/entity/ai/EntityAIFleeSun
CLASS	r	net/minecraft/command/server/CommandBanPlayer
CLASS	ra	net/minecraft/entity/ai/EntityAISwimming
CLASS	rb	net/minecraft/entity/ai/EntityAIFollowOwner
CLASS	rc	net/minecraft/entity/ai/EntityAIFollowParent
CLASS	rd	net/minecraft/entity/ai/EntityAIBase
CLASS	re	net/minecraft/entity/ai/EntityAITasks
CLASS	re$a	net/minecraft/entity/ai/EntityAITasks$EntityAITaskEntry
CLASS	rf	net/minecraft/entity/ai/EntityAIHarvestFarmland
CLASS	rg	net/minecraft/entity/ai/EntityAIWatchClosest2
CLASS	rh	net/minecraft/entity/ai/EntityAILeapAtTarget
CLASS	ri	net/minecraft/entity/ai/EntityAIWatchClosest
CLASS	rj	net/minecraft/entity/ai/EntityAILookAtTradePlayer
CLASS	rk	net/minecraft/entity/ai/EntityAIVillagerMate
CLASS	rl	net/minecraft/entity/ai/EntityAIAttackOnCollide
CLASS	rm	net/minecraft/entity/ai/EntityAIMoveIndoors
CLASS	rn	net/minecraft/entity/ai/EntityAIMoveThroughVillage
CLASS	ro	net/minecraft/entity/ai/EntityAIMoveToBlock
CLASS	rp	net/minecraft/entity/ai/EntityAIMoveTowardsRestriction
CLASS	rq	net/minecraft/entity/ai/EntityAIMoveTowardsTarget
CLASS	rr	net/minecraft/entity/ai/EntityAIOcelotAttack
CLASS	rs	net/minecraft/entity/ai/EntityAIOcelotSit
CLASS	rt	net/minecraft/entity/ai/EntityAILookAtVillager
CLASS	ru	net/minecraft/entity/ai/EntityAIOpenDoor
CLASS	rv	net/minecraft/entity/ai/EntityAIPanic
CLASS	rw	net/minecraft/entity/ai/EntityAIPlay
CLASS	ry	net/minecraft/entity/ai/EntityAILookIdle
CLASS	rz	net/minecraft/entity/ai/EntityAIWander
CLASS	s	net/minecraft/command/CommandBlockData
CLASS	sa	net/minecraft/entity/ai/EntityAIArrowAttack
CLASS	sb	net/minecraft/entity/ai/EntityAIRestrictOpenDoor
CLASS	sc	net/minecraft/entity/ai/EntityAIRestrictSun
CLASS	sd	net/minecraft/entity/ai/EntityAIRunAroundLikeCrazy
CLASS	se	net/minecraft/entity/ai/EntityAISit
CLASS	sf	net/minecraft/entity/ai/EntityAICreeperSwell
CLASS	sg	net/minecraft/entity/ai/EntityAIFollowGolem
CLASS	sh	net/minecraft/entity/ai/EntityAITempt
CLASS	si	net/minecraft/entity/ai/EntityAITradePlayer
CLASS	sj	net/minecraft/entity/ai/EntityAIVillagerInteract
CLASS	sl	net/minecraft/entity/ai/EntityAIDefendVillage
CLASS	sm	net/minecraft/entity/ai/EntityAIHurtByTarget
CLASS	sn	net/minecraft/entity/ai/EntityAIFindEntityNearest
CLASS	sn$1	net/minecraft/entity/ai/EntityAIFindEntityNearest$1
CLASS	so	net/minecraft/entity/ai/EntityAIFindEntityNearestPlayer
CLASS	so$1	net/minecraft/entity/ai/EntityAIFindEntityNearestPlayer$1
CLASS	sp	net/minecraft/entity/ai/EntityAINearestAttackableTarget
CLASS	sp$1	net/minecraft/entity/ai/EntityAINearestAttackableTarget$1
CLASS	sp$a	net/minecraft/entity/ai/EntityAINearestAttackableTarget$Sorter
CLASS	sq	net/minecraft/entity/ai/EntityAITargetNonTamed
CLASS	sr	net/minecraft/entity/ai/EntityAIOwnerHurtByTarget
CLASS	ss	net/minecraft/entity/ai/EntityAIOwnerHurtTarget
CLASS	st	net/minecraft/entity/ai/EntityAITarget
CLASS	sv	net/minecraft/pathfinding/PathNavigateGround
CLASS	sw	net/minecraft/pathfinding/PathNavigate
CLASS	sx	net/minecraft/pathfinding/PathNavigateClimber
CLASS	sy	net/minecraft/pathfinding/PathNavigateSwimmer
CLASS	t	net/minecraft/command/CommandClearInventory
CLASS	ta	net/minecraft/entity/ai/EntitySenses
CLASS	tc	net/minecraft/entity/ai/RandomPositionGenerator
CLASS	te	net/minecraft/village/VillageDoorInfo
CLASS	tf	net/minecraft/village/Village
CLASS	tf$a	net/minecraft/village/Village$VillageAggressor
CLASS	tg	net/minecraft/village/VillageSiege
CLASS	th	net/minecraft/village/VillageCollection
CLASS	tj	net/minecraft/entity/passive/EntityAmbientCreature
CLASS	tk	net/minecraft/entity/passive/EntityBat
CLASS	tm	net/minecraft/entity/passive/EntityAnimal
CLASS	tn	net/minecraft/entity/passive/EntityChicken
CLASS	to	net/minecraft/entity/passive/EntityCow
CLASS	tp	net/minecraft/entity/passive/EntityHorse
CLASS	tp$1	net/minecraft/entity/passive/EntityHorse$1
CLASS	tp$a	net/minecraft/entity/passive/EntityHorse$GroupData
CLASS	tq	net/minecraft/entity/monster/EntityGolem
CLASS	tr	net/minecraft/entity/passive/EntityMooshroom
CLASS	ts	net/minecraft/entity/passive/EntityOcelot
CLASS	tt	net/minecraft/entity/passive/EntityPig
CLASS	tu	net/minecraft/entity/passive/EntityRabbit
CLASS	tu$a	net/minecraft/entity/passive/EntityRabbit$AIEvilAttack
CLASS	tu$b	net/minecraft/entity/passive/EntityRabbit$EnumMoveType
CLASS	tu$c	net/minecraft/entity/passive/EntityRabbit$AIAvoidEntity
CLASS	tu$d	net/minecraft/entity/passive/EntityRabbit$RabbitTypeData
CLASS	tu$e	net/minecraft/entity/passive/EntityRabbit$RabbitJumpHelper
CLASS	tu$f	net/minecraft/entity/passive/EntityRabbit$RabbitMoveHelper
CLASS	tu$g	net/minecraft/entity/passive/EntityRabbit$AIPanic
CLASS	tu$h	net/minecraft/entity/passive/EntityRabbit$AIRaidFarm
CLASS	tv	net/minecraft/entity/passive/EntitySheep
CLASS	tv$1	net/minecraft/entity/passive/EntitySheep$1
CLASS	tw	net/minecraft/entity/monster/EntitySnowman
CLASS	tx	net/minecraft/entity/passive/EntitySquid
CLASS	tx$a	net/minecraft/entity/passive/EntitySquid$AIMoveRandom
CLASS	ty	net/minecraft/entity/monster/EntityIronGolem
CLASS	ty$a	net/minecraft/entity/monster/EntityIronGolem$AINearestAttackableTargetNonCreeper
CLASS	ty$a$1	net/minecraft/entity/monster/EntityIronGolem$AINearestAttackableTargetNonCreeper$1
CLASS	tz	net/minecraft/entity/passive/EntityWaterMob
CLASS	u	net/minecraft/command/CommandClone
CLASS	u$a	net/minecraft/command/CommandClone$StaticCloneData
CLASS	ua	net/minecraft/entity/passive/EntityWolf
CLASS	ua$1	net/minecraft/entity/passive/EntityWolf$1
CLASS	uc	net/minecraft/entity/boss/IBossDisplayData
CLASS	ud	net/minecraft/entity/IEntityMultiPart
CLASS	ue	net/minecraft/entity/boss/EntityDragonPart
CLASS	uf	net/minecraft/entity/item/EntityEnderCrystal
CLASS	ug	net/minecraft/entity/boss/EntityDragon
CLASS	uk	net/minecraft/entity/boss/EntityWither
CLASS	uk$1	net/minecraft/entity/boss/EntityWither$1
CLASS	um	net/minecraft/entity/item/EntityArmorStand
CLASS	un	net/minecraft/entity/EntityHanging
CLASS	uo	net/minecraft/entity/item/EntityItemFrame
CLASS	up	net/minecraft/entity/EntityLeashKnot
CLASS	uq	net/minecraft/entity/item/EntityPainting
CLASS	uq$a	net/minecraft/entity/item/EntityPainting$EnumArt
CLASS	ur	net/minecraft/entity/projectile/EntityFishHook
CLASS	us	net/minecraft/util/WeightedRandomFishable
CLASS	uu	net/minecraft/entity/effect/EntityWeatherEffect
CLASS	uv	net/minecraft/entity/effect/EntityLightningBolt
CLASS	ux	net/minecraft/entity/item/EntityBoat
CLASS	uy	net/minecraft/entity/item/EntityFallingBlock
CLASS	uz	net/minecraft/entity/item/EntityItem
CLASS	v	net/minecraft/command/CommandCompare
CLASS	va	net/minecraft/entity/item/EntityMinecart
CLASS	va$1	net/minecraft/entity/item/EntityMinecart$1
CLASS	va$a	net/minecraft/entity/item/EntityMinecart$EnumMinecartType
CLASS	vb	net/minecraft/entity/item/EntityMinecartChest
CLASS	vc	net/minecraft/entity/EntityMinecartCommandBlock
CLASS	vc$1	net/minecraft/entity/EntityMinecartCommandBlock$1
CLASS	vd	net/minecraft/entity/item/EntityMinecartContainer
CLASS	ve	net/minecraft/entity/item/EntityMinecartFurnace
CLASS	vf	net/minecraft/entity/item/EntityMinecartHopper
CLASS	vg	net/minecraft/entity/item/EntityMinecartEmpty
CLASS	vh	net/minecraft/entity/ai/EntityMinecartMobSpawner
CLASS	vh$1	net/minecraft/entity/ai/EntityMinecartMobSpawner$1
CLASS	vi	net/minecraft/entity/item/EntityMinecartTNT
CLASS	vj	net/minecraft/entity/item/EntityTNTPrimed
CLASS	vl	net/minecraft/entity/monster/EntityBlaze
CLASS	vl$a	net/minecraft/entity/monster/EntityBlaze$AIFireballAttack
CLASS	vm	net/minecraft/entity/monster/EntityCaveSpider
CLASS	vn	net/minecraft/entity/monster/EntityCreeper
CLASS	vo	net/minecraft/entity/monster/EntityEnderman
CLASS	vo$1	net/minecraft/entity/monster/EntityEnderman$1
CLASS	vo$a	net/minecraft/entity/monster/EntityEnderman$AIPlaceBlock
CLASS	vo$b	net/minecraft/entity/monster/EntityEnderman$AIFindPlayer
CLASS	vo$c	net/minecraft/entity/monster/EntityEnderman$AITakeBlock
CLASS	vp	net/minecraft/entity/monster/EntityEndermite
CLASS	vq	net/minecraft/entity/monster/IMob
CLASS	vq$1	net/minecraft/entity/monster/IMob$1
CLASS	vq$2	net/minecraft/entity/monster/IMob$2
CLASS	vr	net/minecraft/entity/monster/EntityGhast
CLASS	vr$a	net/minecraft/entity/monster/EntityGhast$AILookAround
CLASS	vr$b	net/minecraft/entity/monster/EntityGhast$GhastMoveHelper
CLASS	vr$c	net/minecraft/entity/monster/EntityGhast$AIFireballAttack
CLASS	vr$d	net/minecraft/entity/monster/EntityGhast$AIRandomFly
CLASS	vs	net/minecraft/entity/monster/EntityGiantZombie
CLASS	vt	net/minecraft/entity/monster/EntityGuardian
CLASS	vt$1	net/minecraft/entity/monster/EntityGuardian$1
CLASS	vt$a	net/minecraft/entity/monster/EntityGuardian$AIGuardianAttack
CLASS	vt$b	net/minecraft/entity/monster/EntityGuardian$GuardianTargetSelector
CLASS	vt$c	net/minecraft/entity/monster/EntityGuardian$GuardianMoveHelper
CLASS	vu	net/minecraft/entity/monster/EntityMagmaCube
CLASS	vv	net/minecraft/entity/monster/EntityMob
CLASS	vw	net/minecraft/entity/monster/EntityPigZombie
CLASS	vw$a	net/minecraft/entity/monster/EntityPigZombie$AITargetAggressor
CLASS	vw$b	net/minecraft/entity/monster/EntityPigZombie$AIHurtByAggressor
CLASS	vx	net/minecraft/entity/IRangedAttackMob
CLASS	vy	net/minecraft/entity/SharedMonsterAttributes
CLASS	vz	net/minecraft/entity/monster/EntitySilverfish
CLASS	vz$a	net/minecraft/entity/monster/EntitySilverfish$AIHideInStone
CLASS	vz$b	net/minecraft/entity/monster/EntitySilverfish$AISummonSilverfish
CLASS	w	net/minecraft/command/server/CommandDeOp
CLASS	wa	net/minecraft/entity/monster/EntitySkeleton
CLASS	wb	net/minecraft/entity/monster/EntitySlime
CLASS	wb$a	net/minecraft/entity/monster/EntitySlime$AISlimeAttack
CLASS	wb$b	net/minecraft/entity/monster/EntitySlime$AISlimeFloat
CLASS	wb$c	net/minecraft/entity/monster/EntitySlime$AISlimeHop
CLASS	wb$d	net/minecraft/entity/monster/EntitySlime$SlimeMoveHelper
CLASS	wb$e	net/minecraft/entity/monster/EntitySlime$AISlimeFaceRandom
CLASS	wc	net/minecraft/entity/monster/EntitySpider
CLASS	wc$a	net/minecraft/entity/monster/EntitySpider$AISpiderAttack
CLASS	wc$b	net/minecraft/entity/monster/EntitySpider$GroupData
CLASS	wc$c	net/minecraft/entity/monster/EntitySpider$AISpiderTarget
CLASS	wd	net/minecraft/entity/monster/EntityWitch
CLASS	we	net/minecraft/entity/monster/EntityZombie
CLASS	we$1	net/minecraft/entity/monster/EntityZombie$1
CLASS	we$a	net/minecraft/entity/monster/EntityZombie$GroupData
CLASS	wg	net/minecraft/entity/NpcMerchant
CLASS	wh	net/minecraft/entity/INpc
CLASS	wi	net/minecraft/entity/passive/EntityVillager
CLASS	wi$a	net/minecraft/entity/passive/EntityVillager$EmeraldForItems
CLASS	wi$b	net/minecraft/entity/passive/EntityVillager$ListEnchantedBookForEmeralds
CLASS	wi$c	net/minecraft/entity/passive/EntityVillager$ListEnchantedItemForEmeralds
CLASS	wi$d	net/minecraft/entity/passive/EntityVillager$ItemAndEmeraldToItem
CLASS	wi$e	net/minecraft/entity/passive/EntityVillager$ListItemForEmeralds
CLASS	wi$f	net/minecraft/entity/passive/EntityVillager$ITradeList
CLASS	wi$g	net/minecraft/entity/passive/EntityVillager$PriceInfo
CLASS	wl	net/minecraft/entity/player/PlayerCapabilities
CLASS	wm	net/minecraft/entity/player/InventoryPlayer
CLASS	wm$1	net/minecraft/entity/player/InventoryPlayer$1
CLASS	wn	net/minecraft/entity/player/EntityPlayer
CLASS	wn$1	net/minecraft/entity/player/EntityPlayer$1
CLASS	wn$a	net/minecraft/entity/player/EntityPlayer$EnumStatus
CLASS	wn$b	net/minecraft/entity/player/EntityPlayer$EnumChatVisibility
CLASS	wo	net/minecraft/entity/player/EnumPlayerModelParts
CLASS	wq	net/minecraft/entity/projectile/EntityArrow
CLASS	wr	net/minecraft/entity/item/EntityEnderEye
CLASS	ws	net/minecraft/entity/projectile/EntityFireball
CLASS	wt	net/minecraft/entity/item/EntityFireworkRocket
CLASS	wu	net/minecraft/entity/projectile/EntityLargeFireball
CLASS	wv	net/minecraft/entity/IProjectile
CLASS	ww	net/minecraft/entity/projectile/EntitySmallFireball
CLASS	wx	net/minecraft/entity/projectile/EntitySnowball
CLASS	wy	net/minecraft/entity/projectile/EntityThrowable
CLASS	wz	net/minecraft/entity/projectile/EntityEgg
CLASS	x	net/minecraft/command/CommandDebug
CLASS	xa	net/minecraft/entity/item/EntityEnderPearl
CLASS	xb	net/minecraft/entity/item/EntityExpBottle
CLASS	xc	net/minecraft/entity/projectile/EntityPotion
CLASS	xd	net/minecraft/entity/projectile/EntityWitherSkull
CLASS	xg	net/minecraft/util/FoodStats
CLASS	xi	net/minecraft/inventory/Container
CLASS	xj	net/minecraft/inventory/AnimalChest
CLASS	xk	net/minecraft/inventory/ContainerRepair
CLASS	xk$1	net/minecraft/inventory/ContainerRepair$1
CLASS	xk$2	net/minecraft/inventory/ContainerRepair$2
CLASS	xl	net/minecraft/inventory/ContainerBeacon
CLASS	xl$a	net/minecraft/inventory/ContainerBeacon$BeaconSlot
CLASS	xm	net/minecraft/inventory/ContainerBrewingStand
CLASS	xm$a	net/minecraft/inventory/ContainerBrewingStand$Ingredient
CLASS	xm$b	net/minecraft/inventory/ContainerBrewingStand$Potion
CLASS	xn	net/minecraft/inventory/ICrafting
CLASS	xo	net/minecraft/inventory/ContainerChest
CLASS	xp	net/minecraft/inventory/InventoryCrafting
CLASS	xq	net/minecraft/inventory/ContainerWorkbench
CLASS	xr	net/minecraft/inventory/ContainerDispenser
CLASS	xs	net/minecraft/inventory/ContainerEnchantment
CLASS	xs$1	net/minecraft/inventory/ContainerEnchantment$1
CLASS	xs$2	net/minecraft/inventory/ContainerEnchantment$2
CLASS	xs$3	net/minecraft/inventory/ContainerEnchantment$3
CLASS	xt	net/minecraft/inventory/SlotFurnaceFuel
CLASS	xu	net/minecraft/inventory/ContainerFurnace
CLASS	xv	net/minecraft/inventory/SlotFurnaceOutput
CLASS	xw	net/minecraft/inventory/ContainerHopper
CLASS	xx	net/minecraft/inventory/ContainerHorseInventory
CLASS	xx$1	net/minecraft/inventory/ContainerHorseInventory$1
CLASS	xx$2	net/minecraft/inventory/ContainerHorseInventory$2
CLASS	xy	net/minecraft/inventory/ContainerPlayer
CLASS	xy$1	net/minecraft/inventory/ContainerPlayer$1
CLASS	y	net/minecraft/command/CommandDefaultGameMode
CLASS	ya	net/minecraft/inventory/InventoryMerchant
CLASS	yb	net/minecraft/inventory/ContainerMerchant
CLASS	yc	net/minecraft/inventory/SlotMerchantResult
CLASS	yd	net/minecraft/inventory/InventoryEnderChest
CLASS	ye	net/minecraft/inventory/InventoryCraftResult
CLASS	yf	net/minecraft/inventory/SlotCrafting
CLASS	yg	net/minecraft/inventory/Slot
CLASS	yi	net/minecraft/item/ItemAnvilBlock
CLASS	yj	net/minecraft/item/ItemArmor
CLASS	yj$1	net/minecraft/item/ItemArmor$1
CLASS	yj$a	net/minecraft/item/ItemArmor$ArmorMaterial
CLASS	yk	net/minecraft/item/ItemArmorStand
CLASS	yl	net/minecraft/item/ItemAxe
CLASS	ym	net/minecraft/item/ItemBanner
CLASS	yn	net/minecraft/item/ItemBed
CLASS	yo	net/minecraft/item/ItemBlock
CLASS	yp	net/minecraft/item/ItemReed
CLASS	yq	net/minecraft/item/ItemBoat
CLASS	yr	net/minecraft/item/ItemBook
CLASS	ys	net/minecraft/item/ItemGlassBottle
CLASS	yt	net/minecraft/item/ItemBow
CLASS	yu	net/minecraft/item/ItemSoup
CLASS	yv	net/minecraft/item/ItemBucket
CLASS	yw	net/minecraft/item/ItemCarrotOnAStick
CLASS	yx	net/minecraft/item/ItemCoal
CLASS	yy	net/minecraft/item/ItemMapBase
CLASS	yz	net/minecraft/creativetab/CreativeTabs
CLASS	yz$1	net/minecraft/creativetab/CreativeTabs$1
CLASS	yz$10	net/minecraft/creativetab/CreativeTabs$10
CLASS	yz$11	net/minecraft/creativetab/CreativeTabs$11
CLASS	yz$12	net/minecraft/creativetab/CreativeTabs$12
CLASS	yz$2	net/minecraft/creativetab/CreativeTabs$2
CLASS	yz$3	net/minecraft/creativetab/CreativeTabs$3
CLASS	yz$4	net/minecraft/creativetab/CreativeTabs$4
CLASS	yz$5	net/minecraft/creativetab/CreativeTabs$5
CLASS	yz$6	net/minecraft/creativetab/CreativeTabs$6
CLASS	yz$7	net/minecraft/creativetab/CreativeTabs$7
CLASS	yz$8	net/minecraft/creativetab/CreativeTabs$8
CLASS	yz$9	net/minecraft/creativetab/CreativeTabs$9
CLASS	z	net/minecraft/command/CommandEffect
CLASS	za	net/minecraft/item/ItemTool
CLASS	zb	net/minecraft/item/ItemDoor
CLASS	zc	net/minecraft/item/ItemDoublePlant
CLASS	zd	net/minecraft/item/EnumDyeColor
CLASS	ze	net/minecraft/item/ItemDye
CLASS	zf	net/minecraft/item/ItemCloth
CLASS	zg	net/minecraft/item/ItemEgg
CLASS	zh	net/minecraft/item/ItemEmptyMap
CLASS	zi	net/minecraft/item/ItemEnchantedBook
CLASS	zj	net/minecraft/item/ItemEnderEye
CLASS	zk	net/minecraft/item/ItemEnderPearl
CLASS	zl	net/minecraft/item/ItemExpBottle
CLASS	zm	net/minecraft/item/ItemFireball
CLASS	zn	net/minecraft/item/ItemFireworkCharge
CLASS	zo	net/minecraft/item/ItemFirework
CLASS	zp	net/minecraft/item/ItemFishFood
CLASS	zp$a	net/minecraft/item/ItemFishFood$FishType
CLASS	zq	net/minecraft/item/ItemFishingRod
CLASS	zr	net/minecraft/item/ItemFlintAndSteel
CLASS	zs	net/minecraft/item/ItemFood
CLASS	zt	net/minecraft/item/ItemAppleGold
CLASS	zu	net/minecraft/item/ItemHangingEntity
CLASS	zv	net/minecraft/item/ItemHoe
CLASS	zv$1	net/minecraft/item/ItemHoe$1
CLASS	zw	net/minecraft/item/Item
CLASS	zw$1	net/minecraft/item/Item$1
CLASS	zw$10	net/minecraft/item/Item$10
CLASS	zw$11	net/minecraft/item/Item$11
CLASS	zw$12	net/minecraft/item/Item$12
CLASS	zw$13	net/minecraft/item/Item$13
CLASS	zw$14	net/minecraft/item/Item$14
CLASS	zw$15	net/minecraft/item/Item$15
CLASS	zw$16	net/minecraft/item/Item$16
CLASS	zw$17	net/minecraft/item/Item$17
CLASS	zw$2	net/minecraft/item/Item$2
CLASS	zw$3	net/minecraft/item/Item$3
CLASS	zw$4	net/minecraft/item/Item$4
CLASS	zw$5	net/minecraft/item/Item$5
CLASS	zw$6	net/minecraft/item/Item$6
CLASS	zw$7	net/minecraft/item/Item$7
CLASS	zw$8	net/minecraft/item/Item$8
CLASS	zw$9	net/minecraft/item/Item$9
CLASS	zw$a	net/minecraft/item/Item$ToolMaterial
CLASS	zx	net/minecraft/item/ItemStack
CLASS	zy	net/minecraft/init/Items
CLASS	zz	net/minecraft/item/ItemLead
METHOD	a	a	(I)La;	func_175744_a
METHOD	a	a	(Ljava/lang/String;)Ljava/lang/String;	getTextWithoutFormattingCodes
METHOD	a	a	(ZZ)Ljava/util/Collection;	getValidValues
METHOD	a	b	()I	getColorIndex
METHOD	a	b	(Ljava/lang/String;)La;	getValueByName
METHOD	a	c	()Z	isFancyStyling
METHOD	a	c	(Ljava/lang/String;)Ljava/lang/String;	func_175745_c
METHOD	a	d	()Z	isColor
METHOD	a	e	()Ljava/lang/String;	getFriendlyName
METHOD	a	toString	()Ljava/lang/String;	toString
METHOD	a	values	()[La;	values
METHOD	aa	a	()I	getRequiredPermissionLevel
METHOD	aa	a	(Lm;[Ljava/lang/String;)V	processCommand
METHOD	aa	a	(Lm;[Ljava/lang/String;Lcj;)Ljava/util/List;	addTabCompletionOptions
METHOD	aa	c	()Ljava/lang/String;	getCommandName
METHOD	aa	c	(Lm;)Ljava/lang/String;	getCommandUsage
METHOD	aaa	a	(I)I	getMetadata
METHOD	aaa	a	(Lzx;I)I	getColorFromItemStack
METHOD	aaa	e_	(Lzx;)Ljava/lang/String;	getUnlocalizedName
METHOD	aab	a	(ILadm;)Latg;	loadMapData
METHOD	aab	a	(Ladm;Lpk;Latg;)V	updateMapData
METHOD	aab	a	(Lzx;Ladm;)Latg;	getMapData
METHOD	aab	a	(Lzx;Ladm;Lpk;IZ)V	onUpdate
METHOD	aab	a	(Lzx;Lwn;Ljava/util/List;Z)V	addInformation
METHOD	aab	c	(Lzx;Ladm;Lwn;)Lff;	createMapDataPacket
METHOD	aab	d	(Lzx;Ladm;Lwn;)V	onCreated
METHOD	aac	a	(Lzx;Ladm;Lwn;)Lzx;	onItemRightClick
METHOD	aac	b	(Lzx;Ladm;Lwn;)Lzx;	onItemUseFinish
METHOD	aac	d	(Lzx;)I	getMaxItemUseDuration
METHOD	aac	e	(Lzx;)Laba;	getItemUseAction
METHOD	aad$1	a	(Lck;)V	playDispenseSound
METHOD	aad$1	b	(Lck;Lzx;)Lzx;	dispenseStack
METHOD	aad	a	(Laad;)Lva$a;	access$000
METHOD	aad	a	(Lzx;Lwn;Ladm;Lcj;Lcq;FFF)Z	onItemUse
METHOD	aae$1	a	(Lzx;)Ljava/lang/String;	apply
METHOD	aae$1	apply	(Ljava/lang/Object;)Ljava/lang/Object;	apply
METHOD	aae	a	(I)I	getMetadata
METHOD	aae	e_	(Lzx;)Ljava/lang/String;	getUnlocalizedName
METHOD	aaf	a	(Lzx;Lwn;Lpr;)Z	itemInteractionForEntity
METHOD	aag	a	(Lzx;Lafh;)F	getStrVsBlock
METHOD	aag	b	(Lafh;)Z	canHarvestBlock
METHOD	aah	a	(I)I	getMetadata
METHOD	aai	a	(Lzw;Lyz;Ljava/util/List;)V	getSubItems
METHOD	aai	a	(Lzx;)Ljava/lang/String;	getItemStackDisplayName
METHOD	aai	a	(Lzx;I)I	getColorFromItemStack
METHOD	aai	a	(Lzx;Ladm;Lwn;)Lzx;	onItemRightClick
METHOD	aai	a	(Lzx;Lwn;Ljava/util/List;Z)V	addInformation
METHOD	aai	b	(Lzx;Ladm;Lwn;)Lzx;	onItemUseFinish
METHOD	aai	d	(Lzx;)I	getMaxItemUseDuration
METHOD	aai	e	(I)Ljava/util/List;	getEffects
METHOD	aai	e	(Lzx;)Laba;	getItemUseAction
METHOD	aai	f	(I)Z	isSplash
METHOD	aai	f	(Lzx;)Z	hasEffect
METHOD	aai	g	(I)I	getColorFromDamage
METHOD	aai	h	(I)Z	isEffectInstant
METHOD	aai	h	(Lzx;)Ljava/util/List;	getEffects
METHOD	aaj	valueOf	(Ljava/lang/String;)Laaj;	valueOf
METHOD	aaj	values	()[Laaj;	values
METHOD	aak	a	(Lzx;Lwn;Ladm;Lcj;Lcq;FFF)Z	onItemUse
METHOD	aak	a	(Lzx;Lwn;Ljava/util/List;Z)V	addInformation
METHOD	aak	b	(Ljava/lang/String;)Laak;	getRecord
METHOD	aak	g	()Ljava/lang/String;	getRecordNameLocal
METHOD	aak	g	(Lzx;)Laaj;	getRarity
METHOD	aal	a	(Lzx;Lwn;Ladm;Lcj;Lcq;FFF)Z	onItemUse
METHOD	aam	a	(Lzx;Lpr;Lpr;)Z	hitEntity
METHOD	aam	a	(Lzx;Lwn;Lpr;)Z	itemInteractionForEntity
METHOD	aan	a	(Lzx;Lwn;Ladm;Lcj;Lcq;FFF)Z	onItemUse
METHOD	aao	a	(Lzx;Lwn;Ladm;Lcj;Lcq;FFF)Z	onItemUse
METHOD	aap	a	(Lzx;Ladm;Lafh;Lcj;Lpr;)Z	onBlockDestroyed
METHOD	aap	a	(Lzx;Lafh;)F	getStrVsBlock
METHOD	aap	b	(Lafh;)Z	canHarvestBlock
METHOD	aaq	b	(Lafh;)Z	canHarvestBlock
METHOD	aar	a	(Lzx;Lwn;Ladm;Lcj;Lcq;FFF)Z	onItemUse
METHOD	aas	f	(Lzx;)Z	hasEffect
METHOD	aat	a	(I)I	getMetadata
METHOD	aat	a	(Ldn;)Z	updateItemStackNBT
METHOD	aat	a	(Lzw;Lyz;Ljava/util/List;)V	getSubItems
METHOD	aat	a	(Lzx;)Ljava/lang/String;	getItemStackDisplayName
METHOD	aat	a	(Lzx;Lwn;Ladm;Lcj;Lcq;FFF)Z	onItemUse
METHOD	aat	e_	(Lzx;)Ljava/lang/String;	getUnlocalizedName
METHOD	aau	a	(I)I	getMetadata
METHOD	aau	a	(Ladm;Lcj;Lcq;Lwn;Lzx;)Z	canPlaceBlockOnSide
METHOD	aau	a	(Lzx;Ladm;Lcj;Ljava/lang/Object;)Z	tryPlace
METHOD	aau	a	(Lzx;Lwn;Ladm;Lcj;Lcq;FFF)Z	onItemUse
METHOD	aau	e_	(Lzx;)Ljava/lang/String;	getUnlocalizedName
METHOD	aav	a	(I)I	getMetadata
METHOD	aav	a	(Lzx;Lwn;Ladm;Lcj;Lcq;FFF)Z	onItemUse
METHOD	aaw	a	(Lzx;Ladm;Lwn;)Lzx;	onItemRightClick
METHOD	aax	a	(Ladm;IDDD)Lpk;	spawnCreature
METHOD	aax	a	(Lzw;Lyz;Ljava/util/List;)V	getSubItems
METHOD	aax	a	(Lzx;)Ljava/lang/String;	getItemStackDisplayName
METHOD	aax	a	(Lzx;I)I	getColorFromItemStack
METHOD	aax	a	(Lzx;Ladm;Lwn;)Lzx;	onItemRightClick
METHOD	aax	a	(Lzx;Lwn;Ladm;Lcj;Lcq;FFF)Z	onItemUse
METHOD	aay	a	(Lzx;Ladm;Lafh;Lcj;Lpr;)Z	onBlockDestroyed
METHOD	aay	a	(Lzx;Ladm;Lwn;)Lzx;	onItemRightClick
METHOD	aay	a	(Lzx;Lafh;)F	getStrVsBlock
METHOD	aay	a	(Lzx;Lpr;Lpr;)Z	hitEntity
METHOD	aay	a	(Lzx;Lzx;)Z	getIsRepairable
METHOD	aay	b	()I	getItemEnchantability
METHOD	aay	b	(Lafh;)Z	canHarvestBlock
METHOD	aay	d	(Lzx;)I	getMaxItemUseDuration
METHOD	aay	e	(Lzx;)Laba;	getItemUseAction
METHOD	aay	g	()F	getDamageVsEntity
METHOD	aay	h	()Ljava/lang/String;	getToolMaterialName
METHOD	aay	i	()Lcom/google/common/collect/Multimap;	getItemAttributeModifiers
METHOD	aay	w_	()Z	isFull3D
METHOD	aaz	a	(I)I	getMetadata
METHOD	aaz	a	(Lzx;I)I	getColorFromItemStack
METHOD	aaz	a	([Ljava/lang/String;)Laaz;	setSubtypeNames
METHOD	aaz	e_	(Lzx;)Ljava/lang/String;	getUnlocalizedName
METHOD	ab	a	()I	getRequiredPermissionLevel
METHOD	ab	a	(Lm;[Ljava/lang/String;)V	processCommand
METHOD	ab	a	(Lm;[Ljava/lang/String;Lcj;)Ljava/util/List;	addTabCompletionOptions
METHOD	ab	b	([Ljava/lang/String;I)Z	isUsernameIndex
METHOD	ab	c	()Ljava/lang/String;	getCommandName
METHOD	ab	c	(Lm;)Ljava/lang/String;	getCommandUsage
METHOD	ab	d	()[Ljava/lang/String;	getListOfPlayers
METHOD	aba	valueOf	(Ljava/lang/String;)Laba;	valueOf
METHOD	aba	values	()[Laba;	values
METHOD	abb	a	(Lzx;I)I	getColorFromItemStack
METHOD	abb	a	(Lzx;Ladm;Lwn;)Lzx;	onItemRightClick
METHOD	abc	a	(Lzx;Ladm;Lwn;)Lzx;	onItemRightClick
METHOD	abc	b	(Ldn;)Z	isNBTValid
METHOD	abd	a	(Lzx;)Ljava/lang/String;	getItemStackDisplayName
METHOD	abd	a	(Lzx;Ladm;Lwn;)Lzx;	onItemRightClick
METHOD	abd	a	(Lzx;Lwn;)V	resolveContents
METHOD	abd	a	(Lzx;Lwn;Ljava/util/List;Z)V	addInformation
METHOD	abd	b	(Ldn;)Z	validBookTagContents
METHOD	abd	f	(Lzx;)Z	hasEffect
METHOD	abd	h	(Lzx;)I	getGeneration
METHOD	abe	a	(I)I	getPotionPrefixIndex
METHOD	abe	a	(II)Z	checkFlag
METHOD	abe	a	(IIIIII)I	getPotionPrefixIndexFlags
METHOD	abe	a	(IIZZZ)I	brewBitOperations
METHOD	abe	a	(ILjava/lang/String;)I	applyIngredient
METHOD	abe	a	(IZ)I	getLiquidColor
METHOD	abe	a	(Ljava/lang/String;III)I	parsePotionEffects
METHOD	abe	a	(Ljava/util/Collection;)I	calcPotionLiquidColor
METHOD	abe	a	(ZZZIIII)I	getPotionEffect
METHOD	abe	b	(IZ)Ljava/util/List;	getPotionEffects
METHOD	abe	b	(Ljava/util/Collection;)Z	getAreAmbient
METHOD	abe	c	(I)Ljava/lang/String;	getPotionPrefix
METHOD	abe	c	(II)I	isFlagSet
METHOD	abe	d	(II)I	isFlagUnset
METHOD	abe	h	(I)I	countSetFlags
METHOD	abh	a	()I	getRecipeSize
METHOD	abh	a	(Lxp;)Lzx;	getCraftingResult
METHOD	abh	a	(Lxp;Ladm;)Z	matches
METHOD	abh	b	()Lzx;	getRecipeOutput
METHOD	abh	b	(Lxp;)[Lzx;	getRemainingItems
METHOD	abi	a	(Labt;)V	addRecipes
METHOD	abj$a	a	()I	getRecipeSize
METHOD	abj$a	a	(Lxp;)Lzx;	getCraftingResult
METHOD	abj$a	a	(Lxp;Ladm;)Z	matches
METHOD	abj$a	b	()Lzx;	getRecipeOutput
METHOD	abj$a	b	(Lxp;)[Lzx;	getRemainingItems
METHOD	abj$a	c	(Lxp;)Laku$a;	func_179533_c
METHOD	abj$b	a	()I	getRecipeSize
METHOD	abj$b	a	(Lxp;)Lzx;	getCraftingResult
METHOD	abj$b	a	(Lxp;Ladm;)Z	matches
METHOD	abj$b	b	()Lzx;	getRecipeOutput
METHOD	abj$b	b	(Lxp;)[Lzx;	getRemainingItems
METHOD	abj	a	(Labt;)V	addRecipes
METHOD	abk	a	()I	getRecipeSize
METHOD	abk	a	(Lxp;)Lzx;	getCraftingResult
METHOD	abk	a	(Lxp;Ladm;)Z	matches
METHOD	abk	b	()Lzx;	getRecipeOutput
METHOD	abk	b	(Lxp;)[Lzx;	getRemainingItems
METHOD	abl	a	(Labt;)V	addRecipes
METHOD	abm	a	()I	getRecipeSize
METHOD	abm	a	(Lxp;)Lzx;	getCraftingResult
METHOD	abm	a	(Lxp;Ladm;)Z	matches
METHOD	abm	b	()Lzx;	getRecipeOutput
METHOD	abm	b	(Lxp;)[Lzx;	getRemainingItems
METHOD	abn	a	(Labt;)V	addRecipes
METHOD	abo	a	()Labo;	instance
METHOD	abo	a	(Lafh;Lzx;F)V	addSmeltingRecipeForBlock
METHOD	abo	a	(Lzw;Lzx;F)V	addSmelting
METHOD	abo	a	(Lzx;)Lzx;	getSmeltingResult
METHOD	abo	a	(Lzx;Lzx;)Z	compareItemStacks
METHOD	abo	a	(Lzx;Lzx;F)V	addSmeltingRecipe
METHOD	abo	b	()Ljava/util/Map;	getSmeltingList
METHOD	abo	b	(Lzx;)F	getSmeltingExperience
METHOD	abp	a	()I	getRecipeSize
METHOD	abp	a	(Lxp;)Lzx;	getCraftingResult
METHOD	abp	a	(Lxp;Ladm;)Z	matches
METHOD	abp	b	()Lzx;	getRecipeOutput
METHOD	abp	b	(Lxp;)[Lzx;	getRemainingItems
METHOD	abq	a	(Lxp;)Lzx;	getCraftingResult
METHOD	abq	a	(Lxp;Ladm;)Z	matches
METHOD	abr	a	(Labt;)V	addRecipes
METHOD	abs	a	()I	getRecipeSize
METHOD	abs	a	(Lxp;)Lzx;	getCraftingResult
METHOD	abs	a	(Lxp;Ladm;)Z	matches
METHOD	abs	b	()Lzx;	getRecipeOutput
METHOD	abs	b	(Lxp;)[Lzx;	getRemainingItems
METHOD	abt$1	a	(Labs;Labs;)I	compare
METHOD	abt$1	compare	(Ljava/lang/Object;Ljava/lang/Object;)I	compare
METHOD	abt	a	()Labt;	getInstance
METHOD	abt	a	(Labs;)V	addRecipe
METHOD	abt	a	(Lxp;Ladm;)Lzx;	findMatchingRecipe
METHOD	abt	a	(Lzx;[Ljava/lang/Object;)Labv;	addRecipe
METHOD	abt	b	()Ljava/util/List;	getRecipeList
METHOD	abt	b	(Lxp;Ladm;)[Lzx;	func_180303_b
METHOD	abt	b	(Lzx;[Ljava/lang/Object;)V	addShapelessRecipe
METHOD	abu	a	()I	getRecipeSize
METHOD	abu	a	(Lxp;)Lzx;	getCraftingResult
METHOD	abu	a	(Lxp;Ladm;)Z	matches
METHOD	abu	b	()Lzx;	getRecipeOutput
METHOD	abu	b	(Lxp;)[Lzx;	getRemainingItems
METHOD	abv	a	()I	getRecipeSize
METHOD	abv	a	(Lxp;)Lzx;	getCraftingResult
METHOD	abv	a	(Lxp;IIZ)Z	checkMatch
METHOD	abv	a	(Lxp;Ladm;)Z	matches
METHOD	abv	b	()Lzx;	getRecipeOutput
METHOD	abv	b	(Lxp;)[Lzx;	getRemainingItems
METHOD	abw	a	()I	getRecipeSize
METHOD	abw	a	(Lxp;)Lzx;	getCraftingResult
METHOD	abw	a	(Lxp;Ladm;)Z	matches
METHOD	abw	b	()Lzx;	getRecipeOutput
METHOD	abw	b	(Lxp;)[Lzx;	getRemainingItems
METHOD	abx	a	(Labt;)V	addRecipes
METHOD	aby	a	(Labt;)V	addRecipes
METHOD	abz	a	(Labt;)V	addRecipes
METHOD	ac	a	()I	getRequiredPermissionLevel
METHOD	ac	a	(Lm;[Ljava/lang/String;)V	processCommand
METHOD	ac	b	([Ljava/lang/String;I)Z	isUsernameIndex
METHOD	ac	c	()Ljava/lang/String;	getCommandName
METHOD	ac	c	(Lm;)Ljava/lang/String;	getCommandUsage
METHOD	acb	a	(I)I	getMinEnchantability
METHOD	acb	b	()I	getMaxLevel
METHOD	acb	b	(I)I	getMaxEnchantability
METHOD	acc	a	(I)I	getMinEnchantability
METHOD	acc	b	()I	getMaxLevel
METHOD	acc	b	(I)I	getMaxEnchantability
METHOD	acd	a	(I)I	getMinEnchantability
METHOD	acd	b	()I	getMaxLevel
METHOD	acd	b	(I)I	getMaxEnchantability
METHOD	ace	a	(I)I	getMinEnchantability
METHOD	ace	b	()I	getMaxLevel
METHOD	ace	b	(I)I	getMaxEnchantability
METHOD	acf	a	()Ljava/lang/String;	getName
METHOD	acf	a	(I)I	getMinEnchantability
METHOD	acf	a	(ILpw;)F	calcDamageByCreature
METHOD	acf	a	(Laci;)Z	canApplyTogether
METHOD	acf	a	(Lpr;Lpk;I)V	onEntityDamaged
METHOD	acf	a	(Lzx;)Z	canApply
METHOD	acf	b	()I	getMaxLevel
METHOD	acf	b	(I)I	getMaxEnchantability
METHOD	acg	a	(I)I	getMinEnchantability
METHOD	acg	a	(Lzx;)Z	canApply
METHOD	acg	a	(Lzx;ILjava/util/Random;)Z	negateDamage
METHOD	acg	b	()I	getMaxLevel
METHOD	acg	b	(I)I	getMaxEnchantability
METHOD	ach	a	(I)I	getMinEnchantability
METHOD	ach	a	(Lzx;)Z	canApply
METHOD	ach	b	()I	getMaxLevel
METHOD	ach	b	(I)I	getMaxEnchantability
METHOD	aci	a	()Ljava/lang/String;	getName
METHOD	aci	a	(I)I	getMinEnchantability
METHOD	aci	a	(ILow;)I	calcModifierDamage
METHOD	aci	a	(ILpw;)F	calcDamageByCreature
METHOD	aci	a	(Laci;)Z	canApplyTogether
METHOD	aci	a	(Lpr;Lpk;I)V	onEntityDamaged
METHOD	aci	a	(Lzx;)Z	canApply
METHOD	aci	b	()I	getMaxLevel
METHOD	aci	b	(I)I	getMaxEnchantability
METHOD	aci	b	(Ljava/lang/String;)Laci;	getEnchantmentByLocation
METHOD	aci	b	(Lpr;Lpk;I)V	onUserHurt
METHOD	aci	c	()Ljava/util/Set;	func_181077_c
METHOD	aci	c	(I)Laci;	getEnchantmentById
METHOD	aci	c	(Ljava/lang/String;)Laci;	setName
METHOD	aci	d	()I	getWeight
METHOD	aci	d	(I)Ljava/lang/String;	getTranslatedName
METHOD	aci	e	()I	getMinLevel
METHOD	acj	a	(Lzw;)Z	canEnchantItem
METHOD	acj	valueOf	(Ljava/lang/String;)Lacj;	valueOf
METHOD	acj	values	()[Lacj;	values
METHOD	ack$a	a	(Laci;I)V	calculateModifier
METHOD	ack$b	a	(Laci;I)V	calculateModifier
METHOD	ack$c	a	(Laci;I)V	calculateModifier
METHOD	ack$d	a	(Laci;I)V	calculateModifier
METHOD	ack$e	a	(Laci;I)V	calculateModifier
METHOD	ack	a	(ILzx;)I	getEnchantmentLevel
METHOD	ack	a	(I[Lzx;)I	getMaxEnchantmentLevel
METHOD	ack	a	(Laci;Lpr;)Lzx;	getEnchantedItem
METHOD	ack	a	(Lack$c;Lzx;)V	applyEnchantmentModifier
METHOD	ack	a	(Lack$c;[Lzx;)V	applyEnchantmentModifierArray
METHOD	ack	a	(Ljava/util/Map;Lzx;)V	setEnchantments
METHOD	ack	a	(Ljava/util/Random;IILzx;)I	calcItemStackEnchantability
METHOD	ack	a	(Ljava/util/Random;Lzx;I)Lzx;	addRandomEnchantment
METHOD	ack	a	(Lpk;)I	getRespiration
METHOD	ack	a	(Lpr;)I	getKnockbackModifier
METHOD	ack	a	(Lpr;Lpk;)V	applyThornEnchantments
METHOD	ack	a	(Lzx;)Ljava/util/Map;	getEnchantments
METHOD	ack	a	(Lzx;Lpw;)F	getModifierForCreature
METHOD	ack	a	([Lzx;Low;)I	getEnchantmentModifierDamage
METHOD	ack	b	(ILzx;)Ljava/util/Map;	mapEnchantmentData
METHOD	ack	b	(Ljava/util/Random;Lzx;I)Ljava/util/List;	buildEnchantmentList
METHOD	ack	b	(Lpk;)I	getDepthStriderModifier
METHOD	ack	b	(Lpr;)I	getFireAspectModifier
METHOD	ack	b	(Lpr;Lpk;)V	applyArthropodEnchantments
METHOD	ack	c	(Lpr;)I	getEfficiencyModifier
METHOD	ack	e	(Lpr;)Z	getSilkTouchModifier
METHOD	ack	f	(Lpr;)I	getFortuneModifier
METHOD	ack	g	(Lpr;)I	getLuckOfSeaModifier
METHOD	ack	h	(Lpr;)I	getLureModifier
METHOD	ack	i	(Lpr;)I	getLootingModifier
METHOD	ack	j	(Lpr;)Z	getAquaAffinityModifier
METHOD	acm	a	(I)I	getMinEnchantability
METHOD	acm	b	()I	getMaxLevel
METHOD	acm	b	(I)I	getMaxEnchantability
METHOD	acn	a	(I)I	getMinEnchantability
METHOD	acn	b	()I	getMaxLevel
METHOD	acn	b	(I)I	getMaxEnchantability
METHOD	aco	a	(I)I	getMinEnchantability
METHOD	aco	b	()I	getMaxLevel
METHOD	aco	b	(I)I	getMaxEnchantability
METHOD	acp	a	(I)I	getMinEnchantability
METHOD	acp	a	(Laci;)Z	canApplyTogether
METHOD	acp	b	()I	getMaxLevel
METHOD	acp	b	(I)I	getMaxEnchantability
METHOD	acq	a	(I)I	getMinEnchantability
METHOD	acq	b	()I	getMaxLevel
METHOD	acq	b	(I)I	getMaxEnchantability
METHOD	acr	a	()Ljava/lang/String;	getName
METHOD	acr	a	(I)I	getMinEnchantability
METHOD	acr	a	(ILow;)I	calcModifierDamage
METHOD	acr	a	(Laci;)Z	canApplyTogether
METHOD	acr	a	(Lpk;D)D	func_92092_a
METHOD	acr	a	(Lpk;I)I	getFireTimeForEntity
METHOD	acr	b	()I	getMaxLevel
METHOD	acr	b	(I)I	getMaxEnchantability
METHOD	acs	a	(I)I	getMinEnchantability
METHOD	acs	a	(ILjava/util/Random;)Z	func_92094_a
METHOD	acs	a	(Lzx;)Z	canApply
METHOD	acs	b	()I	getMaxLevel
METHOD	acs	b	(I)I	getMaxEnchantability
METHOD	acs	b	(ILjava/util/Random;)I	func_92095_b
METHOD	acs	b	(Lpr;Lpk;I)V	onUserHurt
METHOD	act	a	(I)I	getMinEnchantability
METHOD	act	a	(Laci;)Z	canApplyTogether
METHOD	act	a	(Lzx;)Z	canApply
METHOD	act	b	()I	getMaxLevel
METHOD	act	b	(I)I	getMaxEnchantability
METHOD	acu	a	(I)I	getMinEnchantability
METHOD	acu	b	()I	getMaxLevel
METHOD	acu	b	(I)I	getMaxEnchantability
METHOD	acv	a	(I)I	getMinEnchantability
METHOD	acv	b	()I	getMaxLevel
METHOD	acv	b	(I)I	getMaxEnchantability
METHOD	acy	a	(Lacz;)V	useRecipe
METHOD	acy	a	(Lada;)V	setRecipes
METHOD	acy	a_	(Lwn;)V	setCustomer
METHOD	acy	a_	(Lzx;)V	verifySellingItem
METHOD	acy	b_	(Lwn;)Lada;	getRecipes
METHOD	acy	f_	()Leu;	getDisplayName
METHOD	acy	v_	()Lwn;	getCustomer
METHOD	acz	a	()Lzx;	getItemToBuy
METHOD	acz	a	(I)V	increaseMaxTradeUses
METHOD	acz	a	(Ldn;)V	readFromTags
METHOD	acz	b	()Lzx;	getSecondItemToBuy
METHOD	acz	c	()Z	hasSecondItemToBuy
METHOD	acz	d	()Lzx;	getItemToSell
METHOD	acz	e	()I	getToolUses
METHOD	acz	f	()I	getMaxTradeUses
METHOD	acz	g	()V	incrementToolUses
METHOD	acz	h	()Z	isRecipeDisabled
METHOD	acz	i	()V	compensateToolUses
METHOD	acz	j	()Z	getRewardsExp
METHOD	acz	k	()Ldn;	writeToTags
METHOD	ad$1	a	(ILjava/lang/String;)Z	canCommandSenderUseCommand
METHOD	ad$1	a	(Leu;)V	addChatMessage
METHOD	ad$1	a	(Ln$a;I)V	setCommandStat
METHOD	ad$1	c	()Lcj;	getPosition
METHOD	ad$1	d	()Laui;	getPositionVector
METHOD	ad$1	e	()Ladm;	getEntityWorld
METHOD	ad$1	e_	()Ljava/lang/String;	getName
METHOD	ad$1	f	()Lpk;	getCommandSenderEntity
METHOD	ad$1	f_	()Leu;	getDisplayName
METHOD	ad$1	u_	()Z	sendCommandFeedback
METHOD	ad	a	()I	getRequiredPermissionLevel
METHOD	ad	a	(Lm;[Ljava/lang/String;)V	processCommand
METHOD	ad	a	(Lm;[Ljava/lang/String;Lcj;)Ljava/util/List;	addTabCompletionOptions
METHOD	ad	b	([Ljava/lang/String;I)Z	isUsernameIndex
METHOD	ad	c	()Ljava/lang/String;	getCommandName
METHOD	ad	c	(Lm;)Ljava/lang/String;	getCommandUsage
METHOD	ada	a	()Ldn;	getRecipiesAsTags
METHOD	ada	a	(Ldn;)V	readRecipiesFromTags
METHOD	ada	a	(Lem;)V	writeToBuf
METHOD	ada	a	(Lzx;Lzx;)Z	func_181078_a
METHOD	ada	a	(Lzx;Lzx;I)Lacz;	canRecipeBeUsed
METHOD	ada	b	(Lem;)Lada;	readFromBuf
METHOD	adc$1	a	()Ljava/lang/String;	call
METHOD	adc$1	call	()Ljava/lang/Object;	call
METHOD	adc$2	a	()Ljava/lang/String;	call
METHOD	adc$2	call	()Ljava/lang/Object;	call
METHOD	adc	a	(ILjava/lang/String;)Z	canCommandSenderUseCommand
METHOD	adc	a	(Ladm;)V	trigger
METHOD	adc	a	(Ldn;)V	writeDataToNBT
METHOD	adc	a	(Leu;)V	addChatMessage
METHOD	adc	a	(Lio/netty/buffer/ByteBuf;)V	func_145757_a
METHOD	adc	a	(Ljava/lang/String;)V	setCommand
METHOD	adc	a	(Ln$a;I)V	setCommandStat
METHOD	adc	a	(Lwn;)Z	tryOpenEditCommandBlock
METHOD	adc	a	(Z)V	setTrackOutput
METHOD	adc	b	(Ldn;)V	readDataFromNBT
METHOD	adc	b	(Leu;)V	setLastOutput
METHOD	adc	b	(Ljava/lang/String;)V	setName
METHOD	adc	e_	()Ljava/lang/String;	getName
METHOD	adc	f_	()Leu;	getDisplayName
METHOD	adc	h	()V	updateCommand
METHOD	adc	i	()I	func_145751_f
METHOD	adc	j	()I	getSuccessCount
METHOD	adc	k	()Leu;	getLastOutput
METHOD	adc	l	()Ljava/lang/String;	getCommand
METHOD	adc	m	()Z	shouldTrackOutput
METHOD	adc	n	()Ln;	getCommandResultStats
METHOD	adc	u_	()Z	sendCommandFeedback
METHOD	add$a	a	()Ldn;	toNBT
METHOD	add$a	a	(Ladd$a;)Ljava/lang/String;	access$000
METHOD	add$a	b	(Ladd$a;)Ldn;	access$100
METHOD	add	a	()Ladm;	getSpawnerWorld
METHOD	add	a	(I)V	func_98267_a
METHOD	add	a	(Ladd$a;)V	setRandomEntity
METHOD	add	a	(Ladm;)Lpk;	func_180612_a
METHOD	add	a	(Ldn;)V	readFromNBT
METHOD	add	a	(Ljava/lang/String;)V	setEntityName
METHOD	add	a	(Lpk;Z)Lpk;	spawnNewEntity
METHOD	add	b	()Lcj;	getSpawnerPosition
METHOD	add	b	(I)Z	setDelayToMin
METHOD	add	b	(Ldn;)V	writeToNBT
METHOD	add	c	()V	updateSpawner
METHOD	add	d	()D	getMobRotation
METHOD	add	e	()D	getPrevMobRotation
METHOD	add	f	()Ljava/lang/String;	getEntityNameToSpawn
METHOD	add	g	()Z	isActivated
METHOD	add	h	()V	resetTimer
METHOD	add	i	()Ladd$a;	getRandomEntity
METHOD	ade	a	()Lcj;	getPosition
METHOD	ade	b	()I	getEventID
METHOD	ade	c	()I	getEventParameter
METHOD	ade	d	()Lafh;	getBlock
METHOD	ade	equals	(Ljava/lang/Object;)Z	equals
METHOD	ade	toString	()Ljava/lang/String;	toString
METHOD	adf	toString	()Ljava/lang/String;	toString
METHOD	adf	values	()[Ladf;	values
METHOD	adg	a	()I	getCenterXPos
METHOD	adg	a	(I)Lcj;	getCenterBlock
METHOD	adg	a	(II)J	chunkXZ2Int
METHOD	adg	a	(III)Lcj;	getBlock
METHOD	adg	b	()I	getCenterZPosition
METHOD	adg	c	()I	getXStart
METHOD	adg	d	()I	getZStart
METHOD	adg	e	()I	getXEnd
METHOD	adg	equals	(Ljava/lang/Object;)Z	equals
METHOD	adg	f	()I	getZEnd
METHOD	adg	hashCode	()I	hashCode
METHOD	adg	toString	()Ljava/lang/String;	toString
METHOD	adi	a	()V	doExplosionA
METHOD	adi	a	(Z)V	doExplosionB
METHOD	adi	b	()Ljava/util/Map;	getPlayerKnockbackMap
METHOD	adi	c	()Lpr;	getExplosivePlacedBy
METHOD	adi	d	()V	clearAffectedBlockPositions
METHOD	adi	e	()Ljava/util/List;	getAffectedBlockPositions
METHOD	adj	a	()I	getFoliageColorPine
METHOD	adj	a	(DD)I	getFoliageColor
METHOD	adj	a	([I)V	setFoliageBiomeColorizer
METHOD	adj	b	()I	getFoliageColorBirch
METHOD	adj	c	()I	getFoliageColorBasic
METHOD	adk$a	a	()Ljava/lang/String;	getString
METHOD	adk$a	a	(Ljava/lang/String;)V	setValue
METHOD	adk$a	b	()Z	getBoolean
METHOD	adk$a	c	()I	getInt
METHOD	adk$a	e	()Ladk$b;	getType
METHOD	adk$b	values	()[Ladk$b;	values
METHOD	adk	a	()Ldn;	writeToNBT
METHOD	adk	a	(Ldn;)V	readFromNBT
METHOD	adk	a	(Ljava/lang/String;)Ljava/lang/String;	getString
METHOD	adk	a	(Ljava/lang/String;Ladk$b;)Z	areSameType
METHOD	adk	a	(Ljava/lang/String;Ljava/lang/String;)V	setOrCreateGameRule
METHOD	adk	a	(Ljava/lang/String;Ljava/lang/String;Ladk$b;)V	addGameRule
METHOD	adk	b	()[Ljava/lang/String;	getRules
METHOD	adk	b	(Ljava/lang/String;)Z	getBoolean
METHOD	adk	c	(Ljava/lang/String;)I	getInt
METHOD	adk	e	(Ljava/lang/String;)Z	hasRule
METHOD	adl	a	(DD)I	getGrassColor
METHOD	adl	a	([I)V	setGrassBiomeColorizer
METHOD	adm$1	a	()Ljava/lang/String;	call
METHOD	adm$1	call	()Ljava/lang/Object;	call
METHOD	adm$2	a	()Ljava/lang/String;	call
METHOD	adm$2	call	()Ljava/lang/Object;	call
METHOD	adm$3	a	()Ljava/lang/String;	call
METHOD	adm$3	call	()Ljava/lang/Object;	call
METHOD	adm$4	a	()Ljava/lang/String;	call
METHOD	adm$4	call	()Ljava/lang/Object;	call
METHOD	adm	A	()Ljava/lang/String;	getProviderName
METHOD	adm	A	(Lcj;)I	isBlockIndirectlyGettingPowered
METHOD	adm	B	()V	calculateInitialSkylight
METHOD	adm	B	(Lcj;)V	setSpawnPoint
METHOD	adm	C	()V	calculateInitialWeather
METHOD	adm	C	(Lcj;)Z	isRainingAt
METHOD	adm	D	()V	setActivePlayerChunksAndCheckLight
METHOD	adm	D	(Lcj;)Z	isBlockinHighHumidity
METHOD	adm	E	()Ljava/util/List;	getLoadedEntityList
METHOD	adm	E	(Lcj;)Lok;	getDifficultyForLocation
METHOD	adm	F	()I	getSeaLevel
METHOD	adm	F	(Lcj;)Z	isWater
METHOD	adm	G	()Ladr;	getWorldType
METHOD	adm	H	()V	sendQuittingDisconnectingPacket
METHOD	adm	I	()V	checkSessionLock
METHOD	adm	J	()J	getSeed
METHOD	adm	K	()J	getTotalWorldTime
METHOD	adm	L	()J	getWorldTime
METHOD	adm	M	()Lcj;	getSpawnPoint
METHOD	adm	N	()Lamv;	getChunkProvider
METHOD	adm	O	()Latp;	getSaveHandler
METHOD	adm	P	()Lato;	getWorldInfo
METHOD	adm	Q	()Ladk;	getGameRules
METHOD	adm	R	()Z	isThundering
METHOD	adm	S	()Z	isRaining
METHOD	adm	T	()Laua;	getMapStorage
METHOD	adm	U	()I	getHeight
METHOD	adm	V	()I	getActualHeight
METHOD	adm	W	()Z	extendedLevelsInChunkCache
METHOD	adm	X	()D	getHorizon
METHOD	adm	Y	()Ljava/util/Calendar;	getCurrentDate
METHOD	adm	Z	()Lauo;	getScoreboard
METHOD	adm	a	(DDDD)Lwn;	getClosestPlayer
METHOD	adm	a	(DDDDDDLdn;)V	makeFireworks
METHOD	adm	a	(DDDLjava/lang/String;FF)V	playSoundEffect
METHOD	adm	a	(DDDLjava/lang/String;FFZ)V	playSound
METHOD	adm	a	(F)I	calculateSkylightSubtracted
METHOD	adm	a	(I)Lpk;	getEntityByID
METHOD	adm	a	(II)Lamy;	getChunkFromChunkCoords
METHOD	adm	a	(III)Ljava/util/Random;	setRandomSeed
METHOD	adm	a	(IIII)V	markBlocksDirtyVertical
METHOD	adm	a	(IIIIIIZ)Z	isAreaLoaded
METHOD	adm	a	(IILamy;)V	playMoodSoundAndCheckLight
METHOD	adm	a	(IIZ)Z	isChunkLoaded
METHOD	adm	a	(ILcj;I)V	playBroadcastSound
METHOD	adm	a	(IZDDDDDD[I)V	spawnParticle
METHOD	adm	a	(J)V	setTotalWorldTime
METHOD	adm	a	(Lado;)V	addWorldAccess
METHOD	adm	a	(Ladp;)V	initialize
METHOD	adm	a	(Ladq;Lcj;)Z	doesBlockHaveSolidTopSurface
METHOD	adm	a	(Lads;Lcj;)I	getLightFromNeighborsFor
METHOD	adm	a	(Lads;Lcj;I)V	setLightFor
METHOD	adm	a	(Lafh;Lcj;Ljava/util/Random;)V	forceBlockUpdateTick
METHOD	adm	a	(Lafh;Lcj;ZLcq;Lpk;Lzx;)Z	canBlockBePlaced
METHOD	adm	a	(Lakw;)Z	addTileEntity
METHOD	adm	a	(Lams;Lpk;)Z	isInsideBorder
METHOD	adm	a	(Lamy;Z)Ljava/util/List;	getPendingBlockUpdates
METHOD	adm	a	(Laqe;)Z	isAreaLoaded
METHOD	adm	a	(Laqe;Z)Ljava/util/List;	func_175712_a
METHOD	adm	a	(Laug;)Ljava/util/List;	getCollisionBoxes
METHOD	adm	a	(Laug;Larm;)Z	isMaterialInBB
METHOD	adm	a	(Laug;Larm;Lpk;)Z	handleMaterialAcceleration
METHOD	adm	a	(Laug;Lpk;)Z	checkNoEntityCollision
METHOD	adm	a	(Laui;Laug;)F	getBlockDensity
METHOD	adm	a	(Laui;Laui;)Lauh;	rayTraceBlocks
METHOD	adm	a	(Laui;Laui;Z)Lauh;	rayTraceBlocks
METHOD	adm	a	(Laui;Laui;ZZZ)Lauh;	rayTraceBlocks
METHOD	adm	a	(Lb;)Lc;	addWorldInfoToCrashReport
METHOD	adm	a	(Lcj;)Z	isValid
METHOD	adm	a	(Lcj;I)Z	isAreaLoaded
METHOD	adm	a	(Lcj;IZ)Z	isAreaLoaded
METHOD	adm	a	(Lcj;Lads;)I	getRawLight
METHOD	adm	a	(Lcj;Lafh;)Z	isBlockTickPending
METHOD	adm	a	(Lcj;Lafh;I)V	scheduleUpdate
METHOD	adm	a	(Lcj;Lafh;II)V	updateBlockTick
METHOD	adm	a	(Lcj;Lafh;Lcq;)V	notifyNeighborsOfStateExcept
METHOD	adm	a	(Lcj;Lakw;)V	setTileEntity
METHOD	adm	a	(Lcj;Lalz;)Z	setBlockState
METHOD	adm	a	(Lcj;Lalz;I)Z	setBlockState
METHOD	adm	a	(Lcj;Lcj;)Z	isAreaLoaded
METHOD	adm	a	(Lcj;Lcj;Z)Z	isAreaLoaded
METHOD	adm	a	(Lcj;Lcq;)I	getStrongPower
METHOD	adm	a	(Lcj;Ljava/lang/String;)V	playRecord
METHOD	adm	a	(Lcj;Z)Z	isBlockLoaded
METHOD	adm	a	(Lcy;DDDDDD[I)V	spawnParticle
METHOD	adm	a	(Lcy;ZDDDDDD[I)V	spawnParticle
METHOD	adm	a	(Ljava/lang/Class;)I	countEntities
METHOD	adm	a	(Ljava/lang/Class;Laug;)Ljava/util/List;	getEntitiesWithinAABB
METHOD	adm	a	(Ljava/lang/Class;Laug;Lcom/google/common/base/Predicate;)Ljava/util/List;	getEntitiesWithinAABB
METHOD	adm	a	(Ljava/lang/Class;Laug;Lpk;)Lpk;	findNearestEntityWithinAABB
METHOD	adm	a	(Ljava/lang/Class;Lcom/google/common/base/Predicate;)Ljava/util/List;	getEntities
METHOD	adm	a	(Ljava/lang/Class;Ljava/lang/String;)Late;	loadItemData
METHOD	adm	a	(Ljava/lang/String;)Lwn;	getPlayerEntityByName
METHOD	adm	a	(Ljava/lang/String;Late;)V	setItemData
METHOD	adm	a	(Ljava/lang/String;Lcj;)Lcj;	getStrongholdPos
METHOD	adm	a	(Ljava/util/Collection;)V	addTileEntities
METHOD	adm	a	(Lpk;)V	onEntityAdded
METHOD	adm	a	(Lpk;B)V	setEntityState
METHOD	adm	a	(Lpk;D)Lwn;	getClosestPlayerToEntity
METHOD	adm	a	(Lpk;DDDFZ)Ladi;	createExplosion
METHOD	adm	a	(Lpk;DDDFZZ)Ladi;	newExplosion
METHOD	adm	a	(Lpk;F)Laui;	getSkyColor
METHOD	adm	a	(Lpk;Laug;)Ljava/util/List;	getCollidingBoundingBoxes
METHOD	adm	a	(Lpk;Laug;Lcom/google/common/base/Predicate;)Ljava/util/List;	getEntitiesInAABBexcluding
METHOD	adm	a	(Lpk;Ljava/lang/String;FF)V	playSoundAtEntity
METHOD	adm	a	(Lpk;Z)V	updateEntityWithOptionalForce
METHOD	adm	a	(Lwn;ILcj;I)V	playAuxSFXAtEntity
METHOD	adm	a	(Lwn;Lcj;)Z	isBlockModifiable
METHOD	adm	a	(Lwn;Lcj;Lcq;)Z	extinguishFire
METHOD	adm	a	(Lwn;Ljava/lang/String;FF)V	playSoundToNearExcept
METHOD	adm	a	(Z)Z	tickUpdates
METHOD	adm	a	(ZZ)V	setAllowedSpawnTypes
METHOD	adm	aa	()Loj;	getDifficulty
METHOD	adm	ab	()I	getSkylightSubtracted
METHOD	adm	ac	()I	getLastLightningBolt
METHOD	adm	ad	()Z	isFindingSpawnPoint
METHOD	adm	ae	()Lth;	getVillageCollection
METHOD	adm	af	()Lams;	getWorldBorder
METHOD	adm	b	()Ladm;	init
METHOD	adm	b	(DDDD)Z	isAnyPlayerWithinRangeAt
METHOD	adm	b	(F)F	getSunBrightness
METHOD	adm	b	(I)V	setSeaLevel
METHOD	adm	b	(II)I	getChunksLowestHorizon
METHOD	adm	b	(IIIIII)V	markBlockRangeForRenderUpdate
METHOD	adm	b	(ILcj;I)V	playAuxSFX
METHOD	adm	b	(J)V	setWorldTime
METHOD	adm	b	(Lado;)V	removeWorldAccess
METHOD	adm	b	(Lads;Lcj;)I	getLightFor
METHOD	adm	b	(Lakw;)V	markTileEntityForRemoval
METHOD	adm	b	(Laqe;Z)Z	isAreaLoaded
METHOD	adm	b	(Laug;)Z	checkNoEntityCollision
METHOD	adm	b	(Laug;Larm;)Z	isAABBInMaterial
METHOD	adm	b	(Lcj;)Lady;	getBiomeGenForCoords
METHOD	adm	b	(Lcj;I)I	getCombinedLight
METHOD	adm	b	(Lcj;Lafh;)V	notifyNeighborsRespectDebug
METHOD	adm	b	(Lcj;Lafh;II)V	scheduleBlockUpdate
METHOD	adm	b	(Lcj;Lakw;)V	markChunkDirty
METHOD	adm	b	(Lcj;Lcj;)V	markBlockRangeForRenderUpdate
METHOD	adm	b	(Lcj;Lcq;)Z	isSidePowered
METHOD	adm	b	(Lcj;Z)Z	destroyBlock
METHOD	adm	b	(Ljava/lang/Class;Lcom/google/common/base/Predicate;)Ljava/util/List;	getPlayers
METHOD	adm	b	(Ljava/lang/String;)I	getUniqueDataId
METHOD	adm	b	(Ljava/util/Collection;)V	loadEntities
METHOD	adm	b	(Ljava/util/UUID;)Lwn;	getPlayerEntityByUUID
METHOD	adm	b	(Lpk;)V	onEntityRemoved
METHOD	adm	b	(Lpk;Laug;)Ljava/util/List;	getEntitiesWithinAABBExcludingEntity
METHOD	adm	c	()V	tick
METHOD	adm	c	(F)F	getCelestialAngle
METHOD	adm	c	(I)V	setSkylightSubtracted
METHOD	adm	c	(II)Z	isSpawnChunk
METHOD	adm	c	(ILcj;I)V	sendBlockBreakProgress
METHOD	adm	c	(Lads;Lcj;)Z	checkLightFor
METHOD	adm	c	(Laug;)Z	checkBlockCollision
METHOD	adm	c	(Lcj;)Lafh;	getGroundAboveSeaLevel
METHOD	adm	c	(Lcj;Lafh;)V	notifyNeighborsOfStateChange
METHOD	adm	c	(Lcj;Lafh;II)V	addBlockEvent
METHOD	adm	c	(Lcj;Lcq;)I	getRedstonePower
METHOD	adm	c	(Lcj;Z)I	getLight
METHOD	adm	c	(Ljava/util/Collection;)V	unloadEntities
METHOD	adm	c	(Lpk;)Z	addWeatherEffect
METHOD	adm	d	()V	updateAllPlayersSleepingFlag
METHOD	adm	d	(F)F	getCelestialAngleRadians
METHOD	adm	d	(I)V	setLastLightningBolt
METHOD	adm	d	(Laug;)Z	isAnyLiquid
METHOD	adm	d	(Lcj;)Z	isAirBlock
METHOD	adm	d	(Lcj;Lafh;)V	notifyBlockOfStateChange
METHOD	adm	d	(Lcj;Z)Z	isBlockNormalCube
METHOD	adm	d	(Lpk;)Z	spawnEntityInWorld
METHOD	adm	e	(F)Laui;	getCloudColour
METHOD	adm	e	(Laug;)Z	isFlammableWithin
METHOD	adm	e	(Lcj;)Z	isBlockLoaded
METHOD	adm	e	(Lcj;Lafh;)V	updateComparatorOutputLevel
METHOD	adm	e	(Lcj;Z)Z	canBlockFreeze
METHOD	adm	e	(Lpk;)V	removeEntity
METHOD	adm	f	(F)Laui;	getFogColor
METHOD	adm	f	(Lcj;)Lamy;	getChunkFromBlockCoords
METHOD	adm	f	(Lcj;Z)Z	canSnowAt
METHOD	adm	f	(Lpk;)V	removePlayerEntityDangerously
METHOD	adm	g	()V	setInitialSpawnLocation
METHOD	adm	g	(F)F	getStarBrightness
METHOD	adm	g	(Lcj;)Z	setBlockToAir
METHOD	adm	g	(Lpk;)V	updateEntity
METHOD	adm	h	()V	updateBlocks
METHOD	adm	h	(F)F	getThunderStrength
METHOD	adm	h	(Lcj;)V	markBlockForUpdate
METHOD	adm	h	(Lpk;)V	joinEntityInSurroundings
METHOD	adm	i	()V	updateEntities
METHOD	adm	i	(F)V	setThunderStrength
METHOD	adm	i	(Lcj;)Z	canSeeSky
METHOD	adm	j	(F)F	getRainStrength
METHOD	adm	j	(Lcj;)Z	canBlockSeeSky
METHOD	adm	k	()Lamv;	createChunkProvider
METHOD	adm	k	(F)V	setRainStrength
METHOD	adm	k	(Lcj;)I	getLight
METHOD	adm	l	(Lcj;)I	getLightFromNeighbors
METHOD	adm	m	(Lcj;)Lcj;	getHeight
METHOD	adm	n	(Lcj;)V	notifyLightSet
METHOD	adm	o	(Lcj;)F	getLightBrightness
METHOD	adm	p	()V	updateWeather
METHOD	adm	p	(Lcj;)Lalz;	getBlockState
METHOD	adm	q	()I	getRenderDistanceChunks
METHOD	adm	q	(Lcj;)Lcj;	getPrecipitationHeight
METHOD	adm	r	(Lcj;)Lcj;	getTopSolidOrLiquidBlock
METHOD	adm	s	(Lcj;)Lakw;	getTileEntity
METHOD	adm	t	(Lcj;)V	removeTileEntity
METHOD	adm	u	(Lcj;)Z	isBlockFullCube
METHOD	adm	v	()Laec;	getWorldChunkManager
METHOD	adm	v	(Lcj;)Z	canBlockFreezeWater
METHOD	adm	w	()Z	isDaytime
METHOD	adm	w	(Lcj;)Z	canBlockFreezeNoWater
METHOD	adm	x	()I	getMoonPhase
METHOD	adm	x	(Lcj;)Z	checkLight
METHOD	adm	y	()F	getCurrentMoonPhaseFactor
METHOD	adm	y	(Lcj;)I	getStrongPower
METHOD	adm	z	()Ljava/lang/String;	getDebugLoadedEntities
METHOD	adm	z	(Lcj;)Z	isBlockPowered
METHOD	ado	a	(IIIIII)V	markBlockRangeForRenderUpdate
METHOD	ado	a	(ILcj;I)V	broadcastSound
METHOD	ado	a	(IZDDDDDD[I)V	spawnParticle
METHOD	ado	a	(Lcj;)V	markBlockForUpdate
METHOD	ado	a	(Ljava/lang/String;DDDFF)V	playSound
METHOD	ado	a	(Ljava/lang/String;Lcj;)V	playRecord
METHOD	ado	a	(Lpk;)V	onEntityAdded
METHOD	ado	a	(Lwn;ILcj;I)V	playAuxSFX
METHOD	ado	a	(Lwn;Ljava/lang/String;DDDFF)V	playSoundToNearExcept
METHOD	ado	b	(ILcj;I)V	sendBlockBreakProgress
METHOD	ado	b	(Lcj;)V	notifyLightSet
METHOD	ado	b	(Lpk;)V	onEntityRemoved
METHOD	adp$a	a	()I	getID
METHOD	adp$a	a	(I)Ladp$a;	getByID
METHOD	adp$a	a	(Ljava/lang/String;)Ladp$a;	getByName
METHOD	adp$a	a	(Lwl;)V	configurePlayerCapabilities
METHOD	adp$a	b	()Ljava/lang/String;	getName
METHOD	adp$a	c	()Z	isAdventure
METHOD	adp$a	d	()Z	isCreative
METHOD	adp$a	e	()Z	isSurvivalOrAdventure
METHOD	adp$a	values	()[Ladp$a;	values
METHOD	adp	a	()Ladp;	enableBonusChest
METHOD	adp	a	(I)Ladp$a;	getGameTypeById
METHOD	adp	a	(Ljava/lang/String;)Ladp;	setWorldName
METHOD	adp	b	()Ladp;	enableCommands
METHOD	adp	c	()Z	isBonusChestEnabled
METHOD	adp	d	()J	getSeed
METHOD	adp	e	()Ladp$a;	getGameType
METHOD	adp	f	()Z	getHardcoreEnabled
METHOD	adp	g	()Z	isMapFeaturesEnabled
METHOD	adp	h	()Ladr;	getTerrainType
METHOD	adp	i	()Z	areCommandsAllowed
METHOD	adp	j	()Ljava/lang/String;	getWorldName
METHOD	adq	G	()Ladr;	getWorldType
METHOD	adq	W	()Z	extendedLevelsInChunkCache
METHOD	adq	a	(Lcj;Lcq;)I	getStrongPower
METHOD	adq	b	(Lcj;)Lady;	getBiomeGenForCoords
METHOD	adq	b	(Lcj;I)I	getCombinedLight
METHOD	adq	d	(Lcj;)Z	isAirBlock
METHOD	adq	p	(Lcj;)Lalz;	getBlockState
METHOD	adq	s	(Lcj;)Lakw;	getTileEntity
METHOD	adr	a	()Ljava/lang/String;	getWorldTypeName
METHOD	adr	a	(I)Ladr;	getWorldTypeForGeneratorVersion
METHOD	adr	a	(Ljava/lang/String;)Ladr;	parseWorldType
METHOD	adr	a	(Z)Ladr;	setCanBeCreated
METHOD	adr	b	()Ljava/lang/String;	getTranslateName
METHOD	adr	c	()Ljava/lang/String;	getTranslatedInfo
METHOD	adr	d	()I	getGeneratorVersion
METHOD	adr	e	()Z	getCanBeCreated
METHOD	adr	f	()Z	isVersioned
METHOD	adr	g	()I	getWorldTypeID
METHOD	adr	h	()Z	showWorldInfoNotice
METHOD	adr	i	()Ladr;	setVersioned
METHOD	adr	j	()Ladr;	setNotificationData
METHOD	ads	valueOf	(Ljava/lang/String;)Lads;	valueOf
METHOD	ads	values	()[Lads;	values
METHOD	adt	a	(Ladm;II)Lcj;	getRandomChunkPosition
METHOD	adt	a	(Ladm;Lady;IIIILjava/util/Random;)V	performWorldGenSpawning
METHOD	adt	a	(Lle;ZZZ)I	findChunksForSpawning
METHOD	adt	a	(Lps$a;Ladm;Lcj;)Z	canCreatureTypeSpawnAtLocation
METHOD	adu	a	(J)V	removeStalePortalLocations
METHOD	adu	a	(Lpk;)Z	makePortal
METHOD	adu	a	(Lpk;F)V	placeInPortal
METHOD	adu	b	(Lpk;F)Z	placeInExistingPortal
METHOD	adv	G	()Ladr;	getWorldType
METHOD	adv	W	()Z	extendedLevelsInChunkCache
METHOD	adv	a	(Lads;Lcj;)I	getLightForExt
METHOD	adv	a	(Lcj;Lcq;)I	getStrongPower
METHOD	adv	b	(Lads;Lcj;)I	getLightFor
METHOD	adv	b	(Lcj;)Lady;	getBiomeGenForCoords
METHOD	adv	b	(Lcj;I)I	getCombinedLight
METHOD	adv	d	(Lcj;)Z	isAirBlock
METHOD	adv	p	(Lcj;)Lalz;	getBlockState
METHOD	adv	s	(Lcj;)Lakw;	getTileEntity
METHOD	adw	a	()Lafh;	getBlock
METHOD	adw	a	(I)V	setPriority
METHOD	adw	a	(J)Ladw;	setScheduledTime
METHOD	adw	a	(Ladw;)I	compareTo
METHOD	adw	compareTo	(Ljava/lang/Object;)I	compareTo
METHOD	adw	equals	(Ljava/lang/Object;)Z	equals
METHOD	adw	hashCode	()I	hashCode
METHOD	adw	toString	()Ljava/lang/String;	toString
METHOD	ady$a	a	()Lady$a;	attenuate
METHOD	ady$b	values	()[Lady$b;	values
METHOD	ady$c	toString	()Ljava/lang/String;	toString
METHOD	ady	a	()Laeb;	createBiomeDecorator
METHOD	ady	a	(F)I	getSkyColorByTemp
METHOD	ady	a	(FF)Lady;	setTemperatureRainfall
METHOD	ady	a	(I)Lady;	setFillerBlockMetadata
METHOD	ady	a	(ILady;)Lady;	getBiomeFromBiomeList
METHOD	ady	a	(IZ)Lady;	func_150557_a
METHOD	ady	a	(Ladm;Ljava/util/Random;Lans;IID)V	genTerrainBlocks
METHOD	ady	a	(Ladm;Ljava/util/Random;Lcj;)V	decorate
METHOD	ady	a	(Lady$a;)Lady;	setHeight
METHOD	ady	a	(Lady;)Z	isEqualTo
METHOD	ady	a	(Lcj;)F	getFloatTemperature
METHOD	ady	a	(Ljava/lang/String;)Lady;	setBiomeName
METHOD	ady	a	(Ljava/util/Random;)Laoh;	genBigTreeChance
METHOD	ady	a	(Ljava/util/Random;Lcj;)Lagw$a;	pickRandomFlower
METHOD	ady	a	(Lpt;)Ljava/util/List;	getSpawnableList
METHOD	ady	b	()Lady;	setDisableRain
METHOD	ady	b	(I)Lady;	setColor
METHOD	ady	b	(Ladm;Ljava/util/Random;Lans;IID)V	generateBiomeTerrain
METHOD	ady	b	(Lcj;)I	getGrassColorAtPos
METHOD	ady	b	(Ljava/util/Random;)Laot;	getRandomWorldGenForGrass
METHOD	ady	c	()Lady;	setEnableSnow
METHOD	ady	c	(I)Lady;	func_150563_c
METHOD	ady	c	(Lcj;)I	getFoliageColorAtPos
METHOD	ady	d	()Z	getEnableSnow
METHOD	ady	d	(I)Lady;	createMutatedBiome
METHOD	ady	e	()Z	canRain
METHOD	ady	e	(I)Lady;	getBiome
METHOD	ady	f	()Z	isHighHumidity
METHOD	ady	g	()F	getSpawningChance
METHOD	ady	h	()I	getIntRainfall
METHOD	ady	i	()F	getFloatRainfall
METHOD	ady	j	()Z	isSnowyBiome
METHOD	ady	k	()Lady;	createMutation
METHOD	ady	l	()Ljava/lang/Class;	getBiomeClass
METHOD	ady	m	()Lady$b;	getTempCategory
METHOD	ady	n	()[Lady;	getBiomeGenArray
METHOD	adz$a	a	(II)Lady;	getBiomeGenAt
METHOD	adz	a	()V	cleanupCache
METHOD	adz	a	(II)Ladz$a;	getBiomeCacheBlock
METHOD	adz	a	(IILady;)Lady;	func_180284_a
METHOD	adz	a	(Ladz;)Laec;	access$000
METHOD	adz	c	(II)[Lady;	getCachedBiomes
METHOD	ae	a	()I	getRequiredPermissionLevel
METHOD	ae	a	(Lm;[Ljava/lang/String;)V	processCommand
METHOD	ae	a	(Lm;[Ljava/lang/String;Lcj;)Ljava/util/List;	addTabCompletionOptions
METHOD	ae	b	([Ljava/lang/String;I)Z	isUsernameIndex
METHOD	ae	c	()Ljava/lang/String;	getCommandName
METHOD	ae	c	(Lm;)Ljava/lang/String;	getCommandUsage
METHOD	ae	d	()[Ljava/lang/String;	getAllUsernames
METHOD	aea$1	a	(Lady;Lcj;)I	getColorAtPos
METHOD	aea$2	a	(Lady;Lcj;)I	getColorAtPos
METHOD	aea$3	a	(Lady;Lcj;)I	getColorAtPos
METHOD	aea$a	a	(Lady;Lcj;)I	getColorAtPos
METHOD	aea	a	(Ladq;Lcj;)I	getGrassColorAtPos
METHOD	aea	a	(Ladq;Lcj;Laea$a;)I	getColorAtPos
METHOD	aea	b	(Ladq;Lcj;)I	getFoliageColorAtPos
METHOD	aea	c	(Ladq;Lcj;)I	getWaterColorAtPos
METHOD	aeb	a	()V	generateOres
METHOD	aeb	a	(ILaot;II)V	genStandardOre1
METHOD	aeb	a	(Ladm;Ljava/util/Random;Lady;Lcj;)V	decorate
METHOD	aeb	a	(Lady;)V	genDecorations
METHOD	aeb	b	(ILaot;II)V	genStandardOre2
METHOD	aec	a	()Ljava/util/List;	getBiomesToSpawnIn
METHOD	aec	a	(FI)F	getTemperatureAtHeight
METHOD	aec	a	(IIILjava/util/List;)Z	areBiomesViable
METHOD	aec	a	(IIILjava/util/List;Ljava/util/Random;)Lcj;	findBiomePosition
METHOD	aec	a	(Lcj;)Lady;	getBiomeGenerator
METHOD	aec	a	(Lcj;Lady;)Lady;	getBiomeGenerator
METHOD	aec	a	([FIIII)[F	getRainfall
METHOD	aec	a	([Lady;IIII)[Lady;	getBiomesForGeneration
METHOD	aec	a	([Lady;IIIIZ)[Lady;	getBiomeGenAt
METHOD	aec	b	()V	cleanupCache
METHOD	aec	b	([Lady;IIII)[Lady;	loadBlockGeneratorData
METHOD	aed	a	(Ladm;Ljava/util/Random;Lcj;)V	decorate
METHOD	aee	a	(Ladm;Ljava/util/Random;Lans;IID)V	genTerrainBlocks
METHOD	aee	a	(Ladm;Ljava/util/Random;Lcj;)V	decorate
METHOD	aee	a	(Ljava/util/Random;)Laoh;	genBigTreeChance
METHOD	aee	b	(Lady;)Laee;	mutateHills
METHOD	aee	d	(I)Lady;	createMutatedBiome
METHOD	aef	a	(IIILjava/util/List;)Z	areBiomesViable
METHOD	aef	a	(IIILjava/util/List;Ljava/util/Random;)Lcj;	findBiomePosition
METHOD	aef	a	(Lcj;)Lady;	getBiomeGenerator
METHOD	aef	a	([FIIII)[F	getRainfall
METHOD	aef	a	([Lady;IIII)[Lady;	getBiomesForGeneration
METHOD	aef	a	([Lady;IIIIZ)[Lady;	getBiomeGenAt
METHOD	aef	b	([Lady;IIII)[Lady;	loadBlockGeneratorData
METHOD	aeg$1	a	(Ljava/util/Random;)Laoh;	genBigTreeChance
METHOD	aeg$2	a	(Ladm;Ljava/util/Random;Lcj;)V	decorate
METHOD	aeg	a	(IZ)Lady;	func_150557_a
METHOD	aeg	a	(Ladm;Ljava/util/Random;Lcj;)V	decorate
METHOD	aeg	a	(Ljava/util/Random;)Laoh;	genBigTreeChance
METHOD	aeg	a	(Ljava/util/Random;Lcj;)Lagw$a;	pickRandomFlower
METHOD	aeg	b	(Lcj;)I	getGrassColorAtPos
METHOD	aeg	d	(I)Lady;	createMutatedBiome
METHOD	aei	a	(Ladm;Ljava/util/Random;Lcj;)V	decorate
METHOD	aei	a	(Ljava/util/Random;)Laoh;	genBigTreeChance
METHOD	aei	d	(I)Lady;	createMutatedBiome
METHOD	aej	a	(Ladm;Ljava/util/Random;Lcj;)V	decorate
METHOD	aej	a	(Ljava/util/Random;)Laoh;	genBigTreeChance
METHOD	aej	b	(Ljava/util/Random;)Laot;	getRandomWorldGenForGrass
METHOD	aek	a	(III)Lalz;	func_180629_a
METHOD	aek	a	(J)V	func_150619_a
METHOD	aek	a	(Ladm;Ljava/util/Random;Lans;IID)V	genTerrainBlocks
METHOD	aek	a	(Ladm;Ljava/util/Random;Lcj;)V	decorate
METHOD	aek	a	(Ljava/util/Random;)Laoh;	genBigTreeChance
METHOD	aek	b	(Lcj;)I	getGrassColorAtPos
METHOD	aek	c	(Lcj;)I	getFoliageColorAtPos
METHOD	aek	d	(I)Lady;	createMutatedBiome
METHOD	aem	a	(Ladm;Ljava/util/Random;Lans;IID)V	genTerrainBlocks
METHOD	aem	a	(Ladm;Ljava/util/Random;Lcj;)V	decorate
METHOD	aem	a	(Lady;)Z	isEqualTo
METHOD	aem	a	(Ljava/util/Random;)Laoh;	genBigTreeChance
METHOD	aem	b	(Lcj;)I	getGrassColorAtPos
METHOD	aem	c	(Lcj;)I	getFoliageColorAtPos
METHOD	aem	g	()F	getSpawningChance
METHOD	aem	l	()Ljava/lang/Class;	getBiomeClass
METHOD	aem	m	()Lady$b;	getTempCategory
METHOD	aen	a	(Ladm;Ljava/util/Random;Lans;IID)V	genTerrainBlocks
METHOD	aen	m	()Lady$b;	getTempCategory
METHOD	aeo	a	(Ladm;Ljava/util/Random;Lcj;)V	decorate
METHOD	aeo	a	(Ljava/util/Random;Lcj;)Lagw$a;	pickRandomFlower
METHOD	aeo	d	(I)Lady;	createMutatedBiome
METHOD	aer$a	a	(Ladm;Ljava/util/Random;Lans;IID)V	genTerrainBlocks
METHOD	aer$a	a	(Ladm;Ljava/util/Random;Lcj;)V	decorate
METHOD	aer	a	(Ladm;Ljava/util/Random;Lcj;)V	decorate
METHOD	aer	a	(Ljava/util/Random;)Laoh;	genBigTreeChance
METHOD	aer	d	(I)Lady;	createMutatedBiome
METHOD	aet	a	(Ladm;Ljava/util/Random;Lans;IID)V	genTerrainBlocks
METHOD	aet	a	(Ljava/util/Random;)Laoh;	genBigTreeChance
METHOD	aet	a	(Ljava/util/Random;Lcj;)Lagw$a;	pickRandomFlower
METHOD	aet	b	(Lcj;)I	getGrassColorAtPos
METHOD	aet	c	(Lcj;)I	getFoliageColorAtPos
METHOD	aeu	a	(Ladm;Ljava/util/Random;Lans;IID)V	genTerrainBlocks
METHOD	aeu	a	(Ladm;Ljava/util/Random;Lcj;)V	decorate
METHOD	aeu	a	(Ljava/util/Random;)Laoh;	genBigTreeChance
METHOD	aeu	b	(Ljava/util/Random;)Laot;	getRandomWorldGenForGrass
METHOD	aeu	d	(I)Lady;	createMutatedBiome
METHOD	aev	a	(F)I	getSkyColorByTemp
METHOD	aew	a	(Lady;)V	genDecorations
METHOD	aey	a	(Ladm;Lcj;)Z	isReplaceable
METHOD	aey	a	(Ladm;Lcj;Lalz;)Laug;	getCollisionBoundingBox
METHOD	aey	a	(Ladm;Lcj;Lalz;FI)V	dropBlockAsItemWithChance
METHOD	aey	a	(Lalz;Z)Z	canCollideCheck
METHOD	aey	b	()I	getRenderType
METHOD	aey	c	()Z	isOpaqueCube
METHOD	aez$a	a	(Lwm;Lwn;)Lxi;	createContainer
METHOD	aez$a	e_	()Ljava/lang/String;	getName
METHOD	aez$a	f_	()Leu;	getDisplayName
METHOD	aez$a	k	()Ljava/lang/String;	getGuiID
METHOD	aez$a	l_	()Z	hasCustomName
METHOD	aez	a	(I)Lalz;	getStateFromMeta
METHOD	aez	a	(Ladm;Lcj;Lalz;Lwn;Lcq;FFF)Z	onBlockActivated
METHOD	aez	a	(Ladm;Lcj;Lcq;FFFILpr;)Lalz;	onBlockPlaced
METHOD	aez	a	(Ladq;Lcj;)V	setBlockBoundsBasedOnState
METHOD	aez	a	(Ladq;Lcj;Lcq;)Z	shouldSideBeRendered
METHOD	aez	a	(Lalz;)I	damageDropped
METHOD	aez	a	(Luy;)V	onStartFalling
METHOD	aez	a	(Lzw;Lyz;Ljava/util/List;)V	getSubBlocks
METHOD	aez	a_	(Ladm;Lcj;)V	onEndFalling
METHOD	aez	b	(Lalz;)Lalz;	getStateForEntityRender
METHOD	aez	c	()Z	isOpaqueCube
METHOD	aez	c	(Lalz;)I	getMetaFromState
METHOD	aez	d	()Z	isFullCube
METHOD	aez	e	()Lama;	createBlockState
METHOD	af	a	()I	getRequiredPermissionLevel
METHOD	af	a	(Lm;[Ljava/lang/String;)V	processCommand
METHOD	af	a	(Lm;[Ljava/lang/String;Lcj;)Ljava/util/List;	addTabCompletionOptions
METHOD	af	c	()Ljava/lang/String;	getCommandName
METHOD	af	c	(Lm;)Ljava/lang/String;	getCommandUsage
METHOD	afa$a	a	(I)Lalz;	getStateFromMeta
METHOD	afa$a	a	(Ladm;Lcj;Lalz;Lafh;)V	onNeighborBlockChange
METHOD	afa$a	c	(Lalz;)I	getMetaFromState
METHOD	afa$a	e	()Lama;	createBlockState
METHOD	afa$b	a	(I)Lalz;	getStateFromMeta
METHOD	afa$b	a	(Ladm;Lcj;Lalz;Lafh;)V	onNeighborBlockChange
METHOD	afa$b	a	(Ladq;Lcj;)V	setBlockBoundsBasedOnState
METHOD	afa$b	c	(Lalz;)I	getMetaFromState
METHOD	afa$b	e	()Lama;	createBlockState
METHOD	afa	a	(Ladm;I)Lakw;	createNewTileEntity
METHOD	afa	a	(Ladm;Lcj;Lalz;)Laug;	getCollisionBoundingBox
METHOD	afa	a	(Ladm;Lcj;Lalz;FI)V	dropBlockAsItemWithChance
METHOD	afa	a	(Ladm;Lwn;Lcj;Lalz;Lakw;)V	harvestBlock
METHOD	afa	a	(Lalz;Ljava/util/Random;I)Lzw;	getItemDropped
METHOD	afa	b	(Ladm;Lcj;)Laug;	getSelectedBoundingBox
METHOD	afa	b	(Ladq;Lcj;)Z	isPassable
METHOD	afa	c	()Z	isOpaqueCube
METHOD	afa	c	(Ladm;Lcj;)Lzw;	getItem
METHOD	afa	d	()Z	isFullCube
METHOD	afa	d	(Ladm;Lcj;)Z	canPlaceBlockAt
METHOD	afa	f	()Ljava/lang/String;	getLocalizedName
METHOD	afa	g	()Z	canSpawnInBlock
METHOD	afb	a	(Ladm;Lcj;Lalz;FI)V	dropBlockAsItemWithChance
METHOD	afb	b	()I	getRenderType
METHOD	afb	c	()Z	isOpaqueCube
METHOD	afb	h	()F	getAmbientOcclusionLightValue
METHOD	afc	a	(Ladm;Lcj;Lalz;II)Z	onBlockEventReceived
METHOD	afc	a	(Ladm;Lcj;Lcq;)Z	isInvalidNeighbor
METHOD	afc	b	()I	getRenderType
METHOD	afc	b	(Ladm;Lcj;Lalz;)V	breakBlock
METHOD	afc	e	(Ladm;Lcj;)Z	hasInvalidNeighbor
METHOD	afd	a	(Ladm;)I	tickRate
METHOD	afd	a	(Ladm;Lcj;Lalz;)Laug;	getCollisionBoundingBox
METHOD	afd	a	(Ladm;Lcj;Lalz;I)V	updateState
METHOD	afd	a	(Ladm;Lcj;Lalz;Lafh;)V	onNeighborBlockChange
METHOD	afd	a	(Ladm;Lcj;Lalz;Ljava/util/Random;)V	randomTick
METHOD	afd	a	(Ladm;Lcj;Lalz;Lpk;)V	onEntityCollidedWithBlock
METHOD	afd	a	(Ladq;Lcj;)V	setBlockBoundsBasedOnState
METHOD	afd	a	(Ladq;Lcj;Lalz;Lcq;)I	getWeakPower
METHOD	afd	a	(Lalz;I)Lalz;	setRedstoneStrength
METHOD	afd	a	(Lcj;)Laug;	getSensitiveAABB
METHOD	afd	b	(Ladm;Lcj;Lalz;)V	breakBlock
METHOD	afd	b	(Ladm;Lcj;Lalz;Ljava/util/Random;)V	updateTick
METHOD	afd	b	(Ladq;Lcj;)Z	isPassable
METHOD	afd	b	(Ladq;Lcj;Lalz;Lcq;)I	getStrongPower
METHOD	afd	c	()Z	isOpaqueCube
METHOD	afd	d	()Z	isFullCube
METHOD	afd	d	(Ladm;Lcj;)Z	canPlaceBlockAt
METHOD	afd	d	(Lalz;)V	setBlockBoundsBasedOnState0
METHOD	afd	e	(Ladm;Lcj;)V	updateNeighbors
METHOD	afd	e	(Lalz;)I	getRedstoneStrength
METHOD	afd	f	(Ladm;Lcj;)I	computeRedstoneStrength
METHOD	afd	g	()Z	canSpawnInBlock
METHOD	afd	i	()Z	canProvidePower
METHOD	afd	j	()V	setBlockBoundsForItemRender
METHOD	afd	k	()I	getMobilityFlag
METHOD	afd	m	(Ladm;Lcj;)Z	canBePlacedOn
METHOD	afe$a	a	()I	countAdjacentRails
METHOD	afe$a	a	(Lafe$a;)Z	func_150653_a
METHOD	afe$a	a	(Lafe$b;)V	func_180360_a
METHOD	afe$a	a	(Lcj;)Z	hasRailAt
METHOD	afe$a	a	(ZZ)Lafe$a;	func_180364_a
METHOD	afe$a	b	()Lalz;	getBlockState
METHOD	afe$a	b	(Lafe$a;)Z	func_150649_b
METHOD	afe$a	b	(Lcj;)Lafe$a;	findRailAt
METHOD	afe$a	c	()V	func_150651_b
METHOD	afe$a	c	(Lafe$a;)V	func_150645_c
METHOD	afe$a	c	(Lcj;)Z	func_180363_c
METHOD	afe$a	d	(Lcj;)Z	func_180361_d
METHOD	afe$b	a	()I	getMetadata
METHOD	afe$b	a	(I)Lafe$b;	byMetadata
METHOD	afe$b	c	()Z	isAscending
METHOD	afe$b	l	()Ljava/lang/String;	getName
METHOD	afe$b	toString	()Ljava/lang/String;	toString
METHOD	afe$b	values	()[Lafe$b;	values
METHOD	afe	a	(Ladm;Lcj;Lalz;)Laug;	getCollisionBoundingBox
METHOD	afe	a	(Ladm;Lcj;Lalz;Lafh;)V	onNeighborBlockChange
METHOD	afe	a	(Ladm;Lcj;Lalz;Z)Lalz;	func_176564_a
METHOD	afe	a	(Ladm;Lcj;Laui;Laui;)Lauh;	collisionRayTrace
METHOD	afe	a	(Ladq;Lcj;)V	setBlockBoundsBasedOnState
METHOD	afe	b	(Ladm;Lcj;Lalz;)V	breakBlock
METHOD	afe	b	(Ladm;Lcj;Lalz;Lafh;)V	onNeighborChangedInternal
METHOD	afe	c	()Z	isOpaqueCube
METHOD	afe	c	(Ladm;Lcj;Lalz;)V	onBlockAdded
METHOD	afe	d	()Z	isFullCube
METHOD	afe	d	(Ladm;Lcj;)Z	canPlaceBlockAt
METHOD	afe	d	(Lalz;)Z	isRailBlock
METHOD	afe	e	(Ladm;Lcj;)Z	isRailBlock
METHOD	afe	k	()I	getMobilityFlag
METHOD	afe	m	()Ladf;	getBlockLayer
METHOD	afe	n	()Lamo;	getShapeProperty
METHOD	aff$1$1	run	()V	run
METHOD	aff$1	run	()V	run
METHOD	aff	a	(Ladm;I)Lakw;	createNewTileEntity
METHOD	aff	a	(Ladm;Lcj;Lalz;Lafh;)V	onNeighborBlockChange
METHOD	aff	a	(Ladm;Lcj;Lalz;Lpr;Lzx;)V	onBlockPlacedBy
METHOD	aff	a	(Ladm;Lcj;Lalz;Lwn;Lcq;FFF)Z	onBlockActivated
METHOD	aff	b	()I	getRenderType
METHOD	aff	c	()Z	isOpaqueCube
METHOD	aff	d	()Z	isFullCube
METHOD	aff	f	(Ladm;Lcj;)V	updateColorAsync
METHOD	aff	m	()Ladf;	getBlockLayer
METHOD	afg$a	l	()Ljava/lang/String;	getName
METHOD	afg$a	toString	()Ljava/lang/String;	toString
METHOD	afg$a	values	()[Lafg$a;	values
METHOD	afg	a	(I)Lalz;	getStateFromMeta
METHOD	afg	a	(Ladm;Lcj;I)Lcj;	getSafeExitLocation
METHOD	afg	a	(Ladm;Lcj;Lalz;FI)V	dropBlockAsItemWithChance
METHOD	afg	a	(Ladm;Lcj;Lalz;Lafh;)V	onNeighborBlockChange
METHOD	afg	a	(Ladm;Lcj;Lalz;Lwn;)V	onBlockHarvested
METHOD	afg	a	(Ladm;Lcj;Lalz;Lwn;Lcq;FFF)Z	onBlockActivated
METHOD	afg	a	(Ladq;Lcj;)V	setBlockBoundsBasedOnState
METHOD	afg	a	(Lalz;Ladq;Lcj;)Lalz;	getActualState
METHOD	afg	a	(Lalz;Ljava/util/Random;I)Lzw;	getItemDropped
METHOD	afg	c	()Z	isOpaqueCube
METHOD	afg	c	(Ladm;Lcj;)Lzw;	getItem
METHOD	afg	c	(Lalz;)I	getMetaFromState
METHOD	afg	d	()Z	isFullCube
METHOD	afg	e	()Lama;	createBlockState
METHOD	afg	e	(Ladm;Lcj;)Z	hasRoomForPlayer
METHOD	afg	f	(Ladm;Lcj;)Lwn;	getPlayerInBed
METHOD	afg	k	()I	getMobilityFlag
METHOD	afg	l	()V	setBedBounds
METHOD	afg	m	()Ladf;	getBlockLayer
METHOD	afh$1	a	()Ljava/lang/String;	getBreakSound
METHOD	afh$1	b	()Ljava/lang/String;	getPlaceSound
METHOD	afh$2	a	()Ljava/lang/String;	getBreakSound
METHOD	afh$3	a	()Ljava/lang/String;	getBreakSound
METHOD	afh$3	b	()Ljava/lang/String;	getPlaceSound
METHOD	afh$4	a	()Ljava/lang/String;	getBreakSound
METHOD	afh$4	b	()Ljava/lang/String;	getPlaceSound
METHOD	afh$4	c	()Ljava/lang/String;	getStepSound
METHOD	afh$a	values	()[Lafh$a;	values
METHOD	afh$b	a	()Ljava/lang/String;	getBreakSound
METHOD	afh$b	b	()Ljava/lang/String;	getPlaceSound
METHOD	afh$b	c	()Ljava/lang/String;	getStepSound
METHOD	afh$b	d	()F	getVolume
METHOD	afh$b	e	()F	getFrequency
METHOD	afh	A	()Z	isCollidable
METHOD	afh	B	()D	getBlockBoundsMinX
METHOD	afh	C	()D	getBlockBoundsMaxX
METHOD	afh	D	()D	getBlockBoundsMinY
METHOD	afh	E	()D	getBlockBoundsMaxY
METHOD	afh	F	()D	getBlockBoundsMinZ
METHOD	afh	G	()D	getBlockBoundsMaxZ
METHOD	afh	H	()I	getBlockColor
METHOD	afh	I	()Z	canSilkHarvest
METHOD	afh	J	()Z	getEnableStats
METHOD	afh	K	()Lafh;	disableStats
METHOD	afh	L	()Lyz;	getCreativeTabToDisplayOn
METHOD	afh	M	()Z	isFlowerPot
METHOD	afh	N	()Z	requiresUpdates
METHOD	afh	O	()Z	hasComparatorInputOverride
METHOD	afh	P	()Lama;	getBlockState
METHOD	afh	Q	()Lalz;	getDefaultState
METHOD	afh	R	()Lafh$a;	getOffsetType
METHOD	afh	S	()V	registerBlocks
METHOD	afh	a	()Ljava/lang/String;	getUnlocalizedName
METHOD	afh	a	(F)Lafh;	setLightLevel
METHOD	afh	a	(FFFFFF)V	setBlockBounds
METHOD	afh	a	(I)Lalz;	getStateFromMeta
METHOD	afh	a	(ILjava/lang/String;Lafh;)V	registerBlock
METHOD	afh	a	(ILjava/util/Random;)I	quantityDroppedWithBonus
METHOD	afh	a	(ILjy;Lafh;)V	registerBlock
METHOD	afh	a	(Ladi;)Z	canDropFromExplosion
METHOD	afh	a	(Ladm;)I	tickRate
METHOD	afh	a	(Ladm;Lcj;)Z	isReplaceable
METHOD	afh	a	(Ladm;Lcj;Ladi;)V	onBlockDestroyedByExplosion
METHOD	afh	a	(Ladm;Lcj;Lalz;)Laug;	getCollisionBoundingBox
METHOD	afh	a	(Ladm;Lcj;Lalz;FI)V	dropBlockAsItemWithChance
METHOD	afh	a	(Ladm;Lcj;Lalz;II)Z	onBlockEventReceived
METHOD	afh	a	(Ladm;Lcj;Lalz;Lafh;)V	onNeighborBlockChange
METHOD	afh	a	(Ladm;Lcj;Lalz;Laug;Ljava/util/List;Lpk;)V	addCollisionBoxesToList
METHOD	afh	a	(Ladm;Lcj;Lalz;Ljava/util/Random;)V	randomTick
METHOD	afh	a	(Ladm;Lcj;Lalz;Lpk;)V	onEntityCollidedWithBlock
METHOD	afh	a	(Ladm;Lcj;Lalz;Lpr;Lzx;)V	onBlockPlacedBy
METHOD	afh	a	(Ladm;Lcj;Lalz;Lwn;)V	onBlockHarvested
METHOD	afh	a	(Ladm;Lcj;Lalz;Lwn;Lcq;FFF)Z	onBlockActivated
METHOD	afh	a	(Ladm;Lcj;Laui;Laui;)Lauh;	collisionRayTrace
METHOD	afh	a	(Ladm;Lcj;Lcq;FFFILpr;)Lalz;	onBlockPlaced
METHOD	afh	a	(Ladm;Lcj;Lcq;Lzx;)Z	canReplace
METHOD	afh	a	(Ladm;Lcj;Lpk;)V	onEntityCollidedWithBlock
METHOD	afh	a	(Ladm;Lcj;Lpk;F)V	onFallenUpon
METHOD	afh	a	(Ladm;Lcj;Lpk;Laui;)Laui;	modifyAcceleration
METHOD	afh	a	(Ladm;Lcj;Lwn;)V	onBlockClicked
METHOD	afh	a	(Ladm;Lcj;Lzx;)V	spawnAsEntity
METHOD	afh	a	(Ladm;Lpk;)V	onLanded
METHOD	afh	a	(Ladm;Lwn;Lcj;Lalz;Lakw;)V	harvestBlock
METHOD	afh	a	(Ladq;Lcj;)V	setBlockBoundsBasedOnState
METHOD	afh	a	(Ladq;Lcj;I)I	colorMultiplier
METHOD	afh	a	(Ladq;Lcj;Lalz;Lcq;)I	getWeakPower
METHOD	afh	a	(Ladq;Lcj;Lcq;)Z	shouldSideBeRendered
METHOD	afh	a	(Lafh$b;)Lafh;	setStepSound
METHOD	afh	a	(Lafh;)I	getIdFromBlock
METHOD	afh	a	(Lafh;Lafh;)Z	isEqualTo
METHOD	afh	a	(Lalz;)I	damageDropped
METHOD	afh	a	(Lalz;Ladq;Lcj;)Lalz;	getActualState
METHOD	afh	a	(Lalz;Ljava/util/Random;I)Lzw;	getItemDropped
METHOD	afh	a	(Lalz;Z)Z	canCollideCheck
METHOD	afh	a	(Laui;)Z	isVecInsideYZBounds
METHOD	afh	a	(Ljava/util/Random;)I	quantityDropped
METHOD	afh	a	(Lpk;)F	getExplosionResistance
METHOD	afh	a	(Lwn;Ladm;Lcj;)F	getPlayerRelativeBlockHardness
METHOD	afh	a	(Lyz;)Lafh;	setCreativeTab
METHOD	afh	a	(Lzw;)Lafh;	getBlockFromItem
METHOD	afh	a	(Lzw;Lyz;Ljava/util/List;)V	getSubBlocks
METHOD	afh	a	(Z)Lafh;	setTickRandomly
METHOD	afh	b	()I	getRenderType
METHOD	afh	b	(F)Lafh;	setResistance
METHOD	afh	b	(Ladm;Lcj;)Laug;	getSelectedBoundingBox
METHOD	afh	b	(Ladm;Lcj;I)V	dropXpOnBlockBreak
METHOD	afh	b	(Ladm;Lcj;Lalz;)V	breakBlock
METHOD	afh	b	(Ladm;Lcj;Lalz;I)V	dropBlockAsItem
METHOD	afh	b	(Ladm;Lcj;Lalz;Ljava/util/Random;)V	updateTick
METHOD	afh	b	(Ladm;Lcj;Lcq;)Z	canPlaceBlockOnSide
METHOD	afh	b	(Ladq;Lcj;)Z	isPassable
METHOD	afh	b	(Ladq;Lcj;Lalz;Lcq;)I	getStrongPower
METHOD	afh	b	(Ladq;Lcj;Lcq;)Z	isBlockSolid
METHOD	afh	b	(Lafh;)Z	isAssociatedBlock
METHOD	afh	b	(Lalz;)Lalz;	getStateForEntityRender
METHOD	afh	b	(Laui;)Z	isVecInsideXZBounds
METHOD	afh	b	(Ljava/lang/String;)Lafh;	getBlockFromName
METHOD	afh	c	()Z	isOpaqueCube
METHOD	afh	c	(F)Lafh;	setHardness
METHOD	afh	c	(I)Lafh;	getBlockById
METHOD	afh	c	(Ladm;Lcj;)Lzw;	getItem
METHOD	afh	c	(Ladm;Lcj;Lalz;)V	onBlockAdded
METHOD	afh	c	(Ladm;Lcj;Lalz;Ljava/util/Random;)V	randomDisplayTick
METHOD	afh	c	(Ladq;Lcj;)I	getMixedBrightnessForBlock
METHOD	afh	c	(Lalz;)I	getMetaFromState
METHOD	afh	c	(Laui;)Z	isVecInsideXYBounds
METHOD	afh	c	(Ljava/lang/String;)Lafh;	setUnlocalizedName
METHOD	afh	d	()Z	isFullCube
METHOD	afh	d	(I)Lalz;	getStateById
METHOD	afh	d	(Ladm;Lcj;)Z	canPlaceBlockAt
METHOD	afh	d	(Ladm;Lcj;Lalz;)V	onBlockDestroyedByPlayer
METHOD	afh	d	(Ladq;Lcj;)I	colorMultiplier
METHOD	afh	e	()Lama;	createBlockState
METHOD	afh	e	(I)Lafh;	setLightOpacity
METHOD	afh	f	()Ljava/lang/String;	getLocalizedName
METHOD	afh	f	(Lalz;)I	getStateId
METHOD	afh	g	()Z	canSpawnInBlock
METHOD	afh	g	(Ladm;Lcj;)F	getBlockHardness
METHOD	afh	g	(Lalz;)Larn;	getMapColor
METHOD	afh	h	()F	getAmbientOcclusionLightValue
METHOD	afh	h	(Lalz;)I	getRenderColor
METHOD	afh	i	()Z	canProvidePower
METHOD	afh	i	(Lalz;)Lzx;	createStackedBlock
METHOD	afh	j	()V	setBlockBoundsForItemRender
METHOD	afh	j	(Ladm;Lcj;)I	getDamageValue
METHOD	afh	j	(Lalz;)V	setDefaultState
METHOD	afh	k	()I	getMobilityFlag
METHOD	afh	k	(Ladm;Lcj;)V	fillWithRain
METHOD	afh	l	(Ladm;Lcj;)I	getComparatorInputOverride
METHOD	afh	m	()Ladf;	getBlockLayer
METHOD	afh	o	()Z	isFullBlock
METHOD	afh	p	()I	getLightOpacity
METHOD	afh	q	()Z	isTranslucent
METHOD	afh	r	()I	getLightValue
METHOD	afh	s	()Z	getUseNeighborBrightness
METHOD	afh	t	()Larm;	getMaterial
METHOD	afh	toString	()Ljava/lang/String;	toString
METHOD	afh	u	()Z	isBlockNormalCube
METHOD	afh	v	()Z	isNormalCube
METHOD	afh	w	()Z	isVisuallyOpaque
METHOD	afh	x	()Lafh;	setBlockUnbreakable
METHOD	afh	y	()Z	getTickRandomly
METHOD	afh	z	()Z	hasTileEntity
METHOD	afi	a	(Ljava/lang/String;)Lafh;	getRegisteredBlock
METHOD	afj	a	(Ladm;Lcj;Lalz;Z)Z	canGrow
METHOD	afj	a	(Ladm;Ljava/util/Random;Lcj;Lalz;)Z	canUseBonemeal
METHOD	afj	b	(Ladm;Ljava/util/Random;Lcj;Lalz;)V	grow
METHOD	afk	a	(Lalz;Ljava/util/Random;I)Lzw;	getItemDropped
METHOD	afk	a	(Ljava/util/Random;)I	quantityDropped
METHOD	afl	O	()Z	hasComparatorInputOverride
METHOD	afl	a	(I)Lalz;	getStateFromMeta
METHOD	afl	a	(Ladm;I)Lakw;	createNewTileEntity
METHOD	afl	a	(Ladm;Lcj;Lalz;Laug;Ljava/util/List;Lpk;)V	addCollisionBoxesToList
METHOD	afl	a	(Ladm;Lcj;Lalz;Lpr;Lzx;)V	onBlockPlacedBy
METHOD	afl	a	(Ladm;Lcj;Lalz;Lwn;Lcq;FFF)Z	onBlockActivated
METHOD	afl	a	(Lalz;Ljava/util/Random;I)Lzw;	getItemDropped
METHOD	afl	b	()I	getRenderType
METHOD	afl	b	(Ladm;Lcj;Lalz;)V	breakBlock
METHOD	afl	c	()Z	isOpaqueCube
METHOD	afl	c	(Ladm;Lcj;)Lzw;	getItem
METHOD	afl	c	(Ladm;Lcj;Lalz;Ljava/util/Random;)V	randomDisplayTick
METHOD	afl	c	(Lalz;)I	getMetaFromState
METHOD	afl	d	()Z	isFullCube
METHOD	afl	e	()Lama;	createBlockState
METHOD	afl	f	()Ljava/lang/String;	getLocalizedName
METHOD	afl	j	()V	setBlockBoundsForItemRender
METHOD	afl	l	(Ladm;Lcj;)I	getComparatorInputOverride
METHOD	afl	m	()Ladf;	getBlockLayer
METHOD	afm	a	(Ladm;Lcj;Lalz;)Laug;	getCollisionBoundingBox
METHOD	afm	a	(Ladm;Lcj;Lalz;Lafh;)V	onNeighborBlockChange
METHOD	afm	b	(Ladm;Lcj;Lalz;Ljava/util/Random;)V	updateTick
METHOD	afm	c	()Z	isOpaqueCube
METHOD	afm	c	(Lafh;)Z	canPlaceBlockOn
METHOD	afm	d	()Z	isFullCube
METHOD	afm	d	(Ladm;Lcj;)Z	canPlaceBlockAt
METHOD	afm	e	(Ladm;Lcj;Lalz;)V	checkAndDropBlock
METHOD	afm	f	(Ladm;Lcj;Lalz;)Z	canBlockStay
METHOD	afm	m	()Ladf;	getBlockLayer
METHOD	afn	a	(I)Lalz;	getStateFromMeta
METHOD	afn	a	(Ladm;)I	tickRate
METHOD	afn	a	(Ladm;Lcj;Lalz;)Laug;	getCollisionBoundingBox
METHOD	afn	a	(Ladm;Lcj;Lalz;Lafh;)V	onNeighborBlockChange
METHOD	afn	a	(Ladm;Lcj;Lalz;Ljava/util/Random;)V	randomTick
METHOD	afn	a	(Ladm;Lcj;Lalz;Lpk;)V	onEntityCollidedWithBlock
METHOD	afn	a	(Ladm;Lcj;Lalz;Lwn;Lcq;FFF)Z	onBlockActivated
METHOD	afn	a	(Ladm;Lcj;Lcq;)Z	func_181088_a
METHOD	afn	a	(Ladm;Lcj;Lcq;FFFILpr;)Lalz;	onBlockPlaced
METHOD	afn	a	(Ladq;Lcj;)V	setBlockBoundsBasedOnState
METHOD	afn	a	(Ladq;Lcj;Lalz;Lcq;)I	getWeakPower
METHOD	afn	b	(Ladm;Lcj;Lalz;)V	breakBlock
METHOD	afn	b	(Ladm;Lcj;Lalz;Ljava/util/Random;)V	updateTick
METHOD	afn	b	(Ladm;Lcj;Lcq;)Z	canPlaceBlockOnSide
METHOD	afn	b	(Ladq;Lcj;Lalz;Lcq;)I	getStrongPower
METHOD	afn	c	()Z	isOpaqueCube
METHOD	afn	c	(Ladm;Lcj;Lcq;)V	notifyNeighbors
METHOD	afn	c	(Lalz;)I	getMetaFromState
METHOD	afn	d	()Z	isFullCube
METHOD	afn	d	(Ladm;Lcj;)Z	canPlaceBlockAt
METHOD	afn	d	(Lalz;)V	updateBlockBounds
METHOD	afn	e	()Lama;	createBlockState
METHOD	afn	e	(Ladm;Lcj;Lalz;)Z	checkForDrop
METHOD	afn	f	(Ladm;Lcj;Lalz;)V	checkForArrows
METHOD	afn	i	()Z	canProvidePower
METHOD	afn	j	()V	setBlockBoundsForItemRender
METHOD	afo	a	(I)Lalz;	getStateFromMeta
METHOD	afo	a	(Ladm;Lcj;Lalz;)Laug;	getCollisionBoundingBox
METHOD	afo	a	(Ladm;Lcj;Lalz;Lafh;)V	onNeighborBlockChange
METHOD	afo	a	(Ladm;Lcj;Lalz;Lpk;)V	onEntityCollidedWithBlock
METHOD	afo	b	(Ladm;Lcj;)Laug;	getSelectedBoundingBox
METHOD	afo	b	(Ladm;Lcj;Lalz;Ljava/util/Random;)V	updateTick
METHOD	afo	c	()Z	isOpaqueCube
METHOD	afo	c	(Lalz;)I	getMetaFromState
METHOD	afo	d	()Z	isFullCube
METHOD	afo	d	(Ladm;Lcj;)Z	canPlaceBlockAt
METHOD	afo	e	()Lama;	createBlockState
METHOD	afo	e	(Ladm;Lcj;)Z	canBlockStay
METHOD	afo	m	()Ladf;	getBlockLayer
METHOD	afp	O	()Z	hasComparatorInputOverride
METHOD	afp	a	(I)Lalz;	getStateFromMeta
METHOD	afp	a	(Ladm;Lcj;Lalz;)Laug;	getCollisionBoundingBox
METHOD	afp	a	(Ladm;Lcj;Lalz;Lafh;)V	onNeighborBlockChange
METHOD	afp	a	(Ladm;Lcj;Lalz;Lwn;Lcq;FFF)Z	onBlockActivated
METHOD	afp	a	(Ladm;Lcj;Lwn;)V	onBlockClicked
METHOD	afp	a	(Ladq;Lcj;)V	setBlockBoundsBasedOnState
METHOD	afp	a	(Lalz;Ljava/util/Random;I)Lzw;	getItemDropped
METHOD	afp	a	(Ljava/util/Random;)I	quantityDropped
METHOD	afp	b	(Ladm;Lcj;)Laug;	getSelectedBoundingBox
METHOD	afp	b	(Ladm;Lcj;Lalz;Lwn;)V	eatCake
METHOD	afp	c	()Z	isOpaqueCube
METHOD	afp	c	(Ladm;Lcj;)Lzw;	getItem
METHOD	afp	c	(Lalz;)I	getMetaFromState
METHOD	afp	d	()Z	isFullCube
METHOD	afp	d	(Ladm;Lcj;)Z	canPlaceBlockAt
METHOD	afp	e	()Lama;	createBlockState
METHOD	afp	e	(Ladm;Lcj;)Z	canBlockStay
METHOD	afp	j	()V	setBlockBoundsForItemRender
METHOD	afp	l	(Ladm;Lcj;)I	getComparatorInputOverride
METHOD	afp	m	()Ladf;	getBlockLayer
METHOD	afq	l	()Lzw;	getSeed
METHOD	afq	n	()Lzw;	getCrop
METHOD	afr	O	()Z	hasComparatorInputOverride
METHOD	afr	a	(I)Lalz;	getStateFromMeta
METHOD	afr	a	(Ladm;Lcj;Lalz;I)V	setWaterLevel
METHOD	afr	a	(Ladm;Lcj;Lalz;Laug;Ljava/util/List;Lpk;)V	addCollisionBoxesToList
METHOD	afr	a	(Ladm;Lcj;Lalz;Lpk;)V	onEntityCollidedWithBlock
METHOD	afr	a	(Ladm;Lcj;Lalz;Lwn;Lcq;FFF)Z	onBlockActivated
METHOD	afr	a	(Lalz;Ljava/util/Random;I)Lzw;	getItemDropped
METHOD	afr	c	()Z	isOpaqueCube
METHOD	afr	c	(Ladm;Lcj;)Lzw;	getItem
METHOD	afr	c	(Lalz;)I	getMetaFromState
METHOD	afr	d	()Z	isFullCube
METHOD	afr	e	()Lama;	createBlockState
METHOD	afr	j	()V	setBlockBoundsForItemRender
METHOD	afr	k	(Ladm;Lcj;)V	fillWithRain
METHOD	afr	l	(Ladm;Lcj;)I	getComparatorInputOverride
METHOD	afs	O	()Z	hasComparatorInputOverride
METHOD	afs	a	(I)Lalz;	getStateFromMeta
METHOD	afs	a	(Ladm;I)Lakw;	createNewTileEntity
METHOD	afs	a	(Ladm;Lcj;Lalz;Lafh;)V	onNeighborBlockChange
METHOD	afs	a	(Ladm;Lcj;Lalz;Lpr;Lzx;)V	onBlockPlacedBy
METHOD	afs	a	(Ladm;Lcj;Lalz;Lwn;Lcq;FFF)Z	onBlockActivated
METHOD	afs	a	(Ladm;Lcj;Lcq;FFFILpr;)Lalz;	onBlockPlaced
METHOD	afs	a	(Ladq;Lcj;)V	setBlockBoundsBasedOnState
METHOD	afs	a	(Ladq;Lcj;Lalz;Lcq;)I	getWeakPower
METHOD	afs	b	()I	getRenderType
METHOD	afs	b	(Ladm;Lcj;Lalz;)V	breakBlock
METHOD	afs	b	(Ladq;Lcj;Lalz;Lcq;)I	getStrongPower
METHOD	afs	c	()Z	isOpaqueCube
METHOD	afs	c	(Ladm;Lcj;Lalz;)V	onBlockAdded
METHOD	afs	c	(Lalz;)I	getMetaFromState
METHOD	afs	d	()Z	isFullCube
METHOD	afs	d	(Ladm;Lcj;)Z	canPlaceBlockAt
METHOD	afs	e	()Lama;	createBlockState
METHOD	afs	e	(Ladm;Lcj;Lalz;)Lalz;	checkForSurroundingChests
METHOD	afs	f	(Ladm;Lcj;)Loo;	getLockableContainer
METHOD	afs	f	(Ladm;Lcj;Lalz;)Lalz;	correctFacing
METHOD	afs	i	()Z	canProvidePower
METHOD	afs	l	(Ladm;Lcj;)I	getComparatorInputOverride
METHOD	afs	m	(Ladm;Lcj;)Z	isDoubleChest
METHOD	afs	n	(Ladm;Lcj;)Z	isBlocked
METHOD	afs	o	(Ladm;Lcj;)Z	isBelowSolidBlock
METHOD	afs	p	(Ladm;Lcj;)Z	isOcelotSittingOnChest
METHOD	aft	a	(Lalz;Ljava/util/Random;I)Lzw;	getItemDropped
METHOD	aft	a	(Ljava/util/Random;)I	quantityDropped
METHOD	afu	a	(I)Lalz;	getStateFromMeta
METHOD	afu	a	(Ladm;Lcj;Lalz;)Laug;	getCollisionBoundingBox
METHOD	afu	a	(Ladm;Lcj;Lalz;FI)V	dropBlockAsItemWithChance
METHOD	afu	a	(Ladm;Lcj;Lalz;Lafh;)V	onNeighborBlockChange
METHOD	afu	a	(Ladm;Lcj;Lalz;Lpr;Lzx;)V	onBlockPlacedBy
METHOD	afu	a	(Ladm;Lcj;Lalz;Z)Z	canGrow
METHOD	afu	a	(Ladm;Lcj;Lcq;FFFILpr;)Lalz;	onBlockPlaced
METHOD	afu	a	(Ladm;Ljava/util/Random;Lcj;Lalz;)Z	canUseBonemeal
METHOD	afu	a	(Ladq;Lcj;)V	setBlockBoundsBasedOnState
METHOD	afu	b	(Ladm;Lcj;)Laug;	getSelectedBoundingBox
METHOD	afu	b	(Ladm;Lcj;Lalz;Ljava/util/Random;)V	updateTick
METHOD	afu	b	(Ladm;Ljava/util/Random;Lcj;Lalz;)V	grow
METHOD	afu	c	()Z	isOpaqueCube
METHOD	afu	c	(Ladm;Lcj;)Lzw;	getItem
METHOD	afu	c	(Lalz;)I	getMetaFromState
METHOD	afu	d	()Z	isFullCube
METHOD	afu	e	()Lama;	createBlockState
METHOD	afu	e	(Ladm;Lcj;Lalz;)Z	canBlockStay
METHOD	afu	f	(Ladm;Lcj;Lalz;)V	dropBlock
METHOD	afu	j	(Ladm;Lcj;)I	getDamageValue
METHOD	afu	m	()Ladf;	getBlockLayer
METHOD	afv	a	(I)Lalz;	getStateFromMeta
METHOD	afv	a	(Lalz;)I	damageDropped
METHOD	afv	a	(Lzw;Lyz;Ljava/util/List;)V	getSubBlocks
METHOD	afv	c	(Lalz;)I	getMetaFromState
METHOD	afv	e	()Lama;	createBlockState
METHOD	afv	g	(Lalz;)Larn;	getMapColor
METHOD	afw	O	()Z	hasComparatorInputOverride
METHOD	afw	a	(I)Lalz;	getStateFromMeta
METHOD	afw	a	(Ladm;)I	tickRate
METHOD	afw	a	(Ladm;I)Lakw;	createNewTileEntity
METHOD	afw	a	(Ladm;Lcj;Lalz;Lafh;)V	onNeighborBlockChange
METHOD	afw	a	(Ladm;Lcj;Lalz;Lpr;Lzx;)V	onBlockPlacedBy
METHOD	afw	a	(Ladm;Lcj;Lalz;Lwn;Lcq;FFF)Z	onBlockActivated
METHOD	afw	a	(Ladm;Lcj;Lcq;FFFILpr;)Lalz;	onBlockPlaced
METHOD	afw	a	(Ljava/util/Random;)I	quantityDropped
METHOD	afw	b	()I	getRenderType
METHOD	afw	b	(Ladm;Lcj;Lalz;Ljava/util/Random;)V	updateTick
METHOD	afw	c	(Lalz;)I	getMetaFromState
METHOD	afw	e	()Lama;	createBlockState
METHOD	afw	l	(Ladm;Lcj;)I	getComparatorInputOverride
METHOD	afx$1	a	(Lpk;)Z	apply
METHOD	afx$1	apply	(Ljava/lang/Object;)Z	apply
METHOD	afx$a	l	()Ljava/lang/String;	getName
METHOD	afx$a	toString	()Ljava/lang/String;	toString
METHOD	afx$a	values	()[Lafx$a;	values
METHOD	afx	a	(I)Lalz;	getStateFromMeta
METHOD	afx	a	(Ladm;I)Lakw;	createNewTileEntity
METHOD	afx	a	(Ladm;Lcj;Lalz;II)Z	onBlockEventReceived
METHOD	afx	a	(Ladm;Lcj;Lalz;Lwn;Lcq;FFF)Z	onBlockActivated
METHOD	afx	a	(Ladm;Lcj;Lcq;FFFILpr;)Lalz;	onBlockPlaced
METHOD	afx	a	(Ladm;Lcq;Lcj;)Luo;	findItemFrame
METHOD	afx	a	(Ladq;Lcj;Lalz;)I	getActiveSignal
METHOD	afx	a	(Lalz;Ljava/util/Random;I)Lzw;	getItemDropped
METHOD	afx	b	(Ladm;Lcj;Lalz;)V	breakBlock
METHOD	afx	b	(Ladm;Lcj;Lalz;Ljava/util/Random;)V	updateTick
METHOD	afx	c	(Ladm;Lcj;)Lzw;	getItem
METHOD	afx	c	(Ladm;Lcj;Lalz;)V	onBlockAdded
METHOD	afx	c	(Lalz;)I	getMetaFromState
METHOD	afx	d	(Lalz;)I	getDelay
METHOD	afx	e	()Lama;	createBlockState
METHOD	afx	e	(Ladm;Lcj;Lalz;)Z	shouldBePowered
METHOD	afx	e	(Lalz;)Lalz;	getPoweredState
METHOD	afx	f	()Ljava/lang/String;	getLocalizedName
METHOD	afx	f	(Ladm;Lcj;Lalz;)I	calculateInputStrength
METHOD	afx	g	(Ladm;Lcj;Lalz;)V	updateState
METHOD	afx	j	(Ladm;Lcj;Lalz;)I	calculateOutput
METHOD	afx	k	(Ladm;Lcj;Lalz;)V	onStateChange
METHOD	afx	k	(Lalz;)Lalz;	getUnpoweredState
METHOD	afx	l	(Lalz;)Z	isPowered
METHOD	afy$a	a	(Lwm;Lwn;)Lxi;	createContainer
METHOD	afy$a	e_	()Ljava/lang/String;	getName
METHOD	afy$a	f_	()Leu;	getDisplayName
METHOD	afy$a	k	()Ljava/lang/String;	getGuiID
METHOD	afy$a	l_	()Z	hasCustomName
METHOD	afy	a	(Ladm;Lcj;Lalz;Lwn;Lcq;FFF)Z	onBlockActivated
METHOD	afz	a	(I)Lalz;	getStateFromMeta
METHOD	afz	a	(Ladm;Lcj;Lalz;FI)V	dropBlockAsItemWithChance
METHOD	afz	a	(Ladm;Lcj;Lalz;Z)Z	canGrow
METHOD	afz	a	(Ladm;Ljava/util/Random;Lcj;Lalz;)Z	canUseBonemeal
METHOD	afz	a	(Lafh;Ladm;Lcj;)F	getGrowthChance
METHOD	afz	a	(Lalz;Ljava/util/Random;I)Lzw;	getItemDropped
METHOD	afz	b	(Ladm;Lcj;Lalz;Ljava/util/Random;)V	updateTick
METHOD	afz	b	(Ladm;Ljava/util/Random;Lcj;Lalz;)V	grow
METHOD	afz	c	(Ladm;Lcj;)Lzw;	getItem
METHOD	afz	c	(Lafh;)Z	canPlaceBlockOn
METHOD	afz	c	(Lalz;)I	getMetaFromState
METHOD	afz	e	()Lama;	createBlockState
METHOD	afz	f	(Ladm;Lcj;Lalz;)Z	canBlockStay
METHOD	afz	g	(Ladm;Lcj;Lalz;)V	grow
METHOD	afz	l	()Lzw;	getSeed
METHOD	afz	n	()Lzw;	getCrop
METHOD	ag	a	()I	getRequiredPermissionLevel
METHOD	ag	a	(Lm;[Ljava/lang/String;)V	processCommand
METHOD	ag	a	(Lm;[Ljava/lang/String;Lcj;)Ljava/util/List;	addTabCompletionOptions
METHOD	ag	c	()Ljava/lang/String;	getCommandName
METHOD	ag	c	(Lm;)Ljava/lang/String;	getCommandUsage
METHOD	ag	e	(Ljava/lang/String;)Loj;	getDifficultyFromCommand
METHOD	aga	a	(I)Lalz;	getStateFromMeta
METHOD	aga	a	(Ladm;I)Lakw;	createNewTileEntity
METHOD	aga	a	(Ladm;Lcj;Lalz;Lwn;Lcq;FFF)Z	onBlockActivated
METHOD	aga	a	(Ladq;Lcj;)V	setBlockBoundsBasedOnState
METHOD	aga	a	(Ladq;Lcj;Lalz;Lcq;)I	getWeakPower
METHOD	aga	a	(Lalz;Ljava/util/Random;I)Lzw;	getItemDropped
METHOD	aga	a	(Lzw;Lyz;Ljava/util/List;)V	getSubBlocks
METHOD	aga	b	()I	getRenderType
METHOD	aga	c	()Z	isOpaqueCube
METHOD	aga	c	(Ladm;Lcj;)Lzw;	getItem
METHOD	aga	c	(Lalz;)I	getMetaFromState
METHOD	aga	d	()Z	isFullCube
METHOD	aga	e	()Lama;	createBlockState
METHOD	aga	f	(Ladm;Lcj;)V	updatePower
METHOD	aga	i	()Z	canProvidePower
METHOD	agb	a	(Ladm;Lcj;)Z	isReplaceable
METHOD	agb	a	(Ladm;Lwn;Lcj;Lalz;Lakw;)V	harvestBlock
METHOD	agb	a	(Lalz;Ljava/util/Random;I)Lzw;	getItemDropped
METHOD	agb	c	(Lafh;)Z	canPlaceBlockOn
METHOD	agb	g	(Lalz;)Larn;	getMapColor
METHOD	agc$1	a	(Lafe$b;)Z	apply
METHOD	agc$1	apply	(Ljava/lang/Object;)Z	apply
METHOD	agc	O	()Z	hasComparatorInputOverride
METHOD	agc	a	(I)Lalz;	getStateFromMeta
METHOD	agc	a	(Ladm;)I	tickRate
METHOD	agc	a	(Ladm;Lcj;Lalz;Ljava/util/Random;)V	randomTick
METHOD	agc	a	(Ladm;Lcj;Lalz;Lpk;)V	onEntityCollidedWithBlock
METHOD	agc	a	(Ladm;Lcj;Ljava/lang/Class;[Lcom/google/common/base/Predicate;)Ljava/util/List;	findMinecarts
METHOD	agc	a	(Ladq;Lcj;Lalz;Lcq;)I	getWeakPower
METHOD	agc	a	(Lcj;)Laug;	getDectectionBox
METHOD	agc	b	(Ladm;Lcj;Lalz;Ljava/util/Random;)V	updateTick
METHOD	agc	b	(Ladq;Lcj;Lalz;Lcq;)I	getStrongPower
METHOD	agc	c	(Ladm;Lcj;Lalz;)V	onBlockAdded
METHOD	agc	c	(Lalz;)I	getMetaFromState
METHOD	agc	e	()Lama;	createBlockState
METHOD	agc	e	(Ladm;Lcj;Lalz;)V	updatePoweredState
METHOD	agc	i	()Z	canProvidePower
METHOD	agc	l	(Ladm;Lcj;)I	getComparatorInputOverride
METHOD	agc	n	()Lamo;	getShapeProperty
METHOD	agd	a	(Ladm;Lcj;Lalz;Lafh;)V	onNeighborBlockChange
METHOD	agd	a	(Ladm;Lcj;Lalz;Ljava/util/Random;)V	randomTick
METHOD	agd	a	(Ladm;Lcj;Lalz;Lpr;Lzx;)V	onBlockPlacedBy
METHOD	agd	a	(Ladm;Lcj;Lcq;FFFILpr;)Lalz;	onBlockPlaced
METHOD	agd	a	(Ladq;Lcj;Lalz;)I	getActiveSignal
METHOD	agd	a	(Ladq;Lcj;Lalz;Lcq;)I	getWeakPower
METHOD	agd	a	(Ladq;Lcj;Lcq;)Z	shouldSideBeRendered
METHOD	agd	b	(Ladm;Lcj;Lalz;Ljava/util/Random;)V	updateTick
METHOD	agd	b	(Ladq;Lcj;Lalz;)Z	isLocked
METHOD	agd	b	(Ladq;Lcj;Lalz;Lcq;)I	getStrongPower
METHOD	agd	b	(Lafh;)Z	isAssociatedBlock
METHOD	agd	c	()Z	isOpaqueCube
METHOD	agd	c	(Ladm;Lcj;Lalz;)V	onBlockAdded
METHOD	agd	c	(Ladq;Lcj;Lalz;)I	getPowerOnSides
METHOD	agd	c	(Ladq;Lcj;Lcq;)I	getPowerOnSide
METHOD	agd	c	(Lafh;)Z	canPowerSide
METHOD	agd	d	()Z	isFullCube
METHOD	agd	d	(Ladm;Lcj;)Z	canPlaceBlockAt
METHOD	agd	d	(Ladm;Lcj;Lalz;)V	onBlockDestroyedByPlayer
METHOD	agd	d	(Lafh;)Z	isRedstoneRepeaterBlockID
METHOD	agd	d	(Lalz;)I	getDelay
METHOD	agd	e	(Ladm;Lcj;)Z	canBlockStay
METHOD	agd	e	(Ladm;Lcj;Lalz;)Z	shouldBePowered
METHOD	agd	e	(Lafh;)Z	isAssociated
METHOD	agd	e	(Lalz;)Lalz;	getPoweredState
METHOD	agd	f	(Ladm;Lcj;Lalz;)I	calculateInputStrength
METHOD	agd	g	(Ladm;Lcj;Lalz;)V	updateState
METHOD	agd	h	(Ladm;Lcj;Lalz;)V	notifyNeighbors
METHOD	agd	i	()Z	canProvidePower
METHOD	agd	i	(Ladm;Lcj;Lalz;)Z	isFacingTowardsRepeater
METHOD	agd	k	(Lalz;)Lalz;	getUnpoweredState
METHOD	agd	l	(Lalz;)Z	isPowered
METHOD	agd	m	()Ladf;	getBlockLayer
METHOD	agd	m	(Lalz;)I	getTickDelay
METHOD	agf$a	a	()I	getMetadata
METHOD	agf$a	a	(I)Lagf$a;	byMetadata
METHOD	agf$a	c	()Ljava/lang/String;	getUnlocalizedName
METHOD	agf$a	d	()Larn;	func_181066_d
METHOD	agf$a	l	()Ljava/lang/String;	getName
METHOD	agf$a	toString	()Ljava/lang/String;	toString
METHOD	agf$a	values	()[Lagf$a;	values
METHOD	agf	a	(I)Lalz;	getStateFromMeta
METHOD	agf	a	(Lalz;)I	damageDropped
METHOD	agf	a	(Lalz;Ladq;Lcj;)Lalz;	getActualState
METHOD	agf	a	(Lzw;Lyz;Ljava/util/List;)V	getSubBlocks
METHOD	agf	c	(Lalz;)I	getMetaFromState
METHOD	agf	e	()Lama;	createBlockState
METHOD	agf	g	(Lalz;)Larn;	getMapColor
METHOD	agf	j	(Ladm;Lcj;)I	getDamageValue
METHOD	agg	O	()Z	hasComparatorInputOverride
METHOD	agg	a	(I)Lalz;	getStateFromMeta
METHOD	agg	a	(Ladm;)I	tickRate
METHOD	agg	a	(Ladm;I)Lakw;	createNewTileEntity
METHOD	agg	a	(Ladm;Lcj;Lalz;Lafh;)V	onNeighborBlockChange
METHOD	agg	a	(Ladm;Lcj;Lalz;Lpr;Lzx;)V	onBlockPlacedBy
METHOD	agg	a	(Ladm;Lcj;Lalz;Lwn;Lcq;FFF)Z	onBlockActivated
METHOD	agg	a	(Ladm;Lcj;Lcq;FFFILpr;)Lalz;	onBlockPlaced
METHOD	agg	a	(Lck;)Lcz;	getDispensePosition
METHOD	agg	a	(Lzx;)Lcr;	getBehavior
METHOD	agg	b	()I	getRenderType
METHOD	agg	b	(I)Lcq;	getFacing
METHOD	agg	b	(Ladm;Lcj;Lalz;)V	breakBlock
METHOD	agg	b	(Ladm;Lcj;Lalz;Ljava/util/Random;)V	updateTick
METHOD	agg	b	(Lalz;)Lalz;	getStateForEntityRender
METHOD	agg	c	(Ladm;Lcj;Lalz;)V	onBlockAdded
METHOD	agg	c	(Lalz;)I	getMetaFromState
METHOD	agg	e	()Lama;	createBlockState
METHOD	agg	e	(Ladm;Lcj;Lalz;)V	setDefaultDirection
METHOD	agg	f	(Ladm;Lcj;)V	dispense
METHOD	agg	l	(Ladm;Lcj;)I	getComparatorInputOverride
METHOD	agh$a	l	()Ljava/lang/String;	getName
METHOD	agh$a	toString	()Ljava/lang/String;	toString
METHOD	agh$a	values	()[Lagh$a;	values
METHOD	agh$b	l	()Ljava/lang/String;	getName
METHOD	agh$b	toString	()Ljava/lang/String;	toString
METHOD	agh$b	values	()[Lagh$b;	values
METHOD	agh	a	(I)Lalz;	getStateFromMeta
METHOD	agh	a	(Ladm;Lcj;Lalz;)Laug;	getCollisionBoundingBox
METHOD	agh	a	(Ladm;Lcj;Lalz;Lafh;)V	onNeighborBlockChange
METHOD	agh	a	(Ladm;Lcj;Lalz;Lwn;)V	onBlockHarvested
METHOD	agh	a	(Ladm;Lcj;Lalz;Lwn;Lcq;FFF)Z	onBlockActivated
METHOD	agh	a	(Ladm;Lcj;Laui;Laui;)Lauh;	collisionRayTrace
METHOD	agh	a	(Ladm;Lcj;Z)V	toggleDoor
METHOD	agh	a	(Ladq;Lcj;)V	setBlockBoundsBasedOnState
METHOD	agh	a	(Lalz;Ladq;Lcj;)Lalz;	getActualState
METHOD	agh	a	(Lalz;Ljava/util/Random;I)Lzw;	getItemDropped
METHOD	agh	b	(I)I	removeHalfBit
METHOD	agh	b	(Ladm;Lcj;)Laug;	getSelectedBoundingBox
METHOD	agh	b	(Ladq;Lcj;)Z	isPassable
METHOD	agh	c	()Z	isOpaqueCube
METHOD	agh	c	(Ladm;Lcj;)Lzw;	getItem
METHOD	agh	c	(Lalz;)I	getMetaFromState
METHOD	agh	d	()Z	isFullCube
METHOD	agh	d	(Ladm;Lcj;)Z	canPlaceBlockAt
METHOD	agh	e	()Lama;	createBlockState
METHOD	agh	e	(Ladq;Lcj;)I	combineMetadata
METHOD	agh	f	()Ljava/lang/String;	getLocalizedName
METHOD	agh	f	(I)Lcq;	getFacing
METHOD	agh	f	(Ladq;Lcj;)Z	isOpen
METHOD	agh	g	(I)Z	isOpen
METHOD	agh	h	(Ladq;Lcj;)Lcq;	getFacing
METHOD	agh	i	(I)Z	isTop
METHOD	agh	j	(I)Z	isHingeLeft
METHOD	agh	k	()I	getMobilityFlag
METHOD	agh	k	(I)V	setBoundBasedOnMeta
METHOD	agh	l	()Lzw;	getItem
METHOD	agh	m	()Ladf;	getBlockLayer
METHOD	agi$a	l	()Ljava/lang/String;	getName
METHOD	agi$a	toString	()Ljava/lang/String;	toString
METHOD	agi$a	values	()[Lagi$a;	values
METHOD	agi$b	a	()I	getMeta
METHOD	agi$b	a	(I)Lagi$b;	byMetadata
METHOD	agi$b	c	()Ljava/lang/String;	getUnlocalizedName
METHOD	agi$b	l	()Ljava/lang/String;	getName
METHOD	agi$b	toString	()Ljava/lang/String;	toString
METHOD	agi$b	values	()[Lagi$b;	values
METHOD	agi	R	()Lafh$a;	getOffsetType
METHOD	agi	a	(I)Lalz;	getStateFromMeta
METHOD	agi	a	(Ladm;Lcj;)Z	isReplaceable
METHOD	agi	a	(Ladm;Lcj;Lagi$b;I)V	placeAt
METHOD	agi	a	(Ladm;Lcj;Lalz;Lpr;Lzx;)V	onBlockPlacedBy
METHOD	agi	a	(Ladm;Lcj;Lalz;Lwn;)V	onBlockHarvested
METHOD	agi	a	(Ladm;Lcj;Lalz;Z)Z	canGrow
METHOD	agi	a	(Ladm;Ljava/util/Random;Lcj;Lalz;)Z	canUseBonemeal
METHOD	agi	a	(Ladm;Lwn;Lcj;Lalz;Lakw;)V	harvestBlock
METHOD	agi	a	(Ladq;Lcj;)V	setBlockBoundsBasedOnState
METHOD	agi	a	(Ladq;Lcj;I)I	colorMultiplier
METHOD	agi	a	(Lalz;)I	damageDropped
METHOD	agi	a	(Lalz;Ladq;Lcj;)Lalz;	getActualState
METHOD	agi	a	(Lalz;Ljava/util/Random;I)Lzw;	getItemDropped
METHOD	agi	a	(Lzw;Lyz;Ljava/util/List;)V	getSubBlocks
METHOD	agi	b	(Ladm;Lcj;Lalz;Lwn;)Z	onHarvest
METHOD	agi	b	(Ladm;Ljava/util/Random;Lcj;Lalz;)V	grow
METHOD	agi	c	(Lalz;)I	getMetaFromState
METHOD	agi	d	(Ladm;Lcj;)Z	canPlaceBlockAt
METHOD	agi	e	()Lama;	createBlockState
METHOD	agi	e	(Ladm;Lcj;Lalz;)V	checkAndDropBlock
METHOD	agi	e	(Ladq;Lcj;)Lagi$b;	getVariant
METHOD	agi	f	(Ladm;Lcj;Lalz;)Z	canBlockStay
METHOD	agi	j	(Ladm;Lcj;)I	getDamageValue
METHOD	agj	a	(Ladm;)I	tickRate
METHOD	agj	a	(Ladm;Lcj;Lalz;Lafh;)V	onNeighborBlockChange
METHOD	agj	a	(Ladm;Lcj;Lalz;Lwn;Lcq;FFF)Z	onBlockActivated
METHOD	agj	a	(Ladm;Lcj;Lwn;)V	onBlockClicked
METHOD	agj	a	(Ladq;Lcj;Lcq;)Z	shouldSideBeRendered
METHOD	agj	b	(Ladm;Lcj;Lalz;Ljava/util/Random;)V	updateTick
METHOD	agj	c	()Z	isOpaqueCube
METHOD	agj	c	(Ladm;Lcj;)Lzw;	getItem
METHOD	agj	c	(Ladm;Lcj;Lalz;)V	onBlockAdded
METHOD	agj	d	()Z	isFullCube
METHOD	agj	e	(Ladm;Lcj;)V	checkFall
METHOD	agj	f	(Ladm;Lcj;)V	teleport
METHOD	agk	a	(Ladm;I)Lakw;	createNewTileEntity
METHOD	agk	a	(Lzx;)Lcr;	getBehavior
METHOD	agk	f	(Ladm;Lcj;)V	dispense
METHOD	agl	a	(Ladm;Lcj;I)I	checkAdjacentBlock
METHOD	agl	a	(Ladm;Lcj;ILcq;)I	func_176374_a
METHOD	agl	a	(Ladm;Lcj;Lalz;I)V	tryFlowInto
METHOD	agl	b	(Ladm;Lcj;Lalz;Ljava/util/Random;)V	updateTick
METHOD	agl	c	(Ladm;Lcj;Lalz;)V	onBlockAdded
METHOD	agl	f	(Ladm;Lcj;)Ljava/util/Set;	getPossibleFlowDirections
METHOD	agl	f	(Ladm;Lcj;Lalz;)V	placeStaticBlock
METHOD	agl	g	(Ladm;Lcj;Lalz;)Z	isBlocked
METHOD	agl	h	(Ladm;Lcj;Lalz;)Z	canFlowInto
METHOD	agm	a	(Ladm;I)Lakw;	createNewTileEntity
METHOD	agm	a	(Ladm;Lcj;Lalz;Lpr;Lzx;)V	onBlockPlacedBy
METHOD	agm	a	(Ladm;Lcj;Lalz;Lwn;Lcq;FFF)Z	onBlockActivated
METHOD	agm	b	()I	getRenderType
METHOD	agm	c	()Z	isOpaqueCube
METHOD	agm	c	(Ladm;Lcj;Lalz;Ljava/util/Random;)V	randomDisplayTick
METHOD	agm	d	()Z	isFullCube
METHOD	agn	a	(Ladm;I)Lakw;	createNewTileEntity
METHOD	agn	a	(Ladm;Lcj;Lalz;Laug;Ljava/util/List;Lpk;)V	addCollisionBoxesToList
METHOD	agn	a	(Ladm;Lcj;Lalz;Lpk;)V	onEntityCollidedWithBlock
METHOD	agn	a	(Ladq;Lcj;)V	setBlockBoundsBasedOnState
METHOD	agn	a	(Ladq;Lcj;Lcq;)Z	shouldSideBeRendered
METHOD	agn	a	(Ljava/util/Random;)I	quantityDropped
METHOD	agn	c	()Z	isOpaqueCube
METHOD	agn	c	(Ladm;Lcj;)Lzw;	getItem
METHOD	agn	c	(Ladm;Lcj;Lalz;Ljava/util/Random;)V	randomDisplayTick
METHOD	agn	d	()Z	isFullCube
METHOD	agn	g	(Lalz;)Larn;	getMapColor
METHOD	ago	O	()Z	hasComparatorInputOverride
METHOD	ago	a	(I)Lalz;	getStateFromMeta
METHOD	ago	a	(Ladm;Lcj;Lalz;Laug;Ljava/util/List;Lpk;)V	addCollisionBoxesToList
METHOD	ago	a	(Ladm;Lcj;Lcq;FFFILpr;)Lalz;	onBlockPlaced
METHOD	ago	a	(Lalz;Ljava/util/Random;I)Lzw;	getItemDropped
METHOD	ago	c	()Z	isOpaqueCube
METHOD	ago	c	(Lalz;)I	getMetaFromState
METHOD	ago	e	()Lama;	createBlockState
METHOD	ago	j	()V	setBlockBoundsForItemRender
METHOD	ago	l	(Ladm;Lcj;)I	getComparatorInputOverride
METHOD	agp	I	()Z	canSilkHarvest
METHOD	agp	a	(I)Lalz;	getStateFromMeta
METHOD	agp	a	(Ladm;I)Lakw;	createNewTileEntity
METHOD	agp	a	(Ladm;Lcj;Lalz;Lpr;Lzx;)V	onBlockPlacedBy
METHOD	agp	a	(Ladm;Lcj;Lalz;Lwn;Lcq;FFF)Z	onBlockActivated
METHOD	agp	a	(Ladm;Lcj;Lcq;FFFILpr;)Lalz;	onBlockPlaced
METHOD	agp	a	(Lalz;Ljava/util/Random;I)Lzw;	getItemDropped
METHOD	agp	a	(Ljava/util/Random;)I	quantityDropped
METHOD	agp	b	()I	getRenderType
METHOD	agp	c	()Z	isOpaqueCube
METHOD	agp	c	(Ladm;Lcj;Lalz;Ljava/util/Random;)V	randomDisplayTick
METHOD	agp	c	(Lalz;)I	getMetaFromState
METHOD	agp	d	()Z	isFullCube
METHOD	agp	e	()Lama;	createBlockState
METHOD	agq	a	(Ladm;I)Lakw;	createNewTileEntity
METHOD	agr	a	(Ladm;)I	tickRate
METHOD	agr	a	(Ladm;Lcj;Lalz;Lafh;)V	onNeighborBlockChange
METHOD	agr	a	(Luy;)V	onStartFalling
METHOD	agr	a_	(Ladm;Lcj;)V	onEndFalling
METHOD	agr	b	(Ladm;Lcj;Lalz;Ljava/util/Random;)V	updateTick
METHOD	agr	c	(Ladm;Lcj;Lalz;)V	onBlockAdded
METHOD	agr	e	(Ladm;Lcj;)Z	canFallInto
METHOD	agr	f	(Ladm;Lcj;)V	checkFallable
METHOD	ags	a	(I)Lalz;	getStateFromMeta
METHOD	ags	a	(Ladm;Lcj;Lalz;)Laug;	getCollisionBoundingBox
METHOD	ags	a	(Ladm;Lcj;Lalz;Lafh;)V	onNeighborBlockChange
METHOD	ags	a	(Ladm;Lcj;Lpk;F)V	onFallenUpon
METHOD	ags	a	(Ladq;Lcj;Lcq;)Z	shouldSideBeRendered
METHOD	ags	a	(Lalz;Ljava/util/Random;I)Lzw;	getItemDropped
METHOD	ags	b	(Ladm;Lcj;Lalz;Ljava/util/Random;)V	updateTick
METHOD	ags	c	()Z	isOpaqueCube
METHOD	ags	c	(Ladm;Lcj;)Lzw;	getItem
METHOD	ags	c	(Lalz;)I	getMetaFromState
METHOD	ags	d	()Z	isFullCube
METHOD	ags	e	()Lama;	createBlockState
METHOD	ags	e	(Ladm;Lcj;)Z	hasCrops
METHOD	ags	f	(Ladm;Lcj;)Z	hasWater
METHOD	agt	a	(Ladm;Lcj;Lalz;Laug;Ljava/util/List;Lpk;)V	addCollisionBoxesToList
METHOD	agt	a	(Ladm;Lcj;Lalz;Lwn;Lcq;FFF)Z	onBlockActivated
METHOD	agt	a	(Ladq;Lcj;)V	setBlockBoundsBasedOnState
METHOD	agt	a	(Ladq;Lcj;Lcq;)Z	shouldSideBeRendered
METHOD	agt	a	(Lalz;Ladq;Lcj;)Lalz;	getActualState
METHOD	agt	b	(Ladq;Lcj;)Z	isPassable
METHOD	agt	c	()Z	isOpaqueCube
METHOD	agt	c	(Lalz;)I	getMetaFromState
METHOD	agt	d	()Z	isFullCube
METHOD	agt	e	()Lama;	createBlockState
METHOD	agt	e	(Ladq;Lcj;)Z	canConnectTo
METHOD	agu	a	(I)Lalz;	getStateFromMeta
METHOD	agu	a	(Ladm;Lcj;Lalz;)Laug;	getCollisionBoundingBox
METHOD	agu	a	(Ladm;Lcj;Lalz;Lafh;)V	onNeighborBlockChange
METHOD	agu	a	(Ladm;Lcj;Lalz;Lwn;Lcq;FFF)Z	onBlockActivated
METHOD	agu	a	(Ladm;Lcj;Lcq;FFFILpr;)Lalz;	onBlockPlaced
METHOD	agu	a	(Ladq;Lcj;)V	setBlockBoundsBasedOnState
METHOD	agu	a	(Ladq;Lcj;Lcq;)Z	shouldSideBeRendered
METHOD	agu	a	(Lalz;Ladq;Lcj;)Lalz;	getActualState
METHOD	agu	b	(Ladq;Lcj;)Z	isPassable
METHOD	agu	c	()Z	isOpaqueCube
METHOD	agu	c	(Lalz;)I	getMetaFromState
METHOD	agu	d	()Z	isFullCube
METHOD	agu	d	(Ladm;Lcj;)Z	canPlaceBlockAt
METHOD	agu	e	()Lama;	createBlockState
METHOD	agv	A	()Z	isCollidable
METHOD	agv	N	()Z	requiresUpdates
METHOD	agv	a	(I)Lalz;	getStateFromMeta
METHOD	agv	a	(Ladm;)I	tickRate
METHOD	agv	a	(Ladm;Lcj;ILjava/util/Random;I)V	catchOnFire
METHOD	agv	a	(Ladm;Lcj;Lalz;)Laug;	getCollisionBoundingBox
METHOD	agv	a	(Ladm;Lcj;Lalz;Lafh;)V	onNeighborBlockChange
METHOD	agv	a	(Lafh;II)V	setFireInfo
METHOD	agv	a	(Lalz;Ladq;Lcj;)Lalz;	getActualState
METHOD	agv	a	(Ljava/util/Random;)I	quantityDropped
METHOD	agv	b	(Ladm;Lcj;Lalz;Ljava/util/Random;)V	updateTick
METHOD	agv	c	()Z	isOpaqueCube
METHOD	agv	c	(Ladm;Lcj;Lalz;)V	onBlockAdded
METHOD	agv	c	(Ladm;Lcj;Lalz;Ljava/util/Random;)V	randomDisplayTick
METHOD	agv	c	(Lafh;)I	getFlammability
METHOD	agv	c	(Lalz;)I	getMetaFromState
METHOD	agv	d	()Z	isFullCube
METHOD	agv	d	(Ladm;Lcj;)Z	canPlaceBlockAt
METHOD	agv	d	(Lafh;)I	getEncouragement
METHOD	agv	e	()Lama;	createBlockState
METHOD	agv	e	(Ladm;Lcj;)Z	canDie
METHOD	agv	e	(Ladq;Lcj;)Z	canCatchFire
METHOD	agv	f	(Ladm;Lcj;)Z	canNeighborCatchFire
METHOD	agv	g	(Lalz;)Larn;	getMapColor
METHOD	agv	l	()V	init
METHOD	agv	m	()Ladf;	getBlockLayer
METHOD	agv	m	(Ladm;Lcj;)I	getNeighborEncouragement
METHOD	agw$1	a	(Lagw$a;)Z	apply
METHOD	agw$1	apply	(Ljava/lang/Object;)Z	apply
METHOD	agw$a$1	a	(Lagw$a;)Z	apply
METHOD	agw$a$1	apply	(Ljava/lang/Object;)Z	apply
METHOD	agw$a	a	()Lagw$b;	getBlockType
METHOD	agw$a	a	(Lagw$b;)[Lagw$a;	getTypes
METHOD	agw$a	a	(Lagw$b;I)Lagw$a;	getType
METHOD	agw$a	b	()I	getMeta
METHOD	agw$a	d	()Ljava/lang/String;	getUnlocalizedName
METHOD	agw$a	l	()Ljava/lang/String;	getName
METHOD	agw$a	toString	()Ljava/lang/String;	toString
METHOD	agw$a	values	()[Lagw$a;	values
METHOD	agw$b	a	()Lagw;	getBlock
METHOD	agw$b	values	()[Lagw$b;	values
METHOD	agw	R	()Lafh$a;	getOffsetType
METHOD	agw	a	(I)Lalz;	getStateFromMeta
METHOD	agw	a	(Lalz;)I	damageDropped
METHOD	agw	a	(Lzw;Lyz;Ljava/util/List;)V	getSubBlocks
METHOD	agw	c	(Lalz;)I	getMetaFromState
METHOD	agw	e	()Lama;	createBlockState
METHOD	agw	l	()Lagw$b;	getBlockType
METHOD	agw	n	()Lamo;	getTypeProperty
METHOD	agx$a	l	()Ljava/lang/String;	getName
METHOD	agx$a	toString	()Ljava/lang/String;	toString
METHOD	agx$a	values	()[Lagx$a;	values
METHOD	agx	M	()Z	isFlowerPot
METHOD	agx	a	(Ladm;I)Lakw;	createNewTileEntity
METHOD	agx	a	(Ladm;Lcj;Lalz;Lafh;)V	onNeighborBlockChange
METHOD	agx	a	(Ladm;Lcj;Lalz;Lwn;)V	onBlockHarvested
METHOD	agx	a	(Ladm;Lcj;Lalz;Lwn;Lcq;FFF)Z	onBlockActivated
METHOD	agx	a	(Ladq;Lcj;I)I	colorMultiplier
METHOD	agx	a	(Lafh;I)Z	canNotContain
METHOD	agx	a	(Lalz;Ladq;Lcj;)Lalz;	getActualState
METHOD	agx	a	(Lalz;Ljava/util/Random;I)Lzw;	getItemDropped
METHOD	agx	b	()I	getRenderType
METHOD	agx	b	(Ladm;Lcj;Lalz;)V	breakBlock
METHOD	agx	c	()Z	isOpaqueCube
METHOD	agx	c	(Ladm;Lcj;)Lzw;	getItem
METHOD	agx	c	(Lalz;)I	getMetaFromState
METHOD	agx	d	()Z	isFullCube
METHOD	agx	d	(Ladm;Lcj;)Z	canPlaceBlockAt
METHOD	agx	e	()Lama;	createBlockState
METHOD	agx	f	()Ljava/lang/String;	getLocalizedName
METHOD	agx	f	(Ladm;Lcj;)Lalg;	getTileEntity
METHOD	agx	j	()V	setBlockBoundsForItemRender
METHOD	agx	j	(Ladm;Lcj;)I	getDamageValue
METHOD	agx	m	()Ladf;	getBlockLayer
METHOD	agy	l	()Z	isDouble
METHOD	agz	l	()Z	isDouble
METHOD	ah	a	()I	getRequiredPermissionLevel
METHOD	ah	a	(Lm;[Ljava/lang/String;)V	processCommand
METHOD	ah	a	(Lm;[Ljava/lang/String;Lcj;)Ljava/util/List;	addTabCompletionOptions
METHOD	ah	b	([Ljava/lang/String;I)Z	isUsernameIndex
METHOD	ah	c	()Ljava/lang/String;	getCommandName
METHOD	ah	c	(Lm;)Ljava/lang/String;	getCommandUsage
METHOD	ah	d	()[Ljava/lang/String;	getListOfPlayerUsernames
METHOD	ah	h	(Lm;Ljava/lang/String;)Ladp$a;	getGameModeFromCommand
METHOD	aha	l	()Z	isDouble
METHOD	ahb	O	()Z	hasComparatorInputOverride
METHOD	ahb	a	(I)Lalz;	getStateFromMeta
METHOD	ahb	a	(Ladm;I)Lakw;	createNewTileEntity
METHOD	ahb	a	(Ladm;Lcj;Lalz;Lpr;Lzx;)V	onBlockPlacedBy
METHOD	ahb	a	(Ladm;Lcj;Lalz;Lwn;Lcq;FFF)Z	onBlockActivated
METHOD	ahb	a	(Ladm;Lcj;Lcq;FFFILpr;)Lalz;	onBlockPlaced
METHOD	ahb	a	(Lalz;Ljava/util/Random;I)Lzw;	getItemDropped
METHOD	ahb	a	(ZLadm;Lcj;)V	setState
METHOD	ahb	b	()I	getRenderType
METHOD	ahb	b	(Ladm;Lcj;Lalz;)V	breakBlock
METHOD	ahb	b	(Lalz;)Lalz;	getStateForEntityRender
METHOD	ahb	c	(Ladm;Lcj;)Lzw;	getItem
METHOD	ahb	c	(Ladm;Lcj;Lalz;)V	onBlockAdded
METHOD	ahb	c	(Ladm;Lcj;Lalz;Ljava/util/Random;)V	randomDisplayTick
METHOD	ahb	c	(Lalz;)I	getMetaFromState
METHOD	ahb	e	()Lama;	createBlockState
METHOD	ahb	e	(Ladm;Lcj;Lalz;)V	setDefaultFacing
METHOD	ahb	l	(Ladm;Lcj;)I	getComparatorInputOverride
METHOD	ahc	I	()Z	canSilkHarvest
METHOD	ahc	a	(Ljava/util/Random;)I	quantityDropped
METHOD	ahc	d	()Z	isFullCube
METHOD	ahc	m	()Ladf;	getBlockLayer
METHOD	ahd	a	(ILjava/util/Random;)I	quantityDroppedWithBonus
METHOD	ahd	a	(Lalz;Ljava/util/Random;I)Lzw;	getItemDropped
METHOD	ahd	a	(Ljava/util/Random;)I	quantityDropped
METHOD	ahd	g	(Lalz;)Larn;	getMapColor
METHOD	ahe	H	()I	getBlockColor
METHOD	ahe	a	(Ladm;Lcj;Lalz;Z)Z	canGrow
METHOD	ahe	a	(Ladm;Ljava/util/Random;Lcj;Lalz;)Z	canUseBonemeal
METHOD	ahe	a	(Ladq;Lcj;I)I	colorMultiplier
METHOD	ahe	a	(Lalz;Ladq;Lcj;)Lalz;	getActualState
METHOD	ahe	a	(Lalz;Ljava/util/Random;I)Lzw;	getItemDropped
METHOD	ahe	b	(Ladm;Lcj;Lalz;Ljava/util/Random;)V	updateTick
METHOD	ahe	b	(Ladm;Ljava/util/Random;Lcj;Lalz;)V	grow
METHOD	ahe	c	(Lalz;)I	getMetaFromState
METHOD	ahe	e	()Lama;	createBlockState
METHOD	ahe	h	(Lalz;)I	getRenderColor
METHOD	ahe	m	()Ladf;	getBlockLayer
METHOD	ahf	a	(Lalz;Ljava/util/Random;I)Lzw;	getItemDropped
METHOD	ahf	g	(Lalz;)Larn;	getMapColor
METHOD	ahg	l	()Z	isDouble
METHOD	ahh$a	l	()Ljava/lang/String;	getName
METHOD	ahh$a	toString	()Ljava/lang/String;	toString
METHOD	ahh$a	values	()[Lahh$a;	values
METHOD	ahh	I	()Z	canSilkHarvest
METHOD	ahh	a	(Ladm;Lcj;Lalz;Laug;Ljava/util/List;Lpk;)V	addCollisionBoxesToList
METHOD	ahh	a	(Ladm;Lcj;Lcq;FFFILpr;)Lalz;	onBlockPlaced
METHOD	ahh	a	(Ladq;Lcj;)V	setBlockBoundsBasedOnState
METHOD	ahh	a	(Ladq;Lcj;Lcq;)Z	shouldSideBeRendered
METHOD	ahh	a	(Ljava/util/Random;)I	quantityDropped
METHOD	ahh	a	(Lzx;)Ljava/lang/Object;	getVariant
METHOD	ahh	b	(I)Ljava/lang/String;	getUnlocalizedName
METHOD	ahh	c	()Z	isOpaqueCube
METHOD	ahh	c	(Lafh;)Z	isSlab
METHOD	ahh	d	()Z	isFullCube
METHOD	ahh	j	()V	setBlockBoundsForItemRender
METHOD	ahh	j	(Ladm;Lcj;)I	getDamageValue
METHOD	ahh	l	()Z	isDouble
METHOD	ahh	n	()Lamo;	getVariantProperty
METHOD	ahi	l	()Z	isDouble
METHOD	ahj	a	(Ladq;Lcj;Lcq;)Z	shouldSideBeRendered
METHOD	ahj	c	()Z	isOpaqueCube
METHOD	ahk	l	()Z	isDouble
METHOD	ahl	g	(Lalz;)Larn;	getMapColor
METHOD	ahm	a	(I)Lalz;	getStateFromMeta
METHOD	ahm	a	(Ladm;Lcj;Lcq;FFFILpr;)Lalz;	onBlockPlaced
METHOD	ahm	c	(Lalz;)I	getMetaFromState
METHOD	ahm	e	()Lama;	createBlockState
METHOD	ahm	i	(Lalz;)Lzx;	createStackedBlock
METHOD	ahn$1	a	(Lcq;)Z	apply
METHOD	ahn$1	apply	(Ljava/lang/Object;)Z	apply
METHOD	ahn	O	()Z	hasComparatorInputOverride
METHOD	ahn	a	(I)Lalz;	getStateFromMeta
METHOD	ahn	a	(Ladm;I)Lakw;	createNewTileEntity
METHOD	ahn	a	(Ladm;Lcj;Lalz;Lafh;)V	onNeighborBlockChange
METHOD	ahn	a	(Ladm;Lcj;Lalz;Laug;Ljava/util/List;Lpk;)V	addCollisionBoxesToList
METHOD	ahn	a	(Ladm;Lcj;Lalz;Lpr;Lzx;)V	onBlockPlacedBy
METHOD	ahn	a	(Ladm;Lcj;Lalz;Lwn;Lcq;FFF)Z	onBlockActivated
METHOD	ahn	a	(Ladm;Lcj;Lcq;FFFILpr;)Lalz;	onBlockPlaced
METHOD	ahn	a	(Ladq;Lcj;)V	setBlockBoundsBasedOnState
METHOD	ahn	a	(Ladq;Lcj;Lcq;)Z	shouldSideBeRendered
METHOD	ahn	b	()I	getRenderType
METHOD	ahn	b	(I)Lcq;	getFacing
METHOD	ahn	b	(Ladm;Lcj;Lalz;)V	breakBlock
METHOD	ahn	c	()Z	isOpaqueCube
METHOD	ahn	c	(Ladm;Lcj;Lalz;)V	onBlockAdded
METHOD	ahn	c	(Lalz;)I	getMetaFromState
METHOD	ahn	d	()Z	isFullCube
METHOD	ahn	e	()Lama;	createBlockState
METHOD	ahn	e	(Ladm;Lcj;Lalz;)V	updateState
METHOD	ahn	f	(I)Z	isEnabled
METHOD	ahn	l	(Ladm;Lcj;)I	getComparatorInputOverride
METHOD	ahn	m	()Ladf;	getBlockLayer
METHOD	aho$a	a	()I	getMetadata
METHOD	aho$a	a	(I)Laho$a;	byMetadata
METHOD	aho$a	l	()Ljava/lang/String;	getName
METHOD	aho$a	toString	()Ljava/lang/String;	toString
METHOD	aho$a	values	()[Laho$a;	values
METHOD	aho	a	(I)Lalz;	getStateFromMeta
METHOD	aho	a	(Ladm;Lcj;Lcq;FFFILpr;)Lalz;	onBlockPlaced
METHOD	aho	a	(Lalz;Ljava/util/Random;I)Lzw;	getItemDropped
METHOD	aho	a	(Ljava/util/Random;)I	quantityDropped
METHOD	aho	c	(Ladm;Lcj;)Lzw;	getItem
METHOD	aho	c	(Lalz;)I	getMetaFromState
METHOD	aho	e	()Lama;	createBlockState
METHOD	aho	g	(Lalz;)Larn;	getMapColor
METHOD	ahp	a	(Ladm;Lwn;Lcj;Lalz;Lakw;)V	harvestBlock
METHOD	ahp	a	(Ljava/util/Random;)I	quantityDropped
METHOD	ahp	b	(Ladm;Lcj;Lalz;Ljava/util/Random;)V	updateTick
METHOD	ahp	k	()I	getMobilityFlag
METHOD	ahp	m	()Ladf;	getBlockLayer
METHOD	ahq$a	a	()Lzx;	getRecord
METHOD	ahq$a	a	(Ldn;)V	readFromNBT
METHOD	ahq$a	a	(Lzx;)V	setRecord
METHOD	ahq$a	b	(Ldn;)V	writeToNBT
METHOD	ahq	O	()Z	hasComparatorInputOverride
METHOD	ahq	a	(I)Lalz;	getStateFromMeta
METHOD	ahq	a	(Ladm;I)Lakw;	createNewTileEntity
METHOD	ahq	a	(Ladm;Lcj;Lalz;FI)V	dropBlockAsItemWithChance
METHOD	ahq	a	(Ladm;Lcj;Lalz;Lwn;Lcq;FFF)Z	onBlockActivated
METHOD	ahq	a	(Ladm;Lcj;Lalz;Lzx;)V	insertRecord
METHOD	ahq	b	()I	getRenderType
METHOD	ahq	b	(Ladm;Lcj;Lalz;)V	breakBlock
METHOD	ahq	c	(Lalz;)I	getMetaFromState
METHOD	ahq	e	()Lama;	createBlockState
METHOD	ahq	e	(Ladm;Lcj;Lalz;)V	dropRecord
METHOD	ahq	l	(Ladm;Lcj;)I	getComparatorInputOverride
METHOD	ahr	a	(I)Lalz;	getStateFromMeta
METHOD	ahr	a	(Ladm;Lcj;Lalz;)Laug;	getCollisionBoundingBox
METHOD	ahr	a	(Ladm;Lcj;Lalz;Lafh;)V	onNeighborBlockChange
METHOD	ahr	a	(Ladm;Lcj;Lcq;)Z	canBlockStay
METHOD	ahr	a	(Ladm;Lcj;Lcq;FFFILpr;)Lalz;	onBlockPlaced
METHOD	ahr	a	(Ladq;Lcj;)V	setBlockBoundsBasedOnState
METHOD	ahr	b	(Ladm;Lcj;)Laug;	getSelectedBoundingBox
METHOD	ahr	c	()Z	isOpaqueCube
METHOD	ahr	c	(Lalz;)I	getMetaFromState
METHOD	ahr	d	()Z	isFullCube
METHOD	ahr	d	(Ladm;Lcj;)Z	canPlaceBlockAt
METHOD	ahr	e	()Lama;	createBlockState
METHOD	ahr	m	()Ladf;	getBlockLayer
METHOD	ahs	H	()I	getBlockColor
METHOD	ahs	a	(Ladm;Lcj;Lalz;FI)V	dropBlockAsItemWithChance
METHOD	ahs	a	(Ladm;Lcj;Lalz;I)V	dropApple
METHOD	ahs	a	(Ladq;Lcj;I)I	colorMultiplier
METHOD	ahs	a	(Lalz;Ljava/util/Random;I)Lzw;	getItemDropped
METHOD	ahs	a	(Ljava/util/Random;)I	quantityDropped
METHOD	ahs	b	(I)Laio$a;	getWoodType
METHOD	ahs	b	(Ladm;Lcj;Lalz;)V	breakBlock
METHOD	ahs	b	(Ladm;Lcj;Lalz;Ljava/util/Random;)V	updateTick
METHOD	ahs	b	(Z)V	setGraphicsLevel
METHOD	ahs	c	()Z	isOpaqueCube
METHOD	ahs	c	(Ladm;Lcj;Lalz;Ljava/util/Random;)V	randomDisplayTick
METHOD	ahs	d	(Lalz;)I	getSaplingDropChance
METHOD	ahs	e	(Ladm;Lcj;)V	destroy
METHOD	ahs	h	(Lalz;)I	getRenderColor
METHOD	ahs	m	()Ladf;	getBlockLayer
METHOD	ahs	w	()Z	isVisuallyOpaque
METHOD	ahu$a	a	()I	getMetadata
METHOD	ahu$a	a	(I)Lahu$a;	byMetadata
METHOD	ahu$a	a	(Lcq;Lcq;)Lahu$a;	forFacings
METHOD	ahu$a	c	()Lcq;	getFacing
METHOD	ahu$a	l	()Ljava/lang/String;	getName
METHOD	ahu$a	toString	()Ljava/lang/String;	toString
METHOD	ahu$a	values	()[Lahu$a;	values
METHOD	ahu	a	(I)Lalz;	getStateFromMeta
METHOD	ahu	a	(Ladm;Lcj;Lalz;)Laug;	getCollisionBoundingBox
METHOD	ahu	a	(Ladm;Lcj;Lalz;Lafh;)V	onNeighborBlockChange
METHOD	ahu	a	(Ladm;Lcj;Lalz;Lwn;Lcq;FFF)Z	onBlockActivated
METHOD	ahu	a	(Ladm;Lcj;Lcq;)Z	func_181090_a
METHOD	ahu	a	(Ladm;Lcj;Lcq;FFFILpr;)Lalz;	onBlockPlaced
METHOD	ahu	a	(Ladq;Lcj;)V	setBlockBoundsBasedOnState
METHOD	ahu	a	(Ladq;Lcj;Lalz;Lcq;)I	getWeakPower
METHOD	ahu	a	(Lcq;)I	getMetadataForFacing
METHOD	ahu	b	(Ladm;Lcj;Lalz;)V	breakBlock
METHOD	ahu	b	(Ladm;Lcj;Lcq;)Z	canPlaceBlockOnSide
METHOD	ahu	b	(Ladq;Lcj;Lalz;Lcq;)I	getStrongPower
METHOD	ahu	c	()Z	isOpaqueCube
METHOD	ahu	c	(Lalz;)I	getMetaFromState
METHOD	ahu	d	()Z	isFullCube
METHOD	ahu	d	(Ladm;Lcj;)Z	canPlaceBlockAt
METHOD	ahu	e	()Lama;	createBlockState
METHOD	ahu	e	(Ladm;Lcj;Lalz;)Z	func_181091_e
METHOD	ahu	i	()Z	canProvidePower
METHOD	ahv	a	(I)Lalz;	getStateFromMeta
METHOD	ahv	a	(Ladm;)I	tickRate
METHOD	ahv	a	(Ladm;Lcj;Lalz;)Laug;	getCollisionBoundingBox
METHOD	ahv	a	(Ladm;Lcj;Lalz;Lafh;)V	onNeighborBlockChange
METHOD	ahv	a	(Ladm;Lcj;Lpk;Laui;)Laui;	modifyAcceleration
METHOD	ahv	a	(Ladq;Lcj;I)I	colorMultiplier
METHOD	ahv	a	(Ladq;Lcj;Larm;)D	getFlowDirection
METHOD	ahv	a	(Ladq;Lcj;Lcq;)Z	shouldSideBeRendered
METHOD	ahv	a	(Lalz;Ljava/util/Random;I)Lzw;	getItemDropped
METHOD	ahv	a	(Lalz;Z)Z	canCollideCheck
METHOD	ahv	a	(Larm;)Lagl;	getFlowingBlock
METHOD	ahv	a	(Ljava/util/Random;)I	quantityDropped
METHOD	ahv	b	()I	getRenderType
METHOD	ahv	b	(I)F	getLiquidHeightPercent
METHOD	ahv	b	(Ladq;Lcj;)Z	isPassable
METHOD	ahv	b	(Ladq;Lcj;Lcq;)Z	isBlockSolid
METHOD	ahv	b	(Larm;)Lajw;	getStaticBlock
METHOD	ahv	c	()Z	isOpaqueCube
METHOD	ahv	c	(Ladm;Lcj;Lalz;)V	onBlockAdded
METHOD	ahv	c	(Ladm;Lcj;Lalz;Ljava/util/Random;)V	randomDisplayTick
METHOD	ahv	c	(Ladq;Lcj;)I	getMixedBrightnessForBlock
METHOD	ahv	c	(Lalz;)I	getMetaFromState
METHOD	ahv	d	()Z	isFullCube
METHOD	ahv	e	()Lama;	createBlockState
METHOD	ahv	e	(Ladm;Lcj;)V	triggerMixEffects
METHOD	ahv	e	(Ladm;Lcj;Lalz;)Z	checkForMixing
METHOD	ahv	e	(Ladq;Lcj;)I	getLevel
METHOD	ahv	f	(Ladq;Lcj;)I	getEffectiveFlowDecay
METHOD	ahv	g	(Ladq;Lcj;)Z	shouldRenderSides
METHOD	ahv	h	(Ladq;Lcj;)Laui;	getFlowVector
METHOD	ahv	m	()Ladf;	getBlockLayer
METHOD	ahw$a	a	(Lcq$a;)Lahw$a;	fromFacingAxis
METHOD	ahw$a	l	()Ljava/lang/String;	getName
METHOD	ahw$a	toString	()Ljava/lang/String;	toString
METHOD	ahw$a	values	()[Lahw$a;	values
METHOD	ahw	a	(Ladm;Lcj;Lcq;FFFILpr;)Lalz;	onBlockPlaced
METHOD	ahw	b	(Ladm;Lcj;Lalz;)V	breakBlock
METHOD	ahx	a	(ILjava/util/Random;)I	quantityDroppedWithBonus
METHOD	ahx	a	(Lalz;Ljava/util/Random;I)Lzw;	getItemDropped
METHOD	ahx	a	(Ljava/util/Random;)I	quantityDropped
METHOD	ahy	a	(Ladm;I)Lakw;	createNewTileEntity
METHOD	ahy	a	(Ladm;Lcj;Lalz;FI)V	dropBlockAsItemWithChance
METHOD	ahy	a	(Lalz;Ljava/util/Random;I)Lzw;	getItemDropped
METHOD	ahy	a	(Ljava/util/Random;)I	quantityDropped
METHOD	ahy	b	()I	getRenderType
METHOD	ahy	c	()Z	isOpaqueCube
METHOD	ahy	c	(Ladm;Lcj;)Lzw;	getItem
METHOD	ahy	m	()Ladf;	getBlockLayer
METHOD	ahz$a$1	d	()Lalz;	getModelBlock
METHOD	ahz$a$2	d	()Lalz;	getModelBlock
METHOD	ahz$a$3	d	()Lalz;	getModelBlock
METHOD	ahz$a$4	d	()Lalz;	getModelBlock
METHOD	ahz$a$5	d	()Lalz;	getModelBlock
METHOD	ahz$a$6	d	()Lalz;	getModelBlock
METHOD	ahz$a	a	()I	getMetadata
METHOD	ahz$a	a	(I)Lahz$a;	byMetadata
METHOD	ahz$a	a	(Lalz;)Lahz$a;	forModelBlock
METHOD	ahz$a	c	()Ljava/lang/String;	getUnlocalizedName
METHOD	ahz$a	d	()Lalz;	getModelBlock
METHOD	ahz$a	l	()Ljava/lang/String;	getName
METHOD	ahz$a	toString	()Ljava/lang/String;	toString
METHOD	ahz$a	values	()[Lahz$a;	values
METHOD	ahz	a	(I)Lalz;	getStateFromMeta
METHOD	ahz	a	(Ladm;Lcj;Lalz;FI)V	dropBlockAsItemWithChance
METHOD	ahz	a	(Ljava/util/Random;)I	quantityDropped
METHOD	ahz	a	(Lzw;Lyz;Ljava/util/List;)V	getSubBlocks
METHOD	ahz	c	(Lalz;)I	getMetaFromState
METHOD	ahz	d	(Lalz;)Z	canContainSilverfish
METHOD	ahz	e	()Lama;	createBlockState
METHOD	ahz	i	(Lalz;)Lzx;	createStackedBlock
METHOD	ahz	j	(Ladm;Lcj;)I	getDamageValue
METHOD	ai	a	()I	getRequiredPermissionLevel
METHOD	ai	a	(Ladk;Ljava/lang/String;)V	func_175773_a
METHOD	ai	a	(Lm;[Ljava/lang/String;)V	processCommand
METHOD	ai	a	(Lm;[Ljava/lang/String;Lcj;)Ljava/util/List;	addTabCompletionOptions
METHOD	ai	c	()Ljava/lang/String;	getCommandName
METHOD	ai	c	(Lm;)Ljava/lang/String;	getCommandUsage
METHOD	ai	d	()Ladk;	getGameRules
METHOD	aia	a	(Ladm;Lcj;Lalz;Z)Z	canGrow
METHOD	aia	a	(Ladm;Ljava/util/Random;Lcj;Lalz;)Z	canUseBonemeal
METHOD	aia	b	(Ladm;Lcj;Lalz;Ljava/util/Random;)V	updateTick
METHOD	aia	b	(Ladm;Ljava/util/Random;Lcj;Lalz;)V	grow
METHOD	aia	c	(Lafh;)Z	canPlaceBlockOn
METHOD	aia	d	(Ladm;Lcj;)Z	canPlaceBlockAt
METHOD	aia	d	(Ladm;Lcj;Lalz;Ljava/util/Random;)Z	generateBigMushroom
METHOD	aia	f	(Ladm;Lcj;Lalz;)Z	canBlockStay
METHOD	aib	a	(Lalz;Ladq;Lcj;)Lalz;	getActualState
METHOD	aib	a	(Lalz;Ljava/util/Random;I)Lzw;	getItemDropped
METHOD	aib	b	(Ladm;Lcj;Lalz;Ljava/util/Random;)V	updateTick
METHOD	aib	c	(Ladm;Lcj;Lalz;Ljava/util/Random;)V	randomDisplayTick
METHOD	aib	c	(Lalz;)I	getMetaFromState
METHOD	aib	e	()Lama;	createBlockState
METHOD	aic	g	(Lalz;)Larn;	getMapColor
METHOD	aid	a	(I)Lalz;	getStateFromMeta
METHOD	aid	a	(Ladm;Lcj;Lalz;FI)V	dropBlockAsItemWithChance
METHOD	aid	a	(Lalz;Ljava/util/Random;I)Lzw;	getItemDropped
METHOD	aid	a	(Ljava/util/Random;)I	quantityDropped
METHOD	aid	b	(Ladm;Lcj;Lalz;Ljava/util/Random;)V	updateTick
METHOD	aid	c	(Ladm;Lcj;)Lzw;	getItem
METHOD	aid	c	(Lafh;)Z	canPlaceBlockOn
METHOD	aid	c	(Lalz;)I	getMetaFromState
METHOD	aid	e	()Lama;	createBlockState
METHOD	aid	f	(Ladm;Lcj;Lalz;)Z	canBlockStay
METHOD	aie	g	(Lalz;)Larn;	getMapColor
METHOD	aif$1	a	(Laio$a;)Z	apply
METHOD	aif$1	apply	(Ljava/lang/Object;)Z	apply
METHOD	aif	a	(I)Lalz;	getStateFromMeta
METHOD	aif	a	(Ladm;Lcj;Lalz;I)V	dropApple
METHOD	aif	a	(Ladm;Lwn;Lcj;Lalz;Lakw;)V	harvestBlock
METHOD	aif	a	(Lalz;)I	damageDropped
METHOD	aif	a	(Lzw;Lyz;Ljava/util/List;)V	getSubBlocks
METHOD	aif	b	(I)Laio$a;	getWoodType
METHOD	aif	c	(Lalz;)I	getMetaFromState
METHOD	aif	e	()Lama;	createBlockState
METHOD	aif	i	(Lalz;)Lzx;	createStackedBlock
METHOD	aif	j	(Ladm;Lcj;)I	getDamageValue
METHOD	aig$1	a	(Laio$a;)Z	apply
METHOD	aig$1	apply	(Ljava/lang/Object;)Z	apply
METHOD	aig	a	(I)Lalz;	getStateFromMeta
METHOD	aig	a	(Lalz;)I	damageDropped
METHOD	aig	a	(Lzw;Lyz;Ljava/util/List;)V	getSubBlocks
METHOD	aig	c	(Lalz;)I	getMetaFromState
METHOD	aig	e	()Lama;	createBlockState
METHOD	aig	g	(Lalz;)Larn;	getMapColor
METHOD	aig	i	(Lalz;)Lzx;	createStackedBlock
METHOD	aih$a	a	()I	getMetadata
METHOD	aih$a	a	(I)Laih$a;	byMetadata
METHOD	aih$a	c	()Larn;	func_181068_c
METHOD	aih$a	d	()Ljava/lang/String;	getUnlocalizedName
METHOD	aih$a	l	()Ljava/lang/String;	getName
METHOD	aih$a	toString	()Ljava/lang/String;	toString
METHOD	aih$a	values	()[Laih$a;	values
METHOD	aih	a	(I)Lalz;	getStateFromMeta
METHOD	aih	a	(Lalz;)I	damageDropped
METHOD	aih	a	(Lalz;Ljava/util/Random;I)Lzw;	getItemDropped
METHOD	aih	a	(Lzw;Lyz;Ljava/util/List;)V	getSubBlocks
METHOD	aih	a	(Lzx;)Ljava/lang/Object;	getVariant
METHOD	aih	b	(I)Ljava/lang/String;	getUnlocalizedName
METHOD	aih	c	(Ladm;Lcj;)Lzw;	getItem
METHOD	aih	c	(Lalz;)I	getMetaFromState
METHOD	aih	e	()Lama;	createBlockState
METHOD	aih	f	()Ljava/lang/String;	getLocalizedName
METHOD	aih	g	(Lalz;)Larn;	getMapColor
METHOD	aih	n	()Lamo;	getVariantProperty
METHOD	aii	a	(Ladm;I)Lakw;	createNewTileEntity
METHOD	aii	a	(Ladm;Lcj;Lalz;II)Z	onBlockEventReceived
METHOD	aii	a	(Ladm;Lcj;Lalz;Lafh;)V	onNeighborBlockChange
METHOD	aii	a	(Ladm;Lcj;Lalz;Lwn;Lcq;FFF)Z	onBlockActivated
METHOD	aii	a	(Ladm;Lcj;Lwn;)V	onBlockClicked
METHOD	aii	b	()I	getRenderType
METHOD	aii	b	(I)Ljava/lang/String;	getInstrument
METHOD	aij	a	(Lalz;Ljava/util/Random;I)Lzw;	getItemDropped
METHOD	aij	g	(Lalz;)Larn;	getMapColor
METHOD	aik$1	a	(Laio$a;)Z	apply
METHOD	aik$1	apply	(Ljava/lang/Object;)Z	apply
METHOD	aik	a	(I)Lalz;	getStateFromMeta
METHOD	aik	a	(Ladm;Lcj;Lalz;I)V	dropApple
METHOD	aik	a	(Ladm;Lwn;Lcj;Lalz;Lakw;)V	harvestBlock
METHOD	aik	a	(Ladq;Lcj;I)I	colorMultiplier
METHOD	aik	a	(Lalz;)I	damageDropped
METHOD	aik	a	(Lzw;Lyz;Ljava/util/List;)V	getSubBlocks
METHOD	aik	b	(I)Laio$a;	getWoodType
METHOD	aik	c	(Lalz;)I	getMetaFromState
METHOD	aik	d	(Lalz;)I	getSaplingDropChance
METHOD	aik	e	()Lama;	createBlockState
METHOD	aik	h	(Lalz;)I	getRenderColor
METHOD	aik	i	(Lalz;)Lzx;	createStackedBlock
METHOD	ail$1	a	(Laio$a;)Z	apply
METHOD	ail$1	apply	(Ljava/lang/Object;)Z	apply
METHOD	ail	a	(I)Lalz;	getStateFromMeta
METHOD	ail	a	(Lalz;)I	damageDropped
METHOD	ail	a	(Lzw;Lyz;Ljava/util/List;)V	getSubBlocks
METHOD	ail	c	(Lalz;)I	getMetaFromState
METHOD	ail	e	()Lama;	createBlockState
METHOD	ail	g	(Lalz;)Larn;	getMapColor
METHOD	ail	i	(Lalz;)Lzx;	createStackedBlock
METHOD	aim	a	(ILjava/util/Random;)I	quantityDroppedWithBonus
METHOD	aim	a	(Ladm;Lcj;Lalz;FI)V	dropBlockAsItemWithChance
METHOD	aim	a	(Lalz;)I	damageDropped
METHOD	aim	a	(Lalz;Ljava/util/Random;I)Lzw;	getItemDropped
METHOD	aim	a	(Ljava/util/Random;)I	quantityDropped
METHOD	aim	j	(Ladm;Lcj;)I	getDamageValue
METHOD	ain	a	(Ljava/util/Random;)I	quantityDropped
METHOD	aio$a	a	()I	getMetadata
METHOD	aio$a	a	(I)Laio$a;	byMetadata
METHOD	aio$a	c	()Larn;	getMapColor
METHOD	aio$a	d	()Ljava/lang/String;	getUnlocalizedName
METHOD	aio$a	l	()Ljava/lang/String;	getName
METHOD	aio$a	toString	()Ljava/lang/String;	toString
METHOD	aio$a	values	()[Laio$a;	values
METHOD	aio	a	(I)Lalz;	getStateFromMeta
METHOD	aio	a	(Lalz;)I	damageDropped
METHOD	aio	a	(Lzw;Lyz;Ljava/util/List;)V	getSubBlocks
METHOD	aio	c	(Lalz;)I	getMetaFromState
METHOD	aio	e	()Lama;	createBlockState
METHOD	aio	g	(Lalz;)Larn;	getMapColor
METHOD	aip$a	a	()I	func_181100_a
METHOD	aip$a	a	(Lafh;)Z	func_150857_a
METHOD	aip$a	a	(Laip$a;)I	access$000
METHOD	aip$a	a	(Lcj;Lcq;)I	func_180120_a
METHOD	aip$a	b	()I	func_181101_b
METHOD	aip$a	b	(Laip$a;)I	access$100
METHOD	aip$a	c	()I	func_150858_a
METHOD	aip$a	c	(Laip$a;)I	access$200
METHOD	aip$a	d	()Z	func_150860_b
METHOD	aip$a	d	(Laip$a;)Lcq;	access$300
METHOD	aip$a	e	()V	func_150859_c
METHOD	aip$a	e	(Laip$a;)Lcj;	access$400
METHOD	aip	a	(I)Lalz;	getStateFromMeta
METHOD	aip	a	(Ladm;Lcj;Lalz;)Laug;	getCollisionBoundingBox
METHOD	aip	a	(Ladm;Lcj;Lalz;Lafh;)V	onNeighborBlockChange
METHOD	aip	a	(Ladm;Lcj;Lalz;Lpk;)V	onEntityCollidedWithBlock
METHOD	aip	a	(Ladq;Lcj;)V	setBlockBoundsBasedOnState
METHOD	aip	a	(Ladq;Lcj;Lcq;)Z	shouldSideBeRendered
METHOD	aip	a	(Lcq$a;)I	getMetaForAxis
METHOD	aip	a	(Ljava/util/Random;)I	quantityDropped
METHOD	aip	b	(Ladm;Lcj;Lalz;Ljava/util/Random;)V	updateTick
METHOD	aip	c	(Ladm;Lcj;)Lzw;	getItem
METHOD	aip	c	(Ladm;Lcj;Lalz;Ljava/util/Random;)V	randomDisplayTick
METHOD	aip	c	(Lalz;)I	getMetaFromState
METHOD	aip	d	()Z	isFullCube
METHOD	aip	e	()Lama;	createBlockState
METHOD	aip	e	(Ladm;Lcj;)Z	func_176548_d
METHOD	aip	f	(Ladm;Lcj;)Lamd$b;	func_181089_f
METHOD	aip	m	()Ladf;	getBlockLayer
METHOD	aiq	a	(Ladm;Lcj;Lalz;FI)V	dropBlockAsItemWithChance
METHOD	aiq	l	()Lzw;	getSeed
METHOD	aiq	n	()Lzw;	getCrop
METHOD	air	a	(Ladq;Lcj;Lalz;Lcq;)I	getWeakPower
METHOD	air	i	()Z	canProvidePower
METHOD	ais$1	a	(Lafe$b;)Z	apply
METHOD	ais$1	apply	(Ljava/lang/Object;)Z	apply
METHOD	ais	a	(I)Lalz;	getStateFromMeta
METHOD	ais	a	(Ladm;Lcj;Lalz;ZI)Z	func_176566_a
METHOD	ais	a	(Ladm;Lcj;ZILafe$b;)Z	func_176567_a
METHOD	ais	b	(Ladm;Lcj;Lalz;Lafh;)V	onNeighborChangedInternal
METHOD	ais	c	(Lalz;)I	getMetaFromState
METHOD	ais	e	()Lama;	createBlockState
METHOD	ais	n	()Lamo;	getShapeProperty
METHOD	ait$a	values	()[Lait$a;	values
METHOD	ait	a	(I)Lalz;	getStateFromMeta
METHOD	ait	a	(Lalz;I)Lalz;	setRedstoneStrength
METHOD	ait	c	(Lalz;)I	getMetaFromState
METHOD	ait	e	()Lama;	createBlockState
METHOD	ait	e	(Lalz;)I	getRedstoneStrength
METHOD	ait	f	(Ladm;Lcj;)I	computeRedstoneStrength
METHOD	aiu$a	a	()I	getMetadata
METHOD	aiu$a	a	(I)Laiu$a;	byMetadata
METHOD	aiu$a	c	()Ljava/lang/String;	getUnlocalizedName
METHOD	aiu$a	l	()Ljava/lang/String;	getName
METHOD	aiu$a	toString	()Ljava/lang/String;	toString
METHOD	aiu$a	values	()[Laiu$a;	values
METHOD	aiu	a	(I)Lalz;	getStateFromMeta
METHOD	aiu	a	(Lalz;)I	damageDropped
METHOD	aiu	a	(Lzw;Lyz;Ljava/util/List;)V	getSubBlocks
METHOD	aiu	c	(Lalz;)I	getMetaFromState
METHOD	aiu	e	()Lama;	createBlockState
METHOD	aiu	f	()Ljava/lang/String;	getLocalizedName
METHOD	aiu	g	(Lalz;)Larn;	getMapColor
METHOD	aiv$1	a	(Lalz;)Z	apply
METHOD	aiv$1	apply	(Ljava/lang/Object;)Z	apply
METHOD	aiv	T	()Lamd;	getGolemBasePattern
METHOD	aiv	U	()Lamd;	getGolemPattern
METHOD	aiv	a	(I)Lalz;	getStateFromMeta
METHOD	aiv	a	(Ladm;Lcj;Lcq;FFFILpr;)Lalz;	onBlockPlaced
METHOD	aiv	c	(Ladm;Lcj;Lalz;)V	onBlockAdded
METHOD	aiv	c	(Lalz;)I	getMetaFromState
METHOD	aiv	d	(Ladm;Lcj;)Z	canPlaceBlockAt
METHOD	aiv	e	()Lama;	createBlockState
METHOD	aiv	e	(Ladm;Lcj;)Z	canDispenserPlace
METHOD	aiv	f	(Ladm;Lcj;)V	trySpawnGolem
METHOD	aiv	l	()Lamd;	getSnowmanBasePattern
METHOD	aiv	n	()Lamd;	getSnowmanPattern
METHOD	aiw$a	a	()I	getMetadata
METHOD	aiw$a	a	(I)Laiw$a;	byMetadata
METHOD	aiw$a	l	()Ljava/lang/String;	getName
METHOD	aiw$a	toString	()Ljava/lang/String;	toString
METHOD	aiw$a	values	()[Laiw$a;	values
METHOD	aiw	a	(I)Lalz;	getStateFromMeta
METHOD	aiw	a	(Ladm;Lcj;Lcq;FFFILpr;)Lalz;	onBlockPlaced
METHOD	aiw	a	(Lalz;)I	damageDropped
METHOD	aiw	a	(Lzw;Lyz;Ljava/util/List;)V	getSubBlocks
METHOD	aiw	c	(Lalz;)I	getMetaFromState
METHOD	aiw	e	()Lama;	createBlockState
METHOD	aiw	g	(Lalz;)Larn;	getMapColor
METHOD	aiw	i	(Lalz;)Lzx;	createStackedBlock
METHOD	aix	a	(I)Lalz;	getStateFromMeta
METHOD	aix	b	(Ladm;Lcj;Lalz;Lafh;)V	onNeighborChangedInternal
METHOD	aix	c	(Lalz;)I	getMetaFromState
METHOD	aix	e	()Lama;	createBlockState
METHOD	aix	n	()Lamo;	getShapeProperty
METHOD	aiy	l	()Lagw$b;	getBlockType
METHOD	aiz$a	a	()I	getMetadata
METHOD	aiz$a	a	(I)Laiz$a;	byMetadata
METHOD	aiz$a	c	()Ljava/lang/String;	getUnlocalizedName
METHOD	aiz$a	l	()Ljava/lang/String;	getName
METHOD	aiz$a	toString	()Ljava/lang/String;	toString
METHOD	aiz$a	values	()[Laiz$a;	values
METHOD	aiz	a	(I)Lalz;	getStateFromMeta
METHOD	aiz	a	(Lalz;)I	damageDropped
METHOD	aiz	a	(Lzw;Lyz;Ljava/util/List;)V	getSubBlocks
METHOD	aiz	c	(Lalz;)I	getMetaFromState
METHOD	aiz	e	()Lama;	createBlockState
METHOD	aj	a	()I	getRequiredPermissionLevel
METHOD	aj	a	(Lm;[Ljava/lang/String;)V	processCommand
METHOD	aj	a	(Lm;[Ljava/lang/String;Lcj;)Ljava/util/List;	addTabCompletionOptions
METHOD	aj	b	([Ljava/lang/String;I)Z	isUsernameIndex
METHOD	aj	c	()Ljava/lang/String;	getCommandName
METHOD	aj	c	(Lm;)Ljava/lang/String;	getCommandUsage
METHOD	aj	d	()[Ljava/lang/String;	getPlayers
METHOD	aja	a	(ILjava/util/Random;)I	quantityDroppedWithBonus
METHOD	aja	a	(Ladm;)I	tickRate
METHOD	aja	a	(Ladm;Lcj;Lalz;FI)V	dropBlockAsItemWithChance
METHOD	aja	a	(Ladm;Lcj;Lalz;Lwn;Lcq;FFF)Z	onBlockActivated
METHOD	aja	a	(Ladm;Lcj;Lpk;)V	onEntityCollidedWithBlock
METHOD	aja	a	(Ladm;Lcj;Lwn;)V	onBlockClicked
METHOD	aja	a	(Lalz;Ljava/util/Random;I)Lzw;	getItemDropped
METHOD	aja	a	(Ljava/util/Random;)I	quantityDropped
METHOD	aja	b	(Ladm;Lcj;Lalz;Ljava/util/Random;)V	updateTick
METHOD	aja	c	(Ladm;Lcj;Lalz;Ljava/util/Random;)V	randomDisplayTick
METHOD	aja	e	(Ladm;Lcj;)V	activate
METHOD	aja	f	(Ladm;Lcj;)V	spawnParticles
METHOD	aja	i	(Lalz;)Lzx;	createStackedBlock
METHOD	ajb$a	l	()Ljava/lang/String;	getName
METHOD	ajb$a	toString	()Ljava/lang/String;	toString
METHOD	ajb$a	values	()[Lajb$a;	values
METHOD	ajb	a	(I)Lalz;	getStateFromMeta
METHOD	ajb	a	(Ladm;Lcj;I)I	getMaxCurrentStrength
METHOD	ajb	a	(Ladm;Lcj;Lalz;)Laug;	getCollisionBoundingBox
METHOD	ajb	a	(Ladm;Lcj;Lalz;Lafh;)V	onNeighborBlockChange
METHOD	ajb	a	(Ladm;Lcj;Lcj;Lalz;)Lalz;	calculateCurrentChanges
METHOD	ajb	a	(Ladq;Lcj;I)I	colorMultiplier
METHOD	ajb	a	(Ladq;Lcj;Lalz;Lcq;)I	getWeakPower
METHOD	ajb	a	(Lalz;Ladq;Lcj;)Lalz;	getActualState
METHOD	ajb	a	(Lalz;Lcq;)Z	canConnectTo
METHOD	ajb	a	(Lalz;Ljava/util/Random;I)Lzw;	getItemDropped
METHOD	ajb	b	(I)I	colorMultiplier
METHOD	ajb	b	(Ladm;Lcj;Lalz;)V	breakBlock
METHOD	ajb	b	(Ladq;Lcj;Lalz;Lcq;)I	getStrongPower
METHOD	ajb	c	()Z	isOpaqueCube
METHOD	ajb	c	(Ladm;Lcj;)Lzw;	getItem
METHOD	ajb	c	(Ladm;Lcj;Lalz;)V	onBlockAdded
METHOD	ajb	c	(Ladm;Lcj;Lalz;Ljava/util/Random;)V	randomDisplayTick
METHOD	ajb	c	(Ladq;Lcj;Lcq;)Lajb$a;	getAttachPosition
METHOD	ajb	c	(Lalz;)I	getMetaFromState
METHOD	ajb	d	()Z	isFullCube
METHOD	ajb	d	(Ladm;Lcj;)Z	canPlaceBlockAt
METHOD	ajb	d	(Ladq;Lcj;Lcq;)Z	func_176339_d
METHOD	ajb	d	(Lalz;)Z	canConnectUpwardsTo
METHOD	ajb	e	()Lama;	createBlockState
METHOD	ajb	e	(Ladm;Lcj;)V	notifyWireNeighborsOfStateChange
METHOD	ajb	e	(Ladm;Lcj;Lalz;)Lalz;	updateSurroundingRedstone
METHOD	ajb	e	(Ladq;Lcj;)Z	canConnectUpwardsTo
METHOD	ajb	i	()Z	canProvidePower
METHOD	ajb	m	()Ladf;	getBlockLayer
METHOD	ajc	a	(Ladm;Lcj;Lalz;Lafh;)V	onNeighborBlockChange
METHOD	ajc	a	(Lalz;Ljava/util/Random;I)Lzw;	getItemDropped
METHOD	ajc	b	(Ladm;Lcj;Lalz;Ljava/util/Random;)V	updateTick
METHOD	ajc	c	(Ladm;Lcj;)Lzw;	getItem
METHOD	ajc	c	(Ladm;Lcj;Lalz;)V	onBlockAdded
METHOD	ajc	i	(Lalz;)Lzx;	createStackedBlock
METHOD	ajd	a	(Ladm;)I	tickRate
METHOD	ajd	a	(Ladm;Lcj;Lalz;Lafh;)V	onNeighborBlockChange
METHOD	ajd	a	(Ladm;Lcj;Lalz;Ljava/util/Random;)V	randomTick
METHOD	ajd	a	(Ladm;Lcj;Z)Z	isBurnedOut
METHOD	ajd	a	(Ladq;Lcj;Lalz;Lcq;)I	getWeakPower
METHOD	ajd	a	(Lalz;Ljava/util/Random;I)Lzw;	getItemDropped
METHOD	ajd	b	(Ladm;Lcj;Lalz;)V	breakBlock
METHOD	ajd	b	(Ladm;Lcj;Lalz;Ljava/util/Random;)V	updateTick
METHOD	ajd	b	(Ladq;Lcj;Lalz;Lcq;)I	getStrongPower
METHOD	ajd	b	(Lafh;)Z	isAssociatedBlock
METHOD	ajd	c	(Ladm;Lcj;)Lzw;	getItem
METHOD	ajd	c	(Ladm;Lcj;Lalz;)V	onBlockAdded
METHOD	ajd	c	(Ladm;Lcj;Lalz;Ljava/util/Random;)V	randomDisplayTick
METHOD	ajd	g	(Ladm;Lcj;Lalz;)Z	shouldBeOff
METHOD	ajd	i	()Z	canProvidePower
METHOD	aje	a	(I)Lalz;	getStateFromMeta
METHOD	aje	a	(Ladm;Lcj;Lalz;)Laug;	getCollisionBoundingBox
METHOD	aje	a	(Ladm;Lcj;Lalz;Lafh;)V	onNeighborBlockChange
METHOD	aje	a	(Ladq;Lcj;I)I	colorMultiplier
METHOD	aje	a	(Lalz;Ljava/util/Random;I)Lzw;	getItemDropped
METHOD	aje	b	(Ladm;Lcj;Lalz;Ljava/util/Random;)V	updateTick
METHOD	aje	c	()Z	isOpaqueCube
METHOD	aje	c	(Ladm;Lcj;)Lzw;	getItem
METHOD	aje	c	(Lalz;)I	getMetaFromState
METHOD	aje	d	()Z	isFullCube
METHOD	aje	d	(Ladm;Lcj;)Z	canPlaceBlockAt
METHOD	aje	e	()Lama;	createBlockState
METHOD	aje	e	(Ladm;Lcj;)Z	canBlockStay
METHOD	aje	e	(Ladm;Lcj;Lalz;)Z	checkForDrop
METHOD	aje	m	()Ladf;	getBlockLayer
METHOD	ajf	a	(I)Lalz;	getStateFromMeta
METHOD	ajf	a	(Ladm;Lcj;Lalz;Lwn;Lcq;FFF)Z	onBlockActivated
METHOD	ajf	a	(Lalz;Ladq;Lcj;)Lalz;	getActualState
METHOD	ajf	a	(Lalz;Ljava/util/Random;I)Lzw;	getItemDropped
METHOD	ajf	b	(Ladm;Lcj;Lalz;)V	breakBlock
METHOD	ajf	b	(Ladq;Lcj;Lalz;)Z	isLocked
METHOD	ajf	c	(Ladm;Lcj;)Lzw;	getItem
METHOD	ajf	c	(Ladm;Lcj;Lalz;Ljava/util/Random;)V	randomDisplayTick
METHOD	ajf	c	(Lafh;)Z	canPowerSide
METHOD	ajf	c	(Lalz;)I	getMetaFromState
METHOD	ajf	d	(Lalz;)I	getDelay
METHOD	ajf	e	()Lama;	createBlockState
METHOD	ajf	e	(Lalz;)Lalz;	getPoweredState
METHOD	ajf	f	()Ljava/lang/String;	getLocalizedName
METHOD	ajf	k	(Lalz;)Lalz;	getUnpoweredState
METHOD	ajh$a	a	()I	getMetadata
METHOD	ajh$a	a	(I)Lajh$a;	byMetadata
METHOD	ajh$a	c	()Larn;	getMapColor
METHOD	ajh$a	d	()Ljava/lang/String;	getUnlocalizedName
METHOD	ajh$a	l	()Ljava/lang/String;	getName
METHOD	ajh$a	toString	()Ljava/lang/String;	toString
METHOD	ajh$a	values	()[Lajh$a;	values
METHOD	ajh	a	(I)Lalz;	getStateFromMeta
METHOD	ajh	a	(Lalz;)I	damageDropped
METHOD	ajh	a	(Lzw;Lyz;Ljava/util/List;)V	getSubBlocks
METHOD	ajh	c	(Lalz;)I	getMetaFromState
METHOD	ajh	e	()Lama;	createBlockState
METHOD	ajh	g	(Lalz;)Larn;	getMapColor
METHOD	aji$a	a	()I	getMetadata
METHOD	aji$a	a	(I)Laji$a;	byMetadata
METHOD	aji$a	c	()Ljava/lang/String;	getUnlocalizedName
METHOD	aji$a	l	()Ljava/lang/String;	getName
METHOD	aji$a	toString	()Ljava/lang/String;	toString
METHOD	aji$a	values	()[Laji$a;	values
METHOD	aji	a	(I)Lalz;	getStateFromMeta
METHOD	aji	a	(Lalz;)I	damageDropped
METHOD	aji	a	(Lzw;Lyz;Ljava/util/List;)V	getSubBlocks
METHOD	aji	c	(Lalz;)I	getMetaFromState
METHOD	aji	e	()Lama;	createBlockState
METHOD	aji	g	(Lalz;)Larn;	getMapColor
METHOD	ajj	a	(I)Lalz;	getStateFromMeta
METHOD	ajj	a	(Ladm;Lcj;IILaio$a;)Z	func_181624_a
METHOD	ajj	a	(Ladm;Lcj;Laio$a;)Z	isTypeAt
METHOD	ajj	a	(Ladm;Lcj;Lalz;Z)Z	canGrow
METHOD	ajj	a	(Ladm;Ljava/util/Random;Lcj;Lalz;)Z	canUseBonemeal
METHOD	ajj	a	(Lalz;)I	damageDropped
METHOD	ajj	a	(Lzw;Lyz;Ljava/util/List;)V	getSubBlocks
METHOD	ajj	b	(Ladm;Lcj;Lalz;Ljava/util/Random;)V	updateTick
METHOD	ajj	b	(Ladm;Ljava/util/Random;Lcj;Lalz;)V	grow
METHOD	ajj	c	(Lalz;)I	getMetaFromState
METHOD	ajj	d	(Ladm;Lcj;Lalz;Ljava/util/Random;)V	grow
METHOD	ajj	e	()Lama;	createBlockState
METHOD	ajj	e	(Ladm;Lcj;Lalz;Ljava/util/Random;)V	generateTree
METHOD	ajj	f	()Ljava/lang/String;	getLocalizedName
METHOD	ajk	I	()Z	canSilkHarvest
METHOD	ajk	a	(ILjava/util/Random;)I	quantityDroppedWithBonus
METHOD	ajk	a	(Lalz;Ljava/util/Random;I)Lzw;	getItemDropped
METHOD	ajk	a	(Ljava/util/Random;)I	quantityDropped
METHOD	ajk	g	(Lalz;)Larn;	getMapColor
METHOD	ajl	a	(Ladm;I)Lakw;	createNewTileEntity
METHOD	ajl	a	(Ladm;Lcj;Lalz;)Laug;	getCollisionBoundingBox
METHOD	ajl	a	(Ladm;Lcj;Lalz;Lwn;Lcq;FFF)Z	onBlockActivated
METHOD	ajl	a	(Lalz;Ljava/util/Random;I)Lzw;	getItemDropped
METHOD	ajl	b	(Ladm;Lcj;)Laug;	getSelectedBoundingBox
METHOD	ajl	b	(Ladq;Lcj;)Z	isPassable
METHOD	ajl	c	()Z	isOpaqueCube
METHOD	ajl	c	(Ladm;Lcj;)Lzw;	getItem
METHOD	ajl	d	()Z	isFullCube
METHOD	ajl	d	(Ladm;Lcj;)Z	canPlaceBlockAt
METHOD	ajl	g	()Z	canSpawnInBlock
METHOD	ajm$1	a	(Lamc;)Z	apply
METHOD	ajm$1	apply	(Ljava/lang/Object;)Z	apply
METHOD	ajm	a	(I)Lalz;	getStateFromMeta
METHOD	ajm	a	(Ladm;I)Lakw;	createNewTileEntity
METHOD	ajm	a	(Ladm;Lcj;Lalo;)V	checkWitherSpawn
METHOD	ajm	a	(Ladm;Lcj;Lalz;)Laug;	getCollisionBoundingBox
METHOD	ajm	a	(Ladm;Lcj;Lalz;FI)V	dropBlockAsItemWithChance
METHOD	ajm	a	(Ladm;Lcj;Lalz;Lwn;)V	onBlockHarvested
METHOD	ajm	a	(Ladm;Lcj;Lcq;FFFILpr;)Lalz;	onBlockPlaced
METHOD	ajm	a	(Ladq;Lcj;)V	setBlockBoundsBasedOnState
METHOD	ajm	a	(Lalz;Ljava/util/Random;I)Lzw;	getItemDropped
METHOD	ajm	b	(Ladm;Lcj;Lalz;)V	breakBlock
METHOD	ajm	b	(Ladm;Lcj;Lzx;)Z	canDispenserPlace
METHOD	ajm	c	()Z	isOpaqueCube
METHOD	ajm	c	(Ladm;Lcj;)Lzw;	getItem
METHOD	ajm	c	(Lalz;)I	getMetaFromState
METHOD	ajm	d	()Z	isFullCube
METHOD	ajm	e	()Lama;	createBlockState
METHOD	ajm	f	()Ljava/lang/String;	getLocalizedName
METHOD	ajm	j	(Ladm;Lcj;)I	getDamageValue
METHOD	ajm	l	()Lamd;	getWitherBasePattern
METHOD	ajm	n	()Lamd;	getWitherPattern
METHOD	ajn	a	(Ladm;Lcj;Lpk;)V	onEntityCollidedWithBlock
METHOD	ajn	a	(Ladm;Lcj;Lpk;F)V	onFallenUpon
METHOD	ajn	a	(Ladm;Lpk;)V	onLanded
METHOD	ajn	m	()Ladf;	getBlockLayer
METHOD	ajo	a	(Lalz;Ljava/util/Random;I)Lzw;	getItemDropped
METHOD	ajo	a	(Ljava/util/Random;)I	quantityDropped
METHOD	ajo	b	(Ladm;Lcj;Lalz;Ljava/util/Random;)V	updateTick
METHOD	ajp	a	(I)Lalz;	getStateFromMeta
METHOD	ajp	a	(Ladm;Lcj;)Z	isReplaceable
METHOD	ajp	a	(Ladm;Lcj;Lalz;)Laug;	getCollisionBoundingBox
METHOD	ajp	a	(Ladm;Lcj;Lalz;Lafh;)V	onNeighborBlockChange
METHOD	ajp	a	(Ladm;Lwn;Lcj;Lalz;Lakw;)V	harvestBlock
METHOD	ajp	a	(Ladq;Lcj;)V	setBlockBoundsBasedOnState
METHOD	ajp	a	(Ladq;Lcj;Lcq;)Z	shouldSideBeRendered
METHOD	ajp	a	(Lalz;Ljava/util/Random;I)Lzw;	getItemDropped
METHOD	ajp	a	(Ljava/util/Random;)I	quantityDropped
METHOD	ajp	b	(I)V	getBoundsForLayers
METHOD	ajp	b	(Ladm;Lcj;Lalz;Ljava/util/Random;)V	updateTick
METHOD	ajp	b	(Ladq;Lcj;)Z	isPassable
METHOD	ajp	c	()Z	isOpaqueCube
METHOD	ajp	c	(Lalz;)I	getMetaFromState
METHOD	ajp	d	()Z	isFullCube
METHOD	ajp	d	(Ladm;Lcj;)Z	canPlaceBlockAt
METHOD	ajp	e	()Lama;	createBlockState
METHOD	ajp	e	(Ladm;Lcj;Lalz;)Z	checkAndDropBlock
METHOD	ajp	j	()V	setBlockBoundsForItemRender
METHOD	ajq	a	(Ladm;Lcj;Lalz;)Laug;	getCollisionBoundingBox
METHOD	ajq	a	(Ladm;Lcj;Lalz;Lpk;)V	onEntityCollidedWithBlock
METHOD	ajr	a	(I)Lalz;	getStateFromMeta
METHOD	ajr	a	(Ladm;Lcj;Lalz;Lafh;)V	onNeighborBlockChange
METHOD	ajr	a	(Lalz;)I	damageDropped
METHOD	ajr	a	(Lzw;Lyz;Ljava/util/List;)V	getSubBlocks
METHOD	ajr	c	(Ladm;Lcj;Lalz;)V	onBlockAdded
METHOD	ajr	c	(Ladm;Lcj;Lalz;Ljava/util/Random;)V	randomDisplayTick
METHOD	ajr	c	(Lalz;)I	getMetaFromState
METHOD	ajr	e	()Lama;	createBlockState
METHOD	ajr	e	(Ladm;Lcj;)Z	absorb
METHOD	ajr	e	(Ladm;Lcj;Lalz;)V	tryAbsorb
METHOD	ajr	f	()Ljava/lang/String;	getLocalizedName
METHOD	ajs	I	()Z	canSilkHarvest
METHOD	ajs	a	(I)Lalz;	getStateFromMeta
METHOD	ajs	a	(Lalz;)I	damageDropped
METHOD	ajs	a	(Ljava/util/Random;)I	quantityDropped
METHOD	ajs	a	(Lzw;Lyz;Ljava/util/List;)V	getSubBlocks
METHOD	ajs	b	(Ladm;Lcj;Lalz;)V	breakBlock
METHOD	ajs	c	(Ladm;Lcj;Lalz;)V	onBlockAdded
METHOD	ajs	c	(Lalz;)I	getMetaFromState
METHOD	ajs	d	()Z	isFullCube
METHOD	ajs	e	()Lama;	createBlockState
METHOD	ajs	g	(Lalz;)Larn;	getMapColor
METHOD	ajs	m	()Ladf;	getBlockLayer
METHOD	ajt	a	(I)Lalz;	getStateFromMeta
METHOD	ajt	a	(Lalz;)I	damageDropped
METHOD	ajt	a	(Lzw;Lyz;Ljava/util/List;)V	getSubBlocks
METHOD	ajt	b	(Ladm;Lcj;Lalz;)V	breakBlock
METHOD	ajt	c	(Ladm;Lcj;Lalz;)V	onBlockAdded
METHOD	ajt	c	(Lalz;)I	getMetaFromState
METHOD	ajt	e	()Lama;	createBlockState
METHOD	ajt	g	(Lalz;)Larn;	getMapColor
METHOD	ajt	m	()Ladf;	getBlockLayer
METHOD	aju$a	l	()Ljava/lang/String;	getName
METHOD	aju$a	toString	()Ljava/lang/String;	toString
METHOD	aju$a	values	()[Laju$a;	values
METHOD	aju$b	l	()Ljava/lang/String;	getName
METHOD	aju$b	toString	()Ljava/lang/String;	toString
METHOD	aju$b	values	()[Laju$b;	values
METHOD	aju	A	()Z	isCollidable
METHOD	aju	a	(I)Lalz;	getStateFromMeta
METHOD	aju	a	(Ladm;)I	tickRate
METHOD	aju	a	(Ladm;Lcj;Ladi;)V	onBlockDestroyedByExplosion
METHOD	aju	a	(Ladm;Lcj;Lalz;Laug;Ljava/util/List;Lpk;)V	addCollisionBoxesToList
METHOD	aju	a	(Ladm;Lcj;Lalz;Lwn;Lcq;FFF)Z	onBlockActivated
METHOD	aju	a	(Ladm;Lcj;Laui;Laui;)Lauh;	collisionRayTrace
METHOD	aju	a	(Ladm;Lcj;Lcq;FFFILpr;)Lalz;	onBlockPlaced
METHOD	aju	a	(Ladm;Lcj;Lpk;)V	onEntityCollidedWithBlock
METHOD	aju	a	(Ladm;Lcj;Lpk;Laui;)Laui;	modifyAcceleration
METHOD	aju	a	(Ladm;Lcj;Lwn;)V	onBlockClicked
METHOD	aju	a	(Ladq;Lcj;)V	setBlockBoundsBasedOnState
METHOD	aju	a	(Ladq;Lcj;Lalz;)Z	isSameStair
METHOD	aju	a	(Lalz;Ladq;Lcj;)Lalz;	getActualState
METHOD	aju	a	(Lalz;Z)Z	canCollideCheck
METHOD	aju	a	(Lpk;)F	getExplosionResistance
METHOD	aju	b	(Ladm;Lcj;)Laug;	getSelectedBoundingBox
METHOD	aju	b	(Ladm;Lcj;Lalz;)V	breakBlock
METHOD	aju	b	(Ladm;Lcj;Lalz;Ljava/util/Random;)V	updateTick
METHOD	aju	c	()Z	isOpaqueCube
METHOD	aju	c	(Ladm;Lcj;Lalz;)V	onBlockAdded
METHOD	aju	c	(Ladm;Lcj;Lalz;Ljava/util/Random;)V	randomDisplayTick
METHOD	aju	c	(Ladq;Lcj;)I	getMixedBrightnessForBlock
METHOD	aju	c	(Lafh;)Z	isBlockStairs
METHOD	aju	c	(Lalz;)I	getMetaFromState
METHOD	aju	d	()Z	isFullCube
METHOD	aju	d	(Ladm;Lcj;)Z	canPlaceBlockAt
METHOD	aju	d	(Ladm;Lcj;Lalz;)V	onBlockDestroyedByPlayer
METHOD	aju	e	()Lama;	createBlockState
METHOD	aju	e	(Ladq;Lcj;)V	setBaseCollisionBounds
METHOD	aju	f	(Ladq;Lcj;)I	func_176307_f
METHOD	aju	g	(Ladq;Lcj;)I	func_176305_g
METHOD	aju	g	(Lalz;)Larn;	getMapColor
METHOD	aju	h	(Ladq;Lcj;)Z	func_176306_h
METHOD	aju	i	(Ladq;Lcj;)Z	func_176304_i
METHOD	aju	m	()Ladf;	getBlockLayer
METHOD	ajv	a	(I)Lalz;	getStateFromMeta
METHOD	ajv	a	(Ladm;Lcj;Lalz;Lafh;)V	onNeighborBlockChange
METHOD	ajv	c	(Lalz;)I	getMetaFromState
METHOD	ajv	e	()Lama;	createBlockState
METHOD	ajw	a	(Ladm;Lcj;Lalz;Lafh;)V	onNeighborBlockChange
METHOD	ajw	b	(Ladm;Lcj;Lalz;Ljava/util/Random;)V	updateTick
METHOD	ajw	f	(Ladm;Lcj;)Z	isSurroundingBlockFlammable
METHOD	ajw	f	(Ladm;Lcj;Lalz;)V	updateLiquid
METHOD	ajw	m	(Ladm;Lcj;)Z	getCanBlockBurn
METHOD	ajx$1	a	(Lcq;)Z	apply
METHOD	ajx$1	apply	(Ljava/lang/Object;)Z	apply
METHOD	ajx	a	(I)Lalz;	getStateFromMeta
METHOD	ajx	a	(Ladm;Lcj;Lalz;FI)V	dropBlockAsItemWithChance
METHOD	ajx	a	(Ladm;Lcj;Lalz;Z)Z	canGrow
METHOD	ajx	a	(Ladm;Ljava/util/Random;Lcj;Lalz;)Z	canUseBonemeal
METHOD	ajx	a	(Ladq;Lcj;)V	setBlockBoundsBasedOnState
METHOD	ajx	a	(Ladq;Lcj;I)I	colorMultiplier
METHOD	ajx	a	(Lalz;Ladq;Lcj;)Lalz;	getActualState
METHOD	ajx	a	(Lalz;Ljava/util/Random;I)Lzw;	getItemDropped
METHOD	ajx	b	(Ladm;Lcj;Lalz;Ljava/util/Random;)V	updateTick
METHOD	ajx	b	(Ladm;Ljava/util/Random;Lcj;Lalz;)V	grow
METHOD	ajx	c	(Ladm;Lcj;)Lzw;	getItem
METHOD	ajx	c	(Lafh;)Z	canPlaceBlockOn
METHOD	ajx	c	(Lalz;)I	getMetaFromState
METHOD	ajx	e	()Lama;	createBlockState
METHOD	ajx	g	(Ladm;Lcj;Lalz;)V	growStem
METHOD	ajx	h	(Lalz;)I	getRenderColor
METHOD	ajx	j	()V	setBlockBoundsForItemRender
METHOD	ajx	l	()Lzw;	getSeedItem
METHOD	ajy$a	a	()I	getMetadata
METHOD	ajy$a	a	(I)Lajy$a;	byMetadata
METHOD	ajy$a	c	()Larn;	func_181072_c
METHOD	ajy$a	d	()Ljava/lang/String;	getUnlocalizedName
METHOD	ajy$a	l	()Ljava/lang/String;	getName
METHOD	ajy$a	toString	()Ljava/lang/String;	toString
METHOD	ajy$a	values	()[Lajy$a;	values
METHOD	ajy	a	(I)Lalz;	getStateFromMeta
METHOD	ajy	a	(Lalz;)I	damageDropped
METHOD	ajy	a	(Lalz;Ljava/util/Random;I)Lzw;	getItemDropped
METHOD	ajy	a	(Lzw;Lyz;Ljava/util/List;)V	getSubBlocks
METHOD	ajy	c	(Lalz;)I	getMetaFromState
METHOD	ajy	e	()Lama;	createBlockState
METHOD	ajy	f	()Ljava/lang/String;	getLocalizedName
METHOD	ajy	g	(Lalz;)Larn;	getMapColor
METHOD	ajz$a	a	()I	getMetadata
METHOD	ajz$a	a	(I)Lajz$a;	byMetadata
METHOD	ajz$a	c	()Ljava/lang/String;	getUnlocalizedName
METHOD	ajz$a	l	()Ljava/lang/String;	getName
METHOD	ajz$a	toString	()Ljava/lang/String;	toString
METHOD	ajz$a	values	()[Lajz$a;	values
METHOD	ajz	a	(I)Lalz;	getStateFromMeta
METHOD	ajz	a	(Lalz;)I	damageDropped
METHOD	ajz	a	(Lzw;Lyz;Ljava/util/List;)V	getSubBlocks
METHOD	ajz	c	(Lalz;)I	getMetaFromState
METHOD	ajz	e	()Lama;	createBlockState
METHOD	ak	a	()I	getRequiredPermissionLevel
METHOD	ak	a	(Lm;[Ljava/lang/String;)V	processCommand
METHOD	ak	a	(Lm;[Ljava/lang/String;Lcj;)Ljava/util/List;	addTabCompletionOptions
METHOD	ak	b	()Ljava/util/List;	getCommandAliases
METHOD	ak	c	()Ljava/lang/String;	getCommandName
METHOD	ak	c	(Lm;)Ljava/lang/String;	getCommandUsage
METHOD	ak	d	()Ljava/util/Map;	getCommands
METHOD	ak	d	(Lm;)Ljava/util/List;	getSortedPossibleCommands
METHOD	akb$a	a	()I	getMetadata
METHOD	akb$a	a	(I)Lakb$a;	byMetadata
METHOD	akb$a	c	()Larn;	func_181074_c
METHOD	akb$a	d	()Ljava/lang/String;	getUnlocalizedName
METHOD	akb$a	l	()Ljava/lang/String;	getName
METHOD	akb$a	toString	()Ljava/lang/String;	toString
METHOD	akb$a	values	()[Lakb$a;	values
METHOD	akb	a	(I)Lalz;	getStateFromMeta
METHOD	akb	a	(Lalz;)I	damageDropped
METHOD	akb	a	(Lalz;Ljava/util/Random;I)Lzw;	getItemDropped
METHOD	akb	a	(Lzw;Lyz;Ljava/util/List;)V	getSubBlocks
METHOD	akb	a	(Lzx;)Ljava/lang/Object;	getVariant
METHOD	akb	b	(I)Ljava/lang/String;	getUnlocalizedName
METHOD	akb	c	(Ladm;Lcj;)Lzw;	getItem
METHOD	akb	c	(Lalz;)I	getMetaFromState
METHOD	akb	e	()Lama;	createBlockState
METHOD	akb	g	(Lalz;)Larn;	getMapColor
METHOD	akb	n	()Lamo;	getVariantProperty
METHOD	akc$a	a	()I	getMeta
METHOD	akc$a	a	(I)Lakc$a;	byMetadata
METHOD	akc$a	l	()Ljava/lang/String;	getName
METHOD	akc$a	toString	()Ljava/lang/String;	toString
METHOD	akc$a	values	()[Lakc$a;	values
METHOD	akc	H	()I	getBlockColor
METHOD	akc	R	()Lafh$a;	getOffsetType
METHOD	akc	a	(I)Lalz;	getStateFromMeta
METHOD	akc	a	(ILjava/util/Random;)I	quantityDroppedWithBonus
METHOD	akc	a	(Ladm;Lcj;)Z	isReplaceable
METHOD	akc	a	(Ladm;Lcj;Lalz;Z)Z	canGrow
METHOD	akc	a	(Ladm;Ljava/util/Random;Lcj;Lalz;)Z	canUseBonemeal
METHOD	akc	a	(Ladm;Lwn;Lcj;Lalz;Lakw;)V	harvestBlock
METHOD	akc	a	(Ladq;Lcj;I)I	colorMultiplier
METHOD	akc	a	(Lalz;Ljava/util/Random;I)Lzw;	getItemDropped
METHOD	akc	a	(Lzw;Lyz;Ljava/util/List;)V	getSubBlocks
METHOD	akc	b	(Ladm;Ljava/util/Random;Lcj;Lalz;)V	grow
METHOD	akc	c	(Lalz;)I	getMetaFromState
METHOD	akc	e	()Lama;	createBlockState
METHOD	akc	f	(Ladm;Lcj;Lalz;)Z	canBlockStay
METHOD	akc	h	(Lalz;)I	getRenderColor
METHOD	akc	j	(Ladm;Lcj;)I	getDamageValue
METHOD	akd	I	()Z	canSilkHarvest
METHOD	akd	a	(Ladm;Lcj;Lalz;Laug;Ljava/util/List;Lpk;)V	addCollisionBoxesToList
METHOD	akd	a	(Ladq;Lcj;)V	setBlockBoundsBasedOnState
METHOD	akd	a	(Ladq;Lcj;Lcq;)Z	shouldSideBeRendered
METHOD	akd	a	(Lalz;Ladq;Lcj;)Lalz;	getActualState
METHOD	akd	a	(Lalz;Ljava/util/Random;I)Lzw;	getItemDropped
METHOD	akd	c	()Z	isOpaqueCube
METHOD	akd	c	(Lafh;)Z	canPaneConnectToBlock
METHOD	akd	c	(Lalz;)I	getMetaFromState
METHOD	akd	d	()Z	isFullCube
METHOD	akd	e	()Lama;	createBlockState
METHOD	akd	j	()V	setBlockBoundsForItemRender
METHOD	akd	m	()Ladf;	getBlockLayer
METHOD	ake	a	(I)Lalz;	getStateFromMeta
METHOD	ake	a	(Ladi;)Z	canDropFromExplosion
METHOD	ake	a	(Ladm;Lcj;Ladi;)V	onBlockDestroyedByExplosion
METHOD	ake	a	(Ladm;Lcj;Lalz;Lafh;)V	onNeighborBlockChange
METHOD	ake	a	(Ladm;Lcj;Lalz;Lpk;)V	onEntityCollidedWithBlock
METHOD	ake	a	(Ladm;Lcj;Lalz;Lpr;)V	explode
METHOD	ake	a	(Ladm;Lcj;Lalz;Lwn;Lcq;FFF)Z	onBlockActivated
METHOD	ake	c	(Ladm;Lcj;Lalz;)V	onBlockAdded
METHOD	ake	c	(Lalz;)I	getMetaFromState
METHOD	ake	d	(Ladm;Lcj;Lalz;)V	onBlockDestroyedByPlayer
METHOD	ake	e	()Lama;	createBlockState
METHOD	akf$1	a	(Lcq;)Z	apply
METHOD	akf$1	apply	(Ljava/lang/Object;)Z	apply
METHOD	akf	a	(I)Lalz;	getStateFromMeta
METHOD	akf	a	(Ladm;Lcj;Lalz;)Laug;	getCollisionBoundingBox
METHOD	akf	a	(Ladm;Lcj;Lalz;Lafh;)V	onNeighborBlockChange
METHOD	akf	a	(Ladm;Lcj;Laui;Laui;)Lauh;	collisionRayTrace
METHOD	akf	a	(Ladm;Lcj;Lcq;)Z	canPlaceAt
METHOD	akf	a	(Ladm;Lcj;Lcq;FFFILpr;)Lalz;	onBlockPlaced
METHOD	akf	c	()Z	isOpaqueCube
METHOD	akf	c	(Ladm;Lcj;Lalz;)V	onBlockAdded
METHOD	akf	c	(Ladm;Lcj;Lalz;Ljava/util/Random;)V	randomDisplayTick
METHOD	akf	c	(Lalz;)I	getMetaFromState
METHOD	akf	d	()Z	isFullCube
METHOD	akf	d	(Ladm;Lcj;)Z	canPlaceBlockAt
METHOD	akf	e	()Lama;	createBlockState
METHOD	akf	e	(Ladm;Lcj;)Z	canPlaceOn
METHOD	akf	e	(Ladm;Lcj;Lalz;)Z	onNeighborChangeInternal
METHOD	akf	f	(Ladm;Lcj;Lalz;)Z	checkForDrop
METHOD	akf	m	()Ladf;	getBlockLayer
METHOD	akg	a	(Ladq;Lcj;Lcq;)Z	shouldSideBeRendered
METHOD	akg	c	()Z	isOpaqueCube
METHOD	akh$a	l	()Ljava/lang/String;	getName
METHOD	akh$a	toString	()Ljava/lang/String;	toString
METHOD	akh$a	values	()[Lakh$a;	values
METHOD	akh	a	(I)Lalz;	getStateFromMeta
METHOD	akh	a	(Ladm;Lcj;Lalz;)Laug;	getCollisionBoundingBox
METHOD	akh	a	(Ladm;Lcj;Lalz;Lafh;)V	onNeighborBlockChange
METHOD	akh	a	(Ladm;Lcj;Lalz;Lwn;Lcq;FFF)Z	onBlockActivated
METHOD	akh	a	(Ladm;Lcj;Laui;Laui;)Lauh;	collisionRayTrace
METHOD	akh	a	(Ladm;Lcj;Lcq;FFFILpr;)Lalz;	onBlockPlaced
METHOD	akh	a	(Ladq;Lcj;)V	setBlockBoundsBasedOnState
METHOD	akh	a	(Lcq;)I	getMetaForFacing
METHOD	akh	b	(I)Lcq;	getFacing
METHOD	akh	b	(Ladm;Lcj;)Laug;	getSelectedBoundingBox
METHOD	akh	b	(Ladm;Lcj;Lcq;)Z	canPlaceBlockOnSide
METHOD	akh	b	(Ladq;Lcj;)Z	isPassable
METHOD	akh	c	()Z	isOpaqueCube
METHOD	akh	c	(Lafh;)Z	isValidSupportBlock
METHOD	akh	c	(Lalz;)I	getMetaFromState
METHOD	akh	d	()Z	isFullCube
METHOD	akh	d	(Lalz;)V	setBounds
METHOD	akh	e	()Lama;	createBlockState
METHOD	akh	j	()V	setBlockBoundsForItemRender
METHOD	akh	m	()Ladf;	getBlockLayer
METHOD	aki	a	(I)Lalz;	getStateFromMeta
METHOD	aki	a	(Ladm;Lcj;Lalz;)Laug;	getCollisionBoundingBox
METHOD	aki	a	(Ladm;Lcj;Lalz;Lafh;)V	onNeighborBlockChange
METHOD	aki	a	(Ladm;Lcj;Lalz;Ljava/util/Random;)V	randomTick
METHOD	aki	a	(Ladm;Lcj;Lalz;Lpk;)V	onEntityCollidedWithBlock
METHOD	aki	a	(Ladm;Lcj;Lalz;Lwn;)V	onBlockHarvested
METHOD	aki	a	(Ladq;Lcj;)V	setBlockBoundsBasedOnState
METHOD	aki	a	(Lalz;Ladq;Lcj;)Lalz;	getActualState
METHOD	aki	a	(Lalz;Ljava/util/Random;I)Lzw;	getItemDropped
METHOD	aki	b	(Ladm;Lcj;Lalz;)V	breakBlock
METHOD	aki	b	(Ladm;Lcj;Lalz;Ljava/util/Random;)V	updateTick
METHOD	aki	c	()Z	isOpaqueCube
METHOD	aki	c	(Ladm;Lcj;)Lzw;	getItem
METHOD	aki	c	(Ladm;Lcj;Lalz;)V	onBlockAdded
METHOD	aki	c	(Ladq;Lcj;Lalz;Lcq;)Z	isConnectedTo
METHOD	aki	c	(Lalz;)I	getMetaFromState
METHOD	aki	d	()Z	isFullCube
METHOD	aki	e	()Lama;	createBlockState
METHOD	aki	e	(Ladm;Lcj;)V	updateState
METHOD	aki	e	(Ladm;Lcj;Lalz;)V	notifyHook
METHOD	aki	m	()Ladf;	getBlockLayer
METHOD	akj	a	(I)Lalz;	getStateFromMeta
METHOD	akj	a	(Ladm;Lcj;Lalz;)Laug;	getCollisionBoundingBox
METHOD	akj	a	(Ladm;Lcj;Lalz;Lafh;)V	onNeighborBlockChange
METHOD	akj	a	(Ladm;Lcj;Lalz;Ljava/util/Random;)V	randomTick
METHOD	akj	a	(Ladm;Lcj;Lalz;Lpr;Lzx;)V	onBlockPlacedBy
METHOD	akj	a	(Ladm;Lcj;Lalz;ZZILalz;)V	func_176260_a
METHOD	akj	a	(Ladm;Lcj;Lcq;)V	func_176262_b
METHOD	akj	a	(Ladm;Lcj;Lcq;FFFILpr;)Lalz;	onBlockPlaced
METHOD	akj	a	(Ladm;Lcj;ZZZZ)V	func_180694_a
METHOD	akj	a	(Ladq;Lcj;)V	setBlockBoundsBasedOnState
METHOD	akj	a	(Ladq;Lcj;Lalz;Lcq;)I	getWeakPower
METHOD	akj	a	(Lalz;Ladq;Lcj;)Lalz;	getActualState
METHOD	akj	b	(Ladm;Lcj;Lalz;)V	breakBlock
METHOD	akj	b	(Ladm;Lcj;Lalz;Ljava/util/Random;)V	updateTick
METHOD	akj	b	(Ladm;Lcj;Lcq;)Z	canPlaceBlockOnSide
METHOD	akj	b	(Ladq;Lcj;Lalz;Lcq;)I	getStrongPower
METHOD	akj	c	()Z	isOpaqueCube
METHOD	akj	c	(Lalz;)I	getMetaFromState
METHOD	akj	d	()Z	isFullCube
METHOD	akj	d	(Ladm;Lcj;)Z	canPlaceBlockAt
METHOD	akj	e	()Lama;	createBlockState
METHOD	akj	e	(Ladm;Lcj;Lalz;)Z	checkForDrop
METHOD	akj	i	()Z	canProvidePower
METHOD	akj	m	()Ladf;	getBlockLayer
METHOD	akk	H	()I	getBlockColor
METHOD	akk	a	(I)Lalz;	getStateFromMeta
METHOD	akk	a	(Ladm;Lcj;)Z	isReplaceable
METHOD	akk	a	(Ladm;Lcj;Lalz;)Laug;	getCollisionBoundingBox
METHOD	akk	a	(Ladm;Lcj;Lalz;Lafh;)V	onNeighborBlockChange
METHOD	akk	a	(Ladm;Lcj;Lcq;FFFILpr;)Lalz;	onBlockPlaced
METHOD	akk	a	(Ladm;Lwn;Lcj;Lalz;Lakw;)V	harvestBlock
METHOD	akk	a	(Ladq;Lcj;)V	setBlockBoundsBasedOnState
METHOD	akk	a	(Ladq;Lcj;I)I	colorMultiplier
METHOD	akk	a	(Lalz;Ladq;Lcj;)Lalz;	getActualState
METHOD	akk	a	(Lalz;Ljava/util/Random;I)Lzw;	getItemDropped
METHOD	akk	a	(Lcq;)Lamk;	getPropertyFor
METHOD	akk	a	(Ljava/util/Random;)I	quantityDropped
METHOD	akk	b	(Ladm;Lcj;Lalz;Ljava/util/Random;)V	updateTick
METHOD	akk	b	(Ladm;Lcj;Lcq;)Z	canPlaceBlockOnSide
METHOD	akk	c	()Z	isOpaqueCube
METHOD	akk	c	(Lafh;)Z	canPlaceOn
METHOD	akk	c	(Lalz;)I	getMetaFromState
METHOD	akk	d	()Z	isFullCube
METHOD	akk	d	(Lalz;)I	getNumGrownFaces
METHOD	akk	e	()Lama;	createBlockState
METHOD	akk	e	(Ladm;Lcj;Lalz;)Z	recheckGrownSides
METHOD	akk	h	(Lalz;)I	getRenderColor
METHOD	akk	j	()V	setBlockBoundsForItemRender
METHOD	akk	m	()Ladf;	getBlockLayer
METHOD	akl$a	a	()I	getMetadata
METHOD	akl$a	a	(I)Lakl$a;	byMetadata
METHOD	akl$a	c	()Ljava/lang/String;	getUnlocalizedName
METHOD	akl$a	l	()Ljava/lang/String;	getName
METHOD	akl$a	toString	()Ljava/lang/String;	toString
METHOD	akl$a	values	()[Lakl$a;	values
METHOD	akl	a	(I)Lalz;	getStateFromMeta
METHOD	akl	a	(Ladm;Lcj;Lalz;)Laug;	getCollisionBoundingBox
METHOD	akl	a	(Ladq;Lcj;)V	setBlockBoundsBasedOnState
METHOD	akl	a	(Ladq;Lcj;Lcq;)Z	shouldSideBeRendered
METHOD	akl	a	(Lalz;)I	damageDropped
METHOD	akl	a	(Lalz;Ladq;Lcj;)Lalz;	getActualState
METHOD	akl	a	(Lzw;Lyz;Ljava/util/List;)V	getSubBlocks
METHOD	akl	b	(Ladq;Lcj;)Z	isPassable
METHOD	akl	c	()Z	isOpaqueCube
METHOD	akl	c	(Lalz;)I	getMetaFromState
METHOD	akl	d	()Z	isFullCube
METHOD	akl	e	()Lama;	createBlockState
METHOD	akl	e	(Ladq;Lcj;)Z	canConnectTo
METHOD	akl	f	()Ljava/lang/String;	getLocalizedName
METHOD	akm	a	(I)Lalz;	getStateFromMeta
METHOD	akm	a	(Ladm;Lcj;Lalz;Lafh;)V	onNeighborBlockChange
METHOD	akm	a	(Ladq;Lcj;)V	setBlockBoundsBasedOnState
METHOD	akm	c	(Lalz;)I	getMetaFromState
METHOD	akm	e	()Lama;	createBlockState
METHOD	akn	H	()I	getBlockColor
METHOD	akn	a	(Ladm;Lcj;Lalz;)Laug;	getCollisionBoundingBox
METHOD	akn	a	(Ladm;Lcj;Lalz;Laug;Ljava/util/List;Lpk;)V	addCollisionBoxesToList
METHOD	akn	a	(Ladq;Lcj;I)I	colorMultiplier
METHOD	akn	c	(Lafh;)Z	canPlaceBlockOn
METHOD	akn	c	(Lalz;)I	getMetaFromState
METHOD	akn	f	(Ladm;Lcj;Lalz;)Z	canBlockStay
METHOD	akn	h	(Lalz;)I	getRenderColor
METHOD	ako	I	()Z	canSilkHarvest
METHOD	ako	a	(Ladm;Lcj;Lalz;)Laug;	getCollisionBoundingBox
METHOD	ako	a	(Ladm;Lcj;Lalz;Lpk;)V	onEntityCollidedWithBlock
METHOD	ako	a	(Lalz;Ljava/util/Random;I)Lzw;	getItemDropped
METHOD	ako	c	()Z	isOpaqueCube
METHOD	ako	d	()Z	isFullCube
METHOD	ako	m	()Ladf;	getBlockLayer
METHOD	akp	a	(I)Lalz;	getStateFromMeta
METHOD	akp	a	(Ladm;)I	tickRate
METHOD	akp	a	(Lalz;I)Lalz;	setRedstoneStrength
METHOD	akp	c	(Lalz;)I	getMetaFromState
METHOD	akp	e	()Lama;	createBlockState
METHOD	akp	e	(Lalz;)I	getRedstoneStrength
METHOD	akp	f	(Ladm;Lcj;)I	computeRedstoneStrength
METHOD	akr	a	(I)Lalz;	getStateFromMeta
METHOD	akr	a	(Lalz;)I	damageDropped
METHOD	akr	a	(Lalz;Ljava/util/Random;I)Lzw;	getItemDropped
METHOD	akr	a	(Lzw;Lyz;Ljava/util/List;)V	getSubBlocks
METHOD	akr	a	(Lzx;)Ljava/lang/Object;	getVariant
METHOD	akr	b	(I)Ljava/lang/String;	getUnlocalizedName
METHOD	akr	c	(Ladm;Lcj;)Lzw;	getItem
METHOD	akr	c	(Lalz;)I	getMetaFromState
METHOD	akr	e	()Lama;	createBlockState
METHOD	akr	g	(Lalz;)Larn;	getMapColor
METHOD	akr	n	()Lamo;	getVariantProperty
METHOD	aks	a	(I)Lalz;	getStateFromMeta
METHOD	aks	a	(Ladm;Lcj;Lalz;Lafh;)V	onNeighborBlockChange
METHOD	aks	a	(Ladq;Lcj;)V	setBlockBoundsBasedOnState
METHOD	aks	a	(Ladq;Lcj;Lcq;)Z	shouldSideBeRendered
METHOD	aks	a	(Lalz;)I	damageDropped
METHOD	aks	a	(Lzw;Lyz;Ljava/util/List;)V	getSubBlocks
METHOD	aks	b	(I)V	setBlockBoundsFromMeta
METHOD	aks	c	()Z	isOpaqueCube
METHOD	aks	c	(Lalz;)I	getMetaFromState
METHOD	aks	d	()Z	isFullCube
METHOD	aks	d	(Ladm;Lcj;)Z	canPlaceBlockAt
METHOD	aks	e	()Lama;	createBlockState
METHOD	aks	e	(Ladm;Lcj;)Z	canBlockStay
METHOD	aks	e	(Ladm;Lcj;Lalz;)Z	checkForDrop
METHOD	aks	g	(Lalz;)Larn;	getMapColor
METHOD	aks	j	()V	setBlockBoundsForItemRender
METHOD	akt	l	()Lagw$b;	getBlockType
METHOD	aku$a	a	()Ljava/lang/String;	getPatternName
METHOD	aku$a	a	(Ljava/lang/String;)Laku$a;	getPatternByID
METHOD	aku$a	b	()Ljava/lang/String;	getPatternID
METHOD	aku$a	c	()[Ljava/lang/String;	getCraftingLayers
METHOD	aku$a	d	()Z	hasValidCrafting
METHOD	aku$a	e	()Z	hasCraftingStack
METHOD	aku$a	f	()Lzx;	getCraftingStack
METHOD	aku$a	values	()[Laku$a;	values
METHOD	aku	a	(Ldn;)V	readFromNBT
METHOD	aku	a	(Ldn;ILdu;)V	setBaseColorAndPatterns
METHOD	aku	a	(Lzx;)V	setItemValues
METHOD	aku	b	()I	getBaseColor
METHOD	aku	b	(Ldn;)V	writeToNBT
METHOD	aku	b	(Lzx;)I	getBaseColor
METHOD	aku	c	()Ljava/util/List;	getPatternList
METHOD	aku	c	(Lzx;)I	getPatterns
METHOD	aku	d	()Ldu;	getPatterns
METHOD	aku	e	()Ljava/util/List;	getColorList
METHOD	aku	e	(Lzx;)V	removeBannerData
METHOD	aku	g	()Ljava/lang/String;	getPatternResourceLocation
METHOD	aku	h	()V	initializeBannerData
METHOD	aku	y_	()Lff;	getDescriptionPacket
METHOD	akv$a	a	()V	incrementHeight
METHOD	akv$a	b	()[F	getColors
METHOD	akv$a	c	()I	getHeight
METHOD	akv	A	()V	addEffectsToPlayers
METHOD	akv	B	()V	updateSegmentColors
METHOD	akv	a	(I)Lzx;	getStackInSlot
METHOD	akv	a	(II)Lzx;	decrStackSize
METHOD	akv	a	(ILzx;)V	setInventorySlotContents
METHOD	akv	a	(Ldn;)V	readFromNBT
METHOD	akv	a	(Ljava/lang/String;)V	setName
METHOD	akv	a	(Lwm;Lwn;)Lxi;	createContainer
METHOD	akv	a	(Lwn;)Z	isUseableByPlayer
METHOD	akv	a_	(I)I	getField
METHOD	akv	b	(I)Lzx;	removeStackFromSlot
METHOD	akv	b	(II)V	setField
METHOD	akv	b	(ILzx;)Z	isItemValidForSlot
METHOD	akv	b	(Ldn;)V	writeToNBT
METHOD	akv	b	(Lwn;)V	openInventory
METHOD	akv	c	()V	update
METHOD	akv	c	(II)Z	receiveClientEvent
METHOD	akv	c	(Lwn;)V	closeInventory
METHOD	akv	e_	()Ljava/lang/String;	getName
METHOD	akv	g	()I	getFieldCount
METHOD	akv	h	(I)I	func_183001_h
METHOD	akv	k	()Ljava/lang/String;	getGuiID
METHOD	akv	l	()V	clear
METHOD	akv	l_	()Z	hasCustomName
METHOD	akv	m	()V	updateBeacon
METHOD	akv	n	()Ljava/util/List;	getBeamSegments
METHOD	akv	o	()F	shouldBeamRender
METHOD	akv	o_	()I	getSizeInventory
METHOD	akv	q_	()I	getInventoryStackLimit
METHOD	akv	s	()D	getMaxRenderDistanceSquared
METHOD	akv	y_	()Lff;	getDescriptionPacket
METHOD	akw$1	a	()Ljava/lang/String;	call
METHOD	akw$1	call	()Ljava/lang/Object;	call
METHOD	akw$2	a	()Ljava/lang/String;	call
METHOD	akw$2	call	()Ljava/lang/Object;	call
METHOD	akw$3	a	()Ljava/lang/String;	call
METHOD	akw$3	call	()Ljava/lang/Object;	call
METHOD	akw	D	()V	validate
METHOD	akw	E	()V	updateContainingBlockInfo
METHOD	akw	F	()Z	func_183000_F
METHOD	akw	G	()Ljava/util/Map;	access$000
METHOD	akw	a	(DDD)D	getDistanceSq
METHOD	akw	a	(Ladm;)V	setWorldObj
METHOD	akw	a	(Lc;)V	addInfoToCrashReport
METHOD	akw	a	(Lcj;)V	setPos
METHOD	akw	a	(Ldn;)V	readFromNBT
METHOD	akw	a	(Ljava/lang/Class;Ljava/lang/String;)V	addMapping
METHOD	akw	b	(Ldn;)V	writeToNBT
METHOD	akw	c	(II)Z	receiveClientEvent
METHOD	akw	c	(Ldn;)Lakw;	createAndLoadEntity
METHOD	akw	p_	()V	markDirty
METHOD	akw	s	()D	getMaxRenderDistanceSquared
METHOD	akw	t	()Z	hasWorldObj
METHOD	akw	u	()I	getBlockMetadata
METHOD	akw	v	()Lcj;	getPos
METHOD	akw	w	()Lafh;	getBlockType
METHOD	akw	x	()Z	isInvalid
METHOD	akw	y	()V	invalidate
METHOD	akw	y_	()Lff;	getDescriptionPacket
METHOD	akw	z	()Ladm;	getWorld
METHOD	akx	a	(I)Lzx;	getStackInSlot
METHOD	akx	a	(II)Lzx;	decrStackSize
METHOD	akx	a	(ILzx;)V	setInventorySlotContents
METHOD	akx	a	(ILzx;Lcq;)Z	canInsertItem
METHOD	akx	a	(Lcq;)[I	getSlotsForFace
METHOD	akx	a	(Ldn;)V	readFromNBT
METHOD	akx	a	(Ljava/lang/String;)V	setName
METHOD	akx	a	(Lwm;Lwn;)Lxi;	createContainer
METHOD	akx	a	(Lwn;)Z	isUseableByPlayer
METHOD	akx	a_	(I)I	getField
METHOD	akx	b	(I)Lzx;	removeStackFromSlot
METHOD	akx	b	(II)V	setField
METHOD	akx	b	(ILzx;)Z	isItemValidForSlot
METHOD	akx	b	(ILzx;Lcq;)Z	canExtractItem
METHOD	akx	b	(Ldn;)V	writeToNBT
METHOD	akx	b	(Lwn;)V	openInventory
METHOD	akx	c	()V	update
METHOD	akx	c	(ILzx;)I	getPotionResult
METHOD	akx	c	(Lwn;)V	closeInventory
METHOD	akx	e_	()Ljava/lang/String;	getName
METHOD	akx	g	()I	getFieldCount
METHOD	akx	k	()Ljava/lang/String;	getGuiID
METHOD	akx	l	()V	clear
METHOD	akx	l_	()Z	hasCustomName
METHOD	akx	m	()[Z	func_174902_m
METHOD	akx	n	()Z	canBrew
METHOD	akx	o	()V	brewPotions
METHOD	akx	o_	()I	getSizeInventory
METHOD	akx	q_	()I	getInventoryStackLimit
METHOD	aky	E	()V	updateContainingBlockInfo
METHOD	aky	a	(I)Lzx;	getStackInSlot
METHOD	aky	a	(II)Lzx;	decrStackSize
METHOD	aky	a	(ILzx;)V	setInventorySlotContents
METHOD	aky	a	(Laky;Lcq;)V	func_174910_a
METHOD	aky	a	(Lcq;)Laky;	getAdjacentChest
METHOD	aky	a	(Ldn;)V	readFromNBT
METHOD	aky	a	(Ljava/lang/String;)V	setCustomName
METHOD	aky	a	(Lwm;Lwn;)Lxi;	createContainer
METHOD	aky	a	(Lwn;)Z	isUseableByPlayer
METHOD	aky	a_	(I)I	getField
METHOD	aky	b	(I)Lzx;	removeStackFromSlot
METHOD	aky	b	(II)V	setField
METHOD	aky	b	(ILzx;)Z	isItemValidForSlot
METHOD	aky	b	(Lcj;)Z	isChestAt
METHOD	aky	b	(Ldn;)V	writeToNBT
METHOD	aky	b	(Lwn;)V	openInventory
METHOD	aky	c	()V	update
METHOD	aky	c	(II)Z	receiveClientEvent
METHOD	aky	c	(Lwn;)V	closeInventory
METHOD	aky	e_	()Ljava/lang/String;	getName
METHOD	aky	g	()I	getFieldCount
METHOD	aky	k	()Ljava/lang/String;	getGuiID
METHOD	aky	l	()V	clear
METHOD	aky	l_	()Z	hasCustomName
METHOD	aky	m	()V	checkForAdjacentChests
METHOD	aky	n	()I	getChestType
METHOD	aky	o_	()I	getSizeInventory
METHOD	aky	q_	()I	getInventoryStackLimit
METHOD	aky	y	()V	invalidate
METHOD	akz$1	a	(Lio/netty/buffer/ByteBuf;)V	func_145757_a
METHOD	akz$1	a	(Ljava/lang/String;)V	setCommand
METHOD	akz$1	c	()Lcj;	getPosition
METHOD	akz$1	d	()Laui;	getPositionVector
METHOD	akz$1	e	()Ladm;	getEntityWorld
METHOD	akz$1	f	()Lpk;	getCommandSenderEntity
METHOD	akz$1	h	()V	updateCommand
METHOD	akz$1	i	()I	func_145751_f
METHOD	akz	F	()Z	func_183000_F
METHOD	akz	a	(Ldn;)V	readFromNBT
METHOD	akz	b	()Ladc;	getCommandBlockLogic
METHOD	akz	b	(Ldn;)V	writeToNBT
METHOD	akz	c	()Ln;	getCommandResultStats
METHOD	akz	y_	()Lff;	getDescriptionPacket
METHOD	al	a	()I	getRequiredPermissionLevel
METHOD	al	a	(Lm;[Ljava/lang/String;)V	processCommand
METHOD	al	a	(Lm;[Ljava/lang/String;Lcj;)Ljava/util/List;	addTabCompletionOptions
METHOD	al	c	()Ljava/lang/String;	getCommandName
METHOD	al	c	(Lm;)Ljava/lang/String;	getCommandUsage
METHOD	ala	a	(I)V	setOutputSignal
METHOD	ala	a	(Ldn;)V	readFromNBT
METHOD	ala	b	()I	getOutputSignal
METHOD	ala	b	(Ldn;)V	writeToNBT
METHOD	alb	c	()V	update
METHOD	alc	a	(I)Lzx;	getStackInSlot
METHOD	alc	a	(II)Lzx;	decrStackSize
METHOD	alc	a	(ILzx;)V	setInventorySlotContents
METHOD	alc	a	(Ldn;)V	readFromNBT
METHOD	alc	a	(Ljava/lang/String;)V	setCustomName
METHOD	alc	a	(Lwm;Lwn;)Lxi;	createContainer
METHOD	alc	a	(Lwn;)Z	isUseableByPlayer
METHOD	alc	a	(Lzx;)I	addItemStack
METHOD	alc	a_	(I)I	getField
METHOD	alc	b	(I)Lzx;	removeStackFromSlot
METHOD	alc	b	(II)V	setField
METHOD	alc	b	(ILzx;)Z	isItemValidForSlot
METHOD	alc	b	(Ldn;)V	writeToNBT
METHOD	alc	b	(Lwn;)V	openInventory
METHOD	alc	c	(Lwn;)V	closeInventory
METHOD	alc	e_	()Ljava/lang/String;	getName
METHOD	alc	g	()I	getFieldCount
METHOD	alc	k	()Ljava/lang/String;	getGuiID
METHOD	alc	l	()V	clear
METHOD	alc	l_	()Z	hasCustomName
METHOD	alc	m	()I	getDispenseSlot
METHOD	alc	o_	()I	getSizeInventory
METHOD	alc	q_	()I	getInventoryStackLimit
METHOD	ald	e_	()Ljava/lang/String;	getName
METHOD	ald	k	()Ljava/lang/String;	getGuiID
METHOD	ale	a	(Ldn;)V	readFromNBT
METHOD	ale	a	(Ljava/lang/String;)V	setCustomName
METHOD	ale	a	(Lwm;Lwn;)Lxi;	createContainer
METHOD	ale	b	(Ldn;)V	writeToNBT
METHOD	ale	c	()V	update
METHOD	ale	e_	()Ljava/lang/String;	getName
METHOD	ale	f_	()Leu;	getDisplayName
METHOD	ale	k	()Ljava/lang/String;	getGuiID
METHOD	ale	l_	()Z	hasCustomName
METHOD	alf	a	(Lwn;)Z	canBeUsed
METHOD	alf	b	()V	openChest
METHOD	alf	c	()V	update
METHOD	alf	c	(II)Z	receiveClientEvent
METHOD	alf	d	()V	closeChest
METHOD	alf	y	()V	invalidate
METHOD	alg	a	(Ldn;)V	readFromNBT
METHOD	alg	a	(Lzw;I)V	setFlowerPotData
METHOD	alg	b	()Lzw;	getFlowerPotItem
METHOD	alg	b	(Ldn;)V	writeToNBT
METHOD	alg	c	()I	getFlowerPotData
METHOD	alg	y_	()Lff;	getDescriptionPacket
METHOD	alh	a	(I)Lzx;	getStackInSlot
METHOD	alh	a	(II)Lzx;	decrStackSize
METHOD	alh	a	(ILzx;)V	setInventorySlotContents
METHOD	alh	a	(ILzx;Lcq;)Z	canInsertItem
METHOD	alh	a	(Lcq;)[I	getSlotsForFace
METHOD	alh	a	(Ldn;)V	readFromNBT
METHOD	alh	a	(Ljava/lang/String;)V	setCustomInventoryName
METHOD	alh	a	(Log;)Z	isBurning
METHOD	alh	a	(Lwm;Lwn;)Lxi;	createContainer
METHOD	alh	a	(Lwn;)Z	isUseableByPlayer
METHOD	alh	a	(Lzx;)I	getCookTime
METHOD	alh	a_	(I)I	getField
METHOD	alh	b	(I)Lzx;	removeStackFromSlot
METHOD	alh	b	(II)V	setField
METHOD	alh	b	(ILzx;)Z	isItemValidForSlot
METHOD	alh	b	(ILzx;Lcq;)Z	canExtractItem
METHOD	alh	b	(Ldn;)V	writeToNBT
METHOD	alh	b	(Lwn;)V	openInventory
METHOD	alh	b	(Lzx;)I	getItemBurnTime
METHOD	alh	c	()V	update
METHOD	alh	c	(Lwn;)V	closeInventory
METHOD	alh	c	(Lzx;)Z	isItemFuel
METHOD	alh	e_	()Ljava/lang/String;	getName
METHOD	alh	g	()I	getFieldCount
METHOD	alh	k	()Ljava/lang/String;	getGuiID
METHOD	alh	l	()V	clear
METHOD	alh	l_	()Z	hasCustomName
METHOD	alh	m	()Z	isBurning
METHOD	alh	n	()V	smeltItem
METHOD	alh	o	()Z	canSmelt
METHOD	alh	o_	()I	getSizeInventory
METHOD	alh	q_	()I	getInventoryStackLimit
METHOD	ali	A	()D	getXPos
METHOD	ali	B	()D	getYPos
METHOD	ali	C	()D	getZPos
METHOD	ali	z	()Ladm;	getWorld
METHOD	alj	A	()D	getXPos
METHOD	alj	B	()D	getYPos
METHOD	alj	C	()D	getZPos
METHOD	alj	H	()Log;	getInventoryForHopperTransfer
METHOD	alj	a	(I)Lzx;	getStackInSlot
METHOD	alj	a	(II)Lzx;	decrStackSize
METHOD	alj	a	(ILzx;)V	setInventorySlotContents
METHOD	alj	a	(Ladm;DDD)Ljava/util/List;	func_181556_a
METHOD	alj	a	(Lali;)Z	captureDroppedItems
METHOD	alj	a	(Lali;Log;ILcq;)Z	pullItemFromSlot
METHOD	alj	a	(Ldn;)V	readFromNBT
METHOD	alj	a	(Ljava/lang/String;)V	setCustomName
METHOD	alj	a	(Log;Lcq;)Z	isInventoryFull
METHOD	alj	a	(Log;Luz;)Z	putDropInInventoryAllSlots
METHOD	alj	a	(Log;Lzx;ILcq;)Z	canInsertItemInSlot
METHOD	alj	a	(Log;Lzx;Lcq;)Lzx;	putStackInInventoryAllSlots
METHOD	alj	a	(Lwm;Lwn;)Lxi;	createContainer
METHOD	alj	a	(Lwn;)Z	isUseableByPlayer
METHOD	alj	a	(Lzx;Lzx;)Z	canCombine
METHOD	alj	a_	(I)I	getField
METHOD	alj	b	(I)Lzx;	removeStackFromSlot
METHOD	alj	b	(II)V	setField
METHOD	alj	b	(ILzx;)Z	isItemValidForSlot
METHOD	alj	b	(Ladm;DDD)Log;	getInventoryAtPosition
METHOD	alj	b	(Lali;)Log;	getHopperInventory
METHOD	alj	b	(Ldn;)V	writeToNBT
METHOD	alj	b	(Log;Lcq;)Z	isInventoryEmpty
METHOD	alj	b	(Log;Lzx;ILcq;)Z	canExtractItemFromSlot
METHOD	alj	b	(Lwn;)V	openInventory
METHOD	alj	c	()V	update
METHOD	alj	c	(Log;Lzx;ILcq;)Lzx;	insertStack
METHOD	alj	c	(Lwn;)V	closeInventory
METHOD	alj	d	(I)V	setTransferCooldown
METHOD	alj	e_	()Ljava/lang/String;	getName
METHOD	alj	g	()I	getFieldCount
METHOD	alj	k	()Ljava/lang/String;	getGuiID
METHOD	alj	l	()V	clear
METHOD	alj	l_	()Z	hasCustomName
METHOD	alj	m	()Z	updateHopper
METHOD	alj	n	()Z	isOnTransferCooldown
METHOD	alj	o	()Z	mayTransfer
METHOD	alj	o_	()I	getSizeInventory
METHOD	alj	p	()Z	isEmpty
METHOD	alj	p_	()V	markDirty
METHOD	alj	q	()Z	isFull
METHOD	alj	q_	()I	getInventoryStackLimit
METHOD	alj	r	()Z	transferItemsOut
METHOD	alk	a	(Ldn;)V	readFromNBT
METHOD	alk	a	(Lon;)V	setLockCode
METHOD	alk	b	(Ldn;)V	writeToNBT
METHOD	alk	f_	()Leu;	getDisplayName
METHOD	alk	i	()Lon;	getLockCode
METHOD	alk	r_	()Z	isLocked
METHOD	all$1	a	()Ladm;	getSpawnerWorld
METHOD	all$1	a	(I)V	func_98267_a
METHOD	all$1	a	(Ladd$a;)V	setRandomEntity
METHOD	all$1	b	()Lcj;	getSpawnerPosition
METHOD	all	F	()Z	func_183000_F
METHOD	all	a	(Ldn;)V	readFromNBT
METHOD	all	b	()Ladd;	getSpawnerBaseLogic
METHOD	all	b	(Ldn;)V	writeToNBT
METHOD	all	c	()V	update
METHOD	all	c	(II)Z	receiveClientEvent
METHOD	all	y_	()Lff;	getDescriptionPacket
METHOD	alm	a	(Ladm;Lcj;)V	triggerNote
METHOD	alm	a	(Ldn;)V	readFromNBT
METHOD	alm	b	()V	changePitch
METHOD	alm	b	(Ldn;)V	writeToNBT
METHOD	aln$1	a	(ILjava/lang/String;)Z	canCommandSenderUseCommand
METHOD	aln$1	a	(Leu;)V	addChatMessage
METHOD	aln$1	a	(Ln$a;I)V	setCommandStat
METHOD	aln$1	c	()Lcj;	getPosition
METHOD	aln$1	d	()Laui;	getPositionVector
METHOD	aln$1	e	()Ladm;	getEntityWorld
METHOD	aln$1	e_	()Ljava/lang/String;	getName
METHOD	aln$1	f	()Lpk;	getCommandSenderEntity
METHOD	aln$1	f_	()Leu;	getDisplayName
METHOD	aln$1	u_	()Z	sendCommandFeedback
METHOD	aln$2	a	(ILjava/lang/String;)Z	canCommandSenderUseCommand
METHOD	aln$2	a	(Leu;)V	addChatMessage
METHOD	aln$2	a	(Ln$a;I)V	setCommandStat
METHOD	aln$2	c	()Lcj;	getPosition
METHOD	aln$2	d	()Laui;	getPositionVector
METHOD	aln$2	e	()Ladm;	getEntityWorld
METHOD	aln$2	e_	()Ljava/lang/String;	getName
METHOD	aln$2	f	()Lpk;	getCommandSenderEntity
METHOD	aln$2	f_	()Leu;	getDisplayName
METHOD	aln$2	u_	()Z	sendCommandFeedback
METHOD	aln	F	()Z	func_183000_F
METHOD	aln	a	(Laln;)Ln;	access$000
METHOD	aln	a	(Ldn;)V	readFromNBT
METHOD	aln	a	(Lwn;)V	setPlayer
METHOD	aln	a	(Z)V	setEditable
METHOD	aln	b	()Z	getIsEditable
METHOD	aln	b	(Ldn;)V	writeToNBT
METHOD	aln	b	(Lwn;)Z	executeCommand
METHOD	aln	c	()Lwn;	getPlayer
METHOD	aln	d	()Ln;	getStats
METHOD	aln	y_	()Lff;	getDescriptionPacket
METHOD	alo	a	(I)V	setType
METHOD	alo	a	(Lcom/mojang/authlib/GameProfile;)V	setPlayerProfile
METHOD	alo	a	(Ldn;)V	readFromNBT
METHOD	alo	b	()Lcom/mojang/authlib/GameProfile;	getPlayerProfile
METHOD	alo	b	(I)V	setSkullRotation
METHOD	alo	b	(Lcom/mojang/authlib/GameProfile;)Lcom/mojang/authlib/GameProfile;	updateGameprofile
METHOD	alo	b	(Ldn;)V	writeToNBT
METHOD	alo	c	()I	getSkullType
METHOD	alo	d	()I	getSkullRotation
METHOD	alo	e	()V	updatePlayerProfile
METHOD	alo	y_	()Lff;	getDescriptionPacket
METHOD	als	a	(I)Lalz;	getStateFromMeta
METHOD	als	a	(Ladm;Lcj;Lalz;)Laug;	getCollisionBoundingBox
METHOD	als	a	(Ladm;Lcj;Lalz;II)Z	onBlockEventReceived
METHOD	als	a	(Ladm;Lcj;Lalz;Lafh;)V	onNeighborBlockChange
METHOD	als	a	(Ladm;Lcj;Lalz;Laug;Ljava/util/List;Lpk;)V	addCollisionBoxesToList
METHOD	als	a	(Ladm;Lcj;Lalz;Lpr;Lzx;)V	onBlockPlacedBy
METHOD	als	a	(Ladm;Lcj;Lcq;)Z	shouldBeExtended
METHOD	als	a	(Ladm;Lcj;Lcq;FFFILpr;)Lalz;	onBlockPlaced
METHOD	als	a	(Ladm;Lcj;Lcq;Z)Z	doMove
METHOD	als	a	(Ladm;Lcj;Lpr;)Lcq;	getFacingFromEntity
METHOD	als	a	(Ladq;Lcj;)V	setBlockBoundsBasedOnState
METHOD	als	a	(Lafh;Ladm;Lcj;Lcq;Z)Z	canPush
METHOD	als	b	(I)Lcq;	getFacing
METHOD	als	b	(Lalz;)Lalz;	getStateForEntityRender
METHOD	als	c	()Z	isOpaqueCube
METHOD	als	c	(Ladm;Lcj;Lalz;)V	onBlockAdded
METHOD	als	c	(Lalz;)I	getMetaFromState
METHOD	als	d	()Z	isFullCube
METHOD	als	e	()Lama;	createBlockState
METHOD	als	e	(Ladm;Lcj;Lalz;)V	checkForMove
METHOD	als	j	()V	setBlockBoundsForItemRender
METHOD	alt$a	l	()Ljava/lang/String;	getName
METHOD	alt$a	toString	()Ljava/lang/String;	toString
METHOD	alt$a	values	()[Lalt$a;	values
METHOD	alt	a	(I)Lalz;	getStateFromMeta
METHOD	alt	a	(Ladm;Lcj;Lalz;Lafh;)V	onNeighborBlockChange
METHOD	alt	a	(Ladm;Lcj;Lalz;Laug;Ljava/util/List;Lpk;)V	addCollisionBoxesToList
METHOD	alt	a	(Ladm;Lcj;Lalz;Lwn;)V	onBlockHarvested
METHOD	alt	a	(Ladq;Lcj;)V	setBlockBoundsBasedOnState
METHOD	alt	a	(Ladq;Lcj;Lcq;)Z	shouldSideBeRendered
METHOD	alt	a	(Ljava/util/Random;)I	quantityDropped
METHOD	alt	b	(I)Lcq;	getFacing
METHOD	alt	b	(Ladm;Lcj;Lalz;)V	breakBlock
METHOD	alt	b	(Ladm;Lcj;Lcq;)Z	canPlaceBlockOnSide
METHOD	alt	c	()Z	isOpaqueCube
METHOD	alt	c	(Ladm;Lcj;)Lzw;	getItem
METHOD	alt	c	(Lalz;)I	getMetaFromState
METHOD	alt	d	()Z	isFullCube
METHOD	alt	d	(Ladm;Lcj;)Z	canPlaceBlockAt
METHOD	alt	d	(Lalz;)V	applyHeadBounds
METHOD	alt	e	()Lama;	createBlockState
METHOD	alt	e	(Lalz;)V	applyCoreBounds
METHOD	alu	a	(F)F	getProgress
METHOD	alu	a	(FF)V	launchWithSlimeBlock
METHOD	alu	a	(Ldn;)V	readFromNBT
METHOD	alu	b	()Lalz;	getPistonState
METHOD	alu	b	(F)F	getOffsetX
METHOD	alu	b	(Ldn;)V	writeToNBT
METHOD	alu	c	()V	update
METHOD	alu	c	(F)F	getOffsetY
METHOD	alu	d	()Z	isExtending
METHOD	alu	d	(F)F	getOffsetZ
METHOD	alu	e	()Lcq;	getFacing
METHOD	alu	g	()Z	shouldPistonHeadBeRendered
METHOD	alu	h	()V	clearPistonTileEntity
METHOD	alu	u	()I	getBlockMetadata
METHOD	alv	a	(I)Lalz;	getStateFromMeta
METHOD	alv	a	(Ladm;I)Lakw;	createNewTileEntity
METHOD	alv	a	(Ladm;Lcj;Lalz;)Laug;	getCollisionBoundingBox
METHOD	alv	a	(Ladm;Lcj;Lalz;FI)V	dropBlockAsItemWithChance
METHOD	alv	a	(Ladm;Lcj;Lalz;FLcq;)Laug;	getBoundingBox
METHOD	alv	a	(Ladm;Lcj;Lalz;Lafh;)V	onNeighborBlockChange
METHOD	alv	a	(Ladm;Lcj;Lalz;Lwn;Lcq;FFF)Z	onBlockActivated
METHOD	alv	a	(Ladm;Lcj;Laui;Laui;)Lauh;	collisionRayTrace
METHOD	alv	a	(Ladq;Lcj;)V	setBlockBoundsBasedOnState
METHOD	alv	a	(Lalz;Lcq;ZZ)Lakw;	newTileEntity
METHOD	alv	a	(Lalz;Ljava/util/Random;I)Lzw;	getItemDropped
METHOD	alv	b	(Ladm;Lcj;Lalz;)V	breakBlock
METHOD	alv	b	(Ladm;Lcj;Lcq;)Z	canPlaceBlockOnSide
METHOD	alv	c	()Z	isOpaqueCube
METHOD	alv	c	(Ladm;Lcj;)Lzw;	getItem
METHOD	alv	c	(Lalz;)I	getMetaFromState
METHOD	alv	d	()Z	isFullCube
METHOD	alv	d	(Ladm;Lcj;)Z	canPlaceBlockAt
METHOD	alv	d	(Ladm;Lcj;Lalz;)V	onBlockDestroyedByPlayer
METHOD	alv	e	()Lama;	createBlockState
METHOD	alv	e	(Ladq;Lcj;)Lalu;	getTileEntity
METHOD	alw	a	()Z	canMove
METHOD	alw	a	(II)V	func_177255_a
METHOD	alw	a	(Lcj;)Z	func_177251_a
METHOD	alw	b	(Lcj;)Z	func_177250_b
METHOD	alw	c	()Ljava/util/List;	getBlocksToMove
METHOD	alw	d	()Ljava/util/List;	getBlocksToDestroy
METHOD	aly$1	a	(Ljava/util/Map$Entry;)Ljava/lang/String;	apply
METHOD	aly$1	apply	(Ljava/lang/Object;)Ljava/lang/Object;	apply
METHOD	aly	a	(Lamo;)Lalz;	cycleProperty
METHOD	aly	a	(Ljava/util/Collection;Ljava/lang/Object;)Ljava/lang/Object;	cyclePropertyValue
METHOD	aly	toString	()Ljava/lang/String;	toString
METHOD	alz	a	()Ljava/util/Collection;	getPropertyNames
METHOD	alz	a	(Lamo;)Lalz;	cycleProperty
METHOD	alz	a	(Lamo;Ljava/lang/Comparable;)Lalz;	withProperty
METHOD	alz	b	()Lcom/google/common/collect/ImmutableMap;	getProperties
METHOD	alz	b	(Lamo;)Ljava/lang/Comparable;	getValue
METHOD	alz	c	()Lafh;	getBlock
METHOD	am	a	()I	getRequiredPermissionLevel
METHOD	am	a	(Lm;[Ljava/lang/String;)V	processCommand
METHOD	am	a	(Lm;[Ljava/lang/String;Lcj;)Ljava/util/List;	addTabCompletionOptions
METHOD	am	b	([Ljava/lang/String;I)Z	isUsernameIndex
METHOD	am	c	()Ljava/lang/String;	getCommandName
METHOD	am	c	(Lm;)Ljava/lang/String;	getCommandUsage
METHOD	ama$1	a	(Lamo;)Ljava/lang/String;	apply
METHOD	ama$1	apply	(Ljava/lang/Object;)Ljava/lang/Object;	apply
METHOD	ama$2	a	(Lamo;Lamo;)I	compare
METHOD	ama$2	compare	(Ljava/lang/Object;Ljava/lang/Object;)I	compare
METHOD	ama$a	a	()Ljava/util/Collection;	getPropertyNames
METHOD	ama$a	a	(Lamo;Ljava/lang/Comparable;)Lalz;	withProperty
METHOD	ama$a	a	(Ljava/util/Map;)V	buildPropertyValueTable
METHOD	ama$a	b	()Lcom/google/common/collect/ImmutableMap;	getProperties
METHOD	ama$a	b	(Lamo;)Ljava/lang/Comparable;	getValue
METHOD	ama$a	b	(Lamo;Ljava/lang/Comparable;)Ljava/util/Map;	getPropertiesWithValue
METHOD	ama$a	c	()Lafh;	getBlock
METHOD	ama$a	equals	(Ljava/lang/Object;)Z	equals
METHOD	ama$a	hashCode	()I	hashCode
METHOD	ama	a	()Lcom/google/common/collect/ImmutableList;	getValidStates
METHOD	ama	b	()Lalz;	getBaseState
METHOD	ama	c	()Lafh;	getBlock
METHOD	ama	d	()Ljava/util/Collection;	getProperties
METHOD	ama	e	()Ljava/util/List;	getAllowedValues
METHOD	ama	toString	()Ljava/lang/String;	toString
METHOD	amc$1	a	(Lamc;)Z	apply
METHOD	amc$1	apply	(Ljava/lang/Object;)Z	apply
METHOD	amc	a	()Lalz;	getBlockState
METHOD	amc	a	(Lcom/google/common/base/Predicate;)Lcom/google/common/base/Predicate;	hasState
METHOD	amc	b	()Lakw;	getTileEntity
METHOD	amc	d	()Lcj;	getPos
METHOD	amd$a	a	(Lcj;)Lamc;	load
METHOD	amd$a	load	(Ljava/lang/Object;)Ljava/lang/Object;	load
METHOD	amd$b	a	()Lcj;	getPos
METHOD	amd$b	a	(III)Lamc;	translateOffset
METHOD	amd$b	b	()Lcq;	getFinger
METHOD	amd$b	c	()Lcq;	getThumb
METHOD	amd$b	d	()I	func_181118_d
METHOD	amd$b	e	()I	func_181119_e
METHOD	amd$b	toString	()Ljava/lang/String;	toString
METHOD	amd	a	(Ladm;Lcj;)Lamd$b;	match
METHOD	amd	a	(Ladm;Z)Lcom/google/common/cache/LoadingCache;	func_181627_a
METHOD	amd	a	(Lcj;Lcq;Lcq;III)Lcj;	translateOffset
METHOD	amd	a	(Lcj;Lcq;Lcq;Lcom/google/common/cache/LoadingCache;)Lamd$b;	checkPatternAt
METHOD	amd	b	()I	getThumbLength
METHOD	amd	c	()I	getPalmLength
METHOD	ame	a	()Lame;	start
METHOD	ame	a	(CLcom/google/common/base/Predicate;)Lame;	where
METHOD	ame	a	([Ljava/lang/String;)Lame;	aisle
METHOD	ame	b	()Lamd;	build
METHOD	ame	c	()[[[Lcom/google/common/base/Predicate;	makePredicateArray
METHOD	ame	d	()V	checkMissingPredicates
METHOD	amg	a	(Lafh;)Lamg;	forBlock
METHOD	amg	a	(Lalz;)Z	apply
METHOD	amg	apply	(Ljava/lang/Object;)Z	apply
METHOD	amh	a	(Lafh;)Lamh;	forBlock
METHOD	amh	a	(Lalz;)Z	apply
METHOD	amh	a	(Lamo;Lcom/google/common/base/Predicate;)Lamh;	where
METHOD	amh	apply	(Ljava/lang/Object;)Z	apply
METHOD	amj	a	()Ljava/lang/String;	getName
METHOD	amj	b	()Ljava/lang/Class;	getValueClass
METHOD	amj	equals	(Ljava/lang/Object;)Z	equals
METHOD	amj	hashCode	()I	hashCode
METHOD	amj	toString	()Ljava/lang/String;	toString
METHOD	amk	a	(Ljava/lang/Boolean;)Ljava/lang/String;	getName
METHOD	amk	a	(Ljava/lang/Comparable;)Ljava/lang/String;	getName
METHOD	amk	a	(Ljava/lang/String;)Lamk;	create
METHOD	amk	c	()Ljava/util/Collection;	getAllowedValues
METHOD	aml	a	(Ljava/lang/String;)Laml;	create
METHOD	aml	a	(Ljava/lang/String;Lcom/google/common/base/Predicate;)Laml;	create
METHOD	aml	a	(Ljava/lang/String;Ljava/util/Collection;)Laml;	create
METHOD	amm	a	(Ljava/lang/Comparable;)Ljava/lang/String;	getName
METHOD	amm	a	(Ljava/lang/Enum;)Ljava/lang/String;	getName
METHOD	amm	a	(Ljava/lang/String;Ljava/lang/Class;)Lamm;	create
METHOD	amm	a	(Ljava/lang/String;Ljava/lang/Class;Lcom/google/common/base/Predicate;)Lamm;	create
METHOD	amm	a	(Ljava/lang/String;Ljava/lang/Class;Ljava/util/Collection;)Lamm;	create
METHOD	amm	a	(Ljava/lang/String;Ljava/lang/Class;[Ljava/lang/Enum;)Lamm;	create
METHOD	amm	c	()Ljava/util/Collection;	getAllowedValues
METHOD	amn	a	(Ljava/lang/Comparable;)Ljava/lang/String;	getName
METHOD	amn	a	(Ljava/lang/Integer;)Ljava/lang/String;	getName
METHOD	amn	a	(Ljava/lang/String;II)Lamn;	create
METHOD	amn	c	()Ljava/util/Collection;	getAllowedValues
METHOD	amn	equals	(Ljava/lang/Object;)Z	equals
METHOD	amn	hashCode	()I	hashCode
METHOD	amo	a	()Ljava/lang/String;	getName
METHOD	amo	a	(Ljava/lang/Comparable;)Ljava/lang/String;	getName
METHOD	amo	b	()Ljava/lang/Class;	getValueClass
METHOD	amo	c	()Ljava/util/Collection;	getAllowedValues
METHOD	amq	a	(Lams;D)V	onSizeChanged
METHOD	amq	a	(Lams;DD)V	onCenterChanged
METHOD	amq	a	(Lams;DDJ)V	onTransitionStarted
METHOD	amq	a	(Lams;I)V	onWarningTimeChanged
METHOD	amq	b	(Lams;D)V	onDamageAmountChanged
METHOD	amq	b	(Lams;I)V	onWarningDistanceChanged
METHOD	amq	c	(Lams;D)V	onDamageBufferChanged
METHOD	amr	a	()I	getID
METHOD	amr	values	()[Lamr;	values
METHOD	ams	a	()Lamr;	getStatus
METHOD	ams	a	(D)V	setTransition
METHOD	ams	a	(DDJ)V	setTransition
METHOD	ams	a	(I)V	setSize
METHOD	ams	a	(Ladg;)Z	contains
METHOD	ams	a	(Lamq;)V	addListener
METHOD	ams	a	(Laug;)Z	contains
METHOD	ams	a	(Lcj;)Z	contains
METHOD	ams	a	(Lpk;)D	getClosestDistance
METHOD	ams	b	()D	minX
METHOD	ams	b	(D)V	setDamageBuffer
METHOD	ams	b	(DD)D	getClosestDistance
METHOD	ams	b	(I)V	setWarningTime
METHOD	ams	c	()D	minZ
METHOD	ams	c	(D)V	setDamageAmount
METHOD	ams	c	(DD)V	setCenter
METHOD	ams	c	(I)V	setWarningDistance
METHOD	ams	d	()D	maxX
METHOD	ams	e	()D	maxZ
METHOD	ams	f	()D	getCenterX
METHOD	ams	g	()D	getCenterZ
METHOD	ams	h	()D	getDiameter
METHOD	ams	i	()J	getTimeUntilTarget
METHOD	ams	j	()D	getTargetSize
METHOD	ams	k	()Ljava/util/List;	getListeners
METHOD	ams	l	()I	getSize
METHOD	ams	m	()D	getDamageBuffer
METHOD	ams	n	()D	getDamageAmount
METHOD	ams	o	()D	getResizeSpeed
METHOD	ams	p	()I	getWarningTime
METHOD	ams	q	()I	getWarningDistance
METHOD	amv	a	(II)Z	chunkExists
METHOD	amv	a	(Ladm;Ljava/lang/String;Lcj;)Lcj;	getStrongholdGen
METHOD	amv	a	(Lamv;II)V	populate
METHOD	amv	a	(Lamv;Lamy;II)Z	populateChunk
METHOD	amv	a	(Lamy;II)V	recreateStructures
METHOD	amv	a	(Lcj;)Lamy;	provideChunk
METHOD	amv	a	(Lpt;Lcj;)Ljava/util/List;	getPossibleCreatures
METHOD	amv	a	(ZLnu;)Z	saveChunks
METHOD	amv	c	()V	saveExtraData
METHOD	amv	d	()Z	unloadQueuedChunks
METHOD	amv	d	(II)Lamy;	provideChunk
METHOD	amv	e	()Z	canSave
METHOD	amv	f	()Ljava/lang/String;	makeString
METHOD	amv	g	()I	getLoadedChunkCount
METHOD	amw	a	()[B	getData
METHOD	amw	a	(I)I	getFromIndex
METHOD	amw	a	(II)V	setIndex
METHOD	amw	a	(III)I	get
METHOD	amw	a	(IIII)V	set
METHOD	amw	b	(I)Z	isLowerNibble
METHOD	amw	b	(III)I	getCoordinateIndex
METHOD	amw	c	(I)I	getNibbleIndex
METHOD	amx	a	()V	generateHeightMap
METHOD	amx	a	(II)Z	isAtLocation
METHOD	amx	a	(J)Ljava/util/Random;	getRandomWithSeed
METHOD	amx	a	(Lads;Lcj;)I	getLightFor
METHOD	amx	a	(Lads;Lcj;I)V	setLightFor
METHOD	amx	a	(Lakw;)V	addTileEntity
METHOD	amx	a	(Lcj;)Lafh;	getBlock
METHOD	amx	a	(Lcj;I)I	getLightSubtracted
METHOD	amx	a	(Lcj;Lakw;)V	addTileEntity
METHOD	amx	a	(Lcj;Lamy$a;)Lakw;	getTileEntity
METHOD	amx	a	(Ljava/lang/Class;Laug;Ljava/util/List;Lcom/google/common/base/Predicate;)V	getEntitiesOfTypeWithinAAAB
METHOD	amx	a	(Lpk;)V	addEntity
METHOD	amx	a	(Lpk;I)V	removeEntityAtIndex
METHOD	amx	a	(Lpk;Laug;Ljava/util/List;Lcom/google/common/base/Predicate;)V	getEntitiesWithinAABBForEntity
METHOD	amx	a	(Z)Z	needsSaving
METHOD	amx	b	()V	generateSkylightMap
METHOD	amx	b	(II)I	getHeightValue
METHOD	amx	b	(Lcj;)I	getBlockLightOpacity
METHOD	amx	b	(Lpk;)V	removeEntity
METHOD	amx	c	()V	onChunkLoad
METHOD	amx	c	(II)Z	getAreLevelsEmpty
METHOD	amx	c	(Lcj;)I	getBlockMetadata
METHOD	amx	d	()V	onChunkUnload
METHOD	amx	d	(Lcj;)Z	canSeeSky
METHOD	amx	e	()V	setChunkModified
METHOD	amx	e	(Lcj;)V	removeTileEntity
METHOD	amx	f	()Z	isEmpty
METHOD	amy$1	a	()Ljava/lang/String;	call
METHOD	amy$1	call	()Ljava/lang/Object;	call
METHOD	amy$2	a	()Ljava/lang/String;	call
METHOD	amy$2	call	()Ljava/lang/Object;	call
METHOD	amy$3	a	()Ljava/lang/String;	call
METHOD	amy$3	call	()Ljava/lang/Object;	call
METHOD	amy$a	values	()[Lamy$a;	values
METHOD	amy	a	()V	generateHeightMap
METHOD	amy	a	(II)Z	isAtLocation
METHOD	amy	a	(III)Lafh;	getBlock
METHOD	amy	a	(IIII)V	updateSkylightNeighborHeight
METHOD	amy	a	(J)Ljava/util/Random;	getRandomWithSeed
METHOD	amy	a	(Lads;Lcj;)I	getLightFor
METHOD	amy	a	(Lads;Lcj;I)V	setLightFor
METHOD	amy	a	(Lakw;)V	addTileEntity
METHOD	amy	a	(Lamv;Lamv;II)V	populateChunk
METHOD	amy	a	(Lcj;)Lafh;	getBlock
METHOD	amy	a	(Lcj;I)I	getLightSubtracted
METHOD	amy	a	(Lcj;Laec;)Lady;	getBiome
METHOD	amy	a	(Lcj;Lakw;)V	addTileEntity
METHOD	amy	a	(Lcj;Lalz;)Lalz;	setBlockState
METHOD	amy	a	(Lcj;Lamy$a;)Lakw;	getTileEntity
METHOD	amy	a	(Lcq;)V	func_180700_a
METHOD	amy	a	(Ljava/lang/Class;Laug;Ljava/util/List;Lcom/google/common/base/Predicate;)V	getEntitiesOfTypeWithinAAAB
METHOD	amy	a	(Lpk;)V	addEntity
METHOD	amy	a	(Lpk;I)V	removeEntityAtIndex
METHOD	amy	a	(Lpk;Laug;Ljava/util/List;Lcom/google/common/base/Predicate;)V	getEntitiesWithinAABBForEntity
METHOD	amy	a	(Z)Z	needsSaving
METHOD	amy	a	([B)V	setBiomeArray
METHOD	amy	a	([BIZ)V	fillChunk
METHOD	amy	a	([I)V	setHeightMap
METHOD	amy	a	([Lamz;)V	setStorageArrays
METHOD	amy	b	()V	generateSkylightMap
METHOD	amy	b	(II)I	getHeightValue
METHOD	amy	b	(J)V	setLastSaveTime
METHOD	amy	b	(Lcj;)I	getBlockLightOpacity
METHOD	amy	b	(Lpk;)V	removeEntity
METHOD	amy	b	(Z)V	func_150804_b
METHOD	amy	c	()V	onChunkLoad
METHOD	amy	c	(II)Z	getAreLevelsEmpty
METHOD	amy	c	(III)V	checkSkylightNeighborHeight
METHOD	amy	c	(J)V	setInhabitedTime
METHOD	amy	c	(Lcj;)I	getBlockMetadata
METHOD	amy	c	(Z)V	setChunkLoaded
METHOD	amy	d	()V	onChunkUnload
METHOD	amy	d	(II)V	propagateSkylightOcclusion
METHOD	amy	d	(III)V	relightBlock
METHOD	amy	d	(Lcj;)Z	canSeeSky
METHOD	amy	d	(Z)V	setTerrainPopulated
METHOD	amy	e	()V	setChunkModified
METHOD	amy	e	(II)Z	func_150811_f
METHOD	amy	e	(III)I	getBlockLightOpacity
METHOD	amy	e	(Lcj;)V	removeTileEntity
METHOD	amy	e	(Z)V	setLightPopulated
METHOD	amy	f	()Z	isEmpty
METHOD	amy	f	(III)Lafh;	getBlock0
METHOD	amy	f	(Lcj;)I	getHeight
METHOD	amy	f	(Z)V	setModified
METHOD	amy	g	()I	getTopFilledSegment
METHOD	amy	g	(III)I	getBlockMetadata
METHOD	amy	g	(Lcj;)Lalz;	getBlockState
METHOD	amy	g	(Z)V	setHasEntities
METHOD	amy	h	()[Lamz;	getBlockStorageArray
METHOD	amy	h	(Lcj;)Lcj;	getPrecipitationHeight
METHOD	amy	h	(Z)V	recheckGaps
METHOD	amy	i	()Z	isPopulated
METHOD	amy	i	(Lcj;)Lakw;	createNewTileEntity
METHOD	amy	j	()Ladg;	getChunkCoordIntPair
METHOD	amy	k	()[B	getBiomeArray
METHOD	amy	l	()V	resetRelightChecks
METHOD	amy	m	()V	enqueueRelightChecks
METHOD	amy	n	()V	func_150809_p
METHOD	amy	o	()Z	isLoaded
METHOD	amy	p	()Ladm;	getWorld
METHOD	amy	q	()[I	getHeightMap
METHOD	amy	r	()Ljava/util/Map;	getTileEntityMap
METHOD	amy	s	()[Lne;	getEntityLists
METHOD	amy	t	()Z	isTerrainPopulated
METHOD	amy	u	()Z	isLightPopulated
METHOD	amy	v	()I	getLowestHeight
METHOD	amy	w	()J	getInhabitedTime
METHOD	amy	y	()V	func_177441_y
METHOD	amz	a	()Z	isEmpty
METHOD	amz	a	(III)Lalz;	get
METHOD	amz	a	(IIII)V	setExtSkylightValue
METHOD	amz	a	(IIILalz;)V	set
METHOD	amz	a	(Lamw;)V	setBlocklightArray
METHOD	amz	a	([C)V	setData
METHOD	amz	b	()Z	getNeedsRandomTick
METHOD	amz	b	(III)Lafh;	getBlockByExtId
METHOD	amz	b	(IIII)V	setExtBlocklightValue
METHOD	amz	b	(Lamw;)V	setSkylightArray
METHOD	amz	c	(III)I	getExtBlockMetadata
METHOD	amz	d	()I	getYLocation
METHOD	amz	d	(III)I	getExtSkylightValue
METHOD	amz	e	()V	removeInvalidBlocks
METHOD	amz	e	(III)I	getExtBlocklightValue
METHOD	amz	g	()[C	getData
METHOD	amz	h	()Lamw;	getBlocklightArray
METHOD	amz	i	()Lamw;	getSkylightArray
METHOD	an	a	()I	getRequiredPermissionLevel
METHOD	an	a	(Lm;)Z	canCommandSenderUseCommand
METHOD	an	a	(Lm;[Ljava/lang/String;)V	processCommand
METHOD	an	a	(Lm;[Ljava/lang/String;Lcj;)Ljava/util/List;	addTabCompletionOptions
METHOD	an	c	()Ljava/lang/String;	getCommandName
METHOD	an	c	(Lm;)Ljava/lang/String;	getCommandUsage
METHOD	ana	a	(III)I	get
METHOD	and	a	()V	chunkTick
METHOD	and	a	(Ladm;II)Lamy;	loadChunk
METHOD	and	a	(Ladm;Lamy;)V	saveChunk
METHOD	and	b	()V	saveExtraData
METHOD	and	b	(Ladm;Lamy;)V	saveExtraChunkData
METHOD	ang	a	(Lang$a;Ldn;Laec;)V	convertToAnvilFormat
METHOD	ang	a	(Ldn;)Lang$a;	load
METHOD	anh$a	close	()V	close
METHOD	anh	a	(II)Ljava/io/DataInputStream;	getChunkDataInputStream
METHOD	anh	a	(III)V	setOffset
METHOD	anh	a	(II[BI)V	write
METHOD	anh	a	(I[BI)V	write
METHOD	anh	b	(II)Ljava/io/DataOutputStream;	getChunkDataOutputStream
METHOD	anh	b	(III)V	setChunkTimestamp
METHOD	anh	c	()V	close
METHOD	anh	c	(II)Z	isChunkSaved
METHOD	anh	d	(II)Z	outOfBounds
METHOD	anh	e	(II)I	getOffset
METHOD	ani	a	()V	clearRegionFileReferences
METHOD	ani	a	(Ljava/io/File;II)Lanh;	createOrLoadRegionFile
METHOD	ani	c	(Ljava/io/File;II)Ljava/io/DataInputStream;	getChunkInputStream
METHOD	ani	d	(Ljava/io/File;II)Ljava/io/DataOutputStream;	getChunkOutputStream
METHOD	anj	a	()V	chunkTick
METHOD	anj	a	(Ladg;Ldn;)V	addChunkToPending
METHOD	anj	a	(Ladm;II)Lamy;	loadChunk
METHOD	anj	a	(Ladm;IILdn;)Lamy;	checkedReadChunkFromNBT
METHOD	anj	a	(Ladm;Lamy;)V	saveChunk
METHOD	anj	a	(Ladm;Ldn;)Lamy;	readChunkFromNBT
METHOD	anj	a	(Lamy;Ladm;Ldn;)V	writeChunkToNBT
METHOD	anj	b	()V	saveExtraData
METHOD	anj	b	(Ladg;Ldn;)V	func_183013_b
METHOD	anj	b	(Ladm;Lamy;)V	saveExtraChunkData
METHOD	anj	c	()Z	writeNextIO
METHOD	anm	a	()V	generateLightBrightnessTable
METHOD	anm	a	(FF)[F	calcSunriseSunsetColors
METHOD	anm	a	(I)Lanm;	getProviderForDimension
METHOD	anm	a	(II)Z	canCoordinateBeSpawn
METHOD	anm	a	(J)I	getMoonPhase
METHOD	anm	a	(JF)F	calculateCelestialAngle
METHOD	anm	a	(Ladm;)V	registerWorld
METHOD	anm	b	()V	registerWorldChunkManager
METHOD	anm	b	(FF)Laui;	getFogColor
METHOD	anm	b	(II)Z	doesXZShowFog
METHOD	anm	c	()Lamv;	createChunkGenerator
METHOD	anm	d	()Z	isSurfaceWorld
METHOD	anm	e	()Z	canRespawnHere
METHOD	anm	f	()F	getCloudHeight
METHOD	anm	g	()Z	isSkyColored
METHOD	anm	h	()Lcj;	getSpawnCoordinate
METHOD	anm	i	()I	getAverageGroundLevel
METHOD	anm	j	()D	getVoidFogYFactor
METHOD	anm	k	()Ljava/lang/String;	getDimensionName
METHOD	anm	l	()Ljava/lang/String;	getInternalNameSuffix
METHOD	anm	m	()Laec;	getWorldChunkManager
METHOD	anm	n	()Z	doesWaterVaporize
METHOD	anm	o	()Z	getHasNoSky
METHOD	anm	p	()[F	getLightBrightnessTable
METHOD	anm	q	()I	getDimensionId
METHOD	anm	r	()Lams;	getWorldBorder
METHOD	ann$1	f	()D	getCenterX
METHOD	ann$1	g	()D	getCenterZ
METHOD	ann	a	()V	generateLightBrightnessTable
METHOD	ann	a	(II)Z	canCoordinateBeSpawn
METHOD	ann	a	(JF)F	calculateCelestialAngle
METHOD	ann	b	()V	registerWorldChunkManager
METHOD	ann	b	(FF)Laui;	getFogColor
METHOD	ann	b	(II)Z	doesXZShowFog
METHOD	ann	c	()Lamv;	createChunkGenerator
METHOD	ann	d	()Z	isSurfaceWorld
METHOD	ann	e	()Z	canRespawnHere
METHOD	ann	k	()Ljava/lang/String;	getDimensionName
METHOD	ann	l	()Ljava/lang/String;	getInternalNameSuffix
METHOD	ann	r	()Lams;	getWorldBorder
METHOD	ano	k	()Ljava/lang/String;	getDimensionName
METHOD	ano	l	()Ljava/lang/String;	getInternalNameSuffix
METHOD	anp	a	(FF)[F	calcSunriseSunsetColors
METHOD	anp	a	(II)Z	canCoordinateBeSpawn
METHOD	anp	a	(JF)F	calculateCelestialAngle
METHOD	anp	b	()V	registerWorldChunkManager
METHOD	anp	b	(FF)Laui;	getFogColor
METHOD	anp	b	(II)Z	doesXZShowFog
METHOD	anp	c	()Lamv;	createChunkGenerator
METHOD	anp	d	()Z	isSurfaceWorld
METHOD	anp	e	()Z	canRespawnHere
METHOD	anp	f	()F	getCloudHeight
METHOD	anp	g	()Z	isSkyColored
METHOD	anp	h	()Lcj;	getSpawnCoordinate
METHOD	anp	i	()I	getAverageGroundLevel
METHOD	anp	k	()Ljava/lang/String;	getDimensionName
METHOD	anp	l	()Ljava/lang/String;	getInternalNameSuffix
METHOD	anr	a	(JIILans;DDDFFFIID)V	func_180707_a
METHOD	anr	a	(Ladm;IIIILans;)V	recursiveGenerate
METHOD	ans	a	(I)Lalz;	getBlockState
METHOD	ans	a	(III)Lalz;	getBlockState
METHOD	ans	a	(IIILalz;)V	setBlockState
METHOD	ans	a	(ILalz;)V	setBlockState
METHOD	ant$a	a	()V	func_177863_a
METHOD	ant$a	a	(Ljava/lang/String;)Lant$a;	jsonToFactory
METHOD	ant$a	b	()Lant;	func_177864_b
METHOD	ant$a	equals	(Ljava/lang/Object;)Z	equals
METHOD	ant$a	hashCode	()I	hashCode
METHOD	ant$a	toString	()Ljava/lang/String;	toString
METHOD	ant$b	a	(Lant$a;Ljava/lang/reflect/Type;Lcom/google/gson/JsonSerializationContext;)Lcom/google/gson/JsonElement;	serialize
METHOD	ant$b	a	(Lcom/google/gson/JsonElement;Ljava/lang/reflect/Type;Lcom/google/gson/JsonDeserializationContext;)Lant$a;	deserialize
METHOD	ant$b	deserialize	(Lcom/google/gson/JsonElement;Ljava/lang/reflect/Type;Lcom/google/gson/JsonDeserializationContext;)Ljava/lang/Object;	deserialize
METHOD	ant$b	serialize	(Ljava/lang/Object;Ljava/lang/reflect/Type;Lcom/google/gson/JsonSerializationContext;)Lcom/google/gson/JsonElement;	serialize
METHOD	anu	a	(II)Z	chunkExists
METHOD	anu	a	(Ladm;Ljava/lang/String;Lcj;)Lcj;	getStrongholdGen
METHOD	anu	a	(Lamv;II)V	populate
METHOD	anu	a	(Lamv;Lamy;II)Z	populateChunk
METHOD	anu	a	(Lamy;II)V	recreateStructures
METHOD	anu	a	(Lcj;)Lamy;	provideChunk
METHOD	anu	a	(Lpt;Lcj;)Ljava/util/List;	getPossibleCreatures
METHOD	anu	a	(ZLnu;)Z	saveChunks
METHOD	anu	b	(II)Lalz;	func_177461_b
METHOD	anu	c	()V	saveExtraData
METHOD	anu	d	()Z	unloadQueuedChunks
METHOD	anu	d	(II)Lamy;	provideChunk
METHOD	anu	e	()Z	canSave
METHOD	anu	f	()Ljava/lang/String;	makeString
METHOD	anu	g	()I	getLoadedChunkCount
METHOD	anv	a	(II)Z	chunkExists
METHOD	anv	a	(Ladm;Ljava/lang/String;Lcj;)Lcj;	getStrongholdGen
METHOD	anv	a	(Lamv;II)V	populate
METHOD	anv	a	(Lamv;Lamy;II)Z	populateChunk
METHOD	anv	a	(Lamy;II)V	recreateStructures
METHOD	anv	a	(Lcj;)Lamy;	provideChunk
METHOD	anv	a	(Lpt;Lcj;)Ljava/util/List;	getPossibleCreatures
METHOD	anv	a	(ZLnu;)Z	saveChunks
METHOD	anv	c	()V	saveExtraData
METHOD	anv	d	()Z	unloadQueuedChunks
METHOD	anv	d	(II)Lamy;	provideChunk
METHOD	anv	e	()Z	canSave
METHOD	anv	f	()Ljava/lang/String;	makeString
METHOD	anv	g	()I	getLoadedChunkCount
METHOD	anw	a	(II)Z	chunkExists
METHOD	anw	a	(IILans;)V	func_180515_a
METHOD	anw	a	(Ladm;Ljava/lang/String;Lcj;)Lcj;	getStrongholdGen
METHOD	anw	a	(Lamv;II)V	populate
METHOD	anw	a	(Lamv;Lamy;II)Z	populateChunk
METHOD	anw	a	(Lamy;II)V	recreateStructures
METHOD	anw	a	(Lcj;)Lamy;	provideChunk
METHOD	anw	a	(Lpt;Lcj;)Ljava/util/List;	getPossibleCreatures
METHOD	anw	a	(ZLnu;)Z	saveChunks
METHOD	anw	a	([DIIIIII)[D	initializeNoiseField
METHOD	anw	b	(IILans;)V	func_180516_b
METHOD	anw	c	()V	saveExtraData
METHOD	anw	d	()Z	unloadQueuedChunks
METHOD	anw	d	(II)Lamy;	provideChunk
METHOD	anw	e	()Z	canSave
METHOD	anw	f	()Ljava/lang/String;	makeString
METHOD	anw	g	()I	getLoadedChunkCount
METHOD	anx	a	(JIILans;DDD)V	func_180703_a
METHOD	anx	a	(JIILans;DDDFFFIID)V	func_180702_a
METHOD	anx	a	(Ladm;IIIILans;)V	recursiveGenerate
METHOD	anx	a	(Lalz;Lalz;)Z	func_175793_a
METHOD	any	a	(Ladm;IIIILans;)V	recursiveGenerate
METHOD	any	a	(Lamv;Ladm;IILans;)V	generate
METHOD	anz	a	(JIILans;DDD)V	func_180705_a
METHOD	anz	a	(JIILans;DDDFFFIID)V	func_180704_a
METHOD	anz	a	(Ladm;IIIILans;)V	recursiveGenerate
METHOD	ao	a	()I	getRequiredPermissionLevel
METHOD	ao	a	(Lm;[Ljava/lang/String;)V	processCommand
METHOD	ao	c	()Ljava/lang/String;	getCommandName
METHOD	ao	c	(Lm;)Ljava/lang/String;	getCommandUsage
METHOD	aoa	a	(II)Z	chunkExists
METHOD	aoa	a	(III)V	func_147423_a
METHOD	aoa	a	(IILans;)V	setBlocksInChunk
METHOD	aoa	a	(IILans;[Lady;)V	replaceBlocksForBiome
METHOD	aoa	a	(Ladm;Ljava/lang/String;Lcj;)Lcj;	getStrongholdGen
METHOD	aoa	a	(Lamv;II)V	populate
METHOD	aoa	a	(Lamv;Lamy;II)Z	populateChunk
METHOD	aoa	a	(Lamy;II)V	recreateStructures
METHOD	aoa	a	(Lcj;)Lamy;	provideChunk
METHOD	aoa	a	(Lpt;Lcj;)Ljava/util/List;	getPossibleCreatures
METHOD	aoa	a	(ZLnu;)Z	saveChunks
METHOD	aoa	c	()V	saveExtraData
METHOD	aoa	d	()Z	unloadQueuedChunks
METHOD	aoa	d	(II)Lamy;	provideChunk
METHOD	aoa	e	()Z	canSave
METHOD	aoa	f	()Ljava/lang/String;	makeString
METHOD	aoa	g	()I	getLoadedChunkCount
METHOD	aob	a	(II)Z	chunkExists
METHOD	aob	a	(IILans;)V	func_180520_a
METHOD	aob	a	(Ladm;Ljava/lang/String;Lcj;)Lcj;	getStrongholdGen
METHOD	aob	a	(Lamv;II)V	populate
METHOD	aob	a	(Lamv;Lamy;II)Z	populateChunk
METHOD	aob	a	(Lamy;II)V	recreateStructures
METHOD	aob	a	(Lans;)V	func_180519_a
METHOD	aob	a	(Lcj;)Lamy;	provideChunk
METHOD	aob	a	(Lpt;Lcj;)Ljava/util/List;	getPossibleCreatures
METHOD	aob	a	(ZLnu;)Z	saveChunks
METHOD	aob	a	([DIIIIII)[D	initializeNoiseField
METHOD	aob	c	()V	saveExtraData
METHOD	aob	d	()Z	unloadQueuedChunks
METHOD	aob	d	(II)Lamy;	provideChunk
METHOD	aob	e	()Z	canSave
METHOD	aob	f	()Ljava/lang/String;	makeString
METHOD	aob	g	()I	getLoadedChunkCount
METHOD	aoh	a	(Ladm;Lcj;)V	func_175921_a
METHOD	aoh	a	(Ladm;Ljava/util/Random;Lcj;)V	func_180711_a
METHOD	aoh	a	(Lafh;)Z	func_150523_a
METHOD	aoi$a	q	()I	func_177999_q
METHOD	aoi	a	()V	generateLeafNodeList
METHOD	aoi	a	(I)F	layerSize
METHOD	aoi	a	(Lcj;)V	generateLeafNode
METHOD	aoi	a	(Lcj;FLalz;)V	func_181631_a
METHOD	aoi	a	(Lcj;Lcj;)I	checkBlockLine
METHOD	aoi	a	(Lcj;Lcj;Lafh;)V	func_175937_a
METHOD	aoi	b	()V	generateLeaves
METHOD	aoi	b	(I)F	leafSize
METHOD	aoi	b	(Ladm;Ljava/util/Random;Lcj;)Z	generate
METHOD	aoi	b	(Lcj;)I	getGreatestDistance
METHOD	aoi	b	(Lcj;Lcj;)Lahw$a;	func_175938_b
METHOD	aoi	c	()V	generateTrunk
METHOD	aoi	c	(I)Z	leafNodeNeedsBase
METHOD	aoi	d	()V	generateLeafNodeBases
METHOD	aoi	e	()V	func_175904_e
METHOD	aoi	f	()Z	validTreeLocation
METHOD	aoj	b	(Ladm;Ljava/util/Random;Lcj;)Z	generate
METHOD	aok	b	(Ladm;Ljava/util/Random;Lcj;)Z	generate
METHOD	aol	b	(Ladm;Ljava/util/Random;Lcj;)Z	generate
METHOD	aom	b	(Ladm;Ljava/util/Random;Lcj;)Z	generate
METHOD	aon	b	(Ladm;Ljava/util/Random;Lcj;)Z	generate
METHOD	aop	b	(Ladm;Ljava/util/Random;Lcj;)Z	generate
METHOD	aoq	b	(Ladm;Ljava/util/Random;Lcj;)Z	generate
METHOD	aor	b	(Ladm;Ljava/util/Random;Lcj;)Z	generate
METHOD	aos	a	(Lagi$b;)V	setPlantType
METHOD	aos	b	(Ladm;Ljava/util/Random;Lcj;)Z	generate
METHOD	aot	a	(Ladm;Lcj;Lalz;)V	setBlockAndNotifyAdequately
METHOD	aot	b	(Ladm;Ljava/util/Random;Lcj;)Z	generate
METHOD	aot	e	()V	func_175904_e
METHOD	aou	a	(Lagw;Lagw$a;)V	setGeneratedBlock
METHOD	aou	b	(Ladm;Ljava/util/Random;Lcj;)Z	generate
METHOD	aov	b	(Ladm;Ljava/util/Random;Lcj;)Z	generate
METHOD	aow	b	(Ladm;Ljava/util/Random;Lcj;)Z	generate
METHOD	aox	b	(Ladm;Ljava/util/Random;Lcj;)Z	generate
METHOD	aoy	b	(Ladm;Ljava/util/Random;Lcj;)Z	generate
METHOD	aoz	b	(Ladm;Ljava/util/Random;Lcj;)Z	generate
METHOD	ap	a	()I	getRequiredPermissionLevel
METHOD	ap	a	(Lm;[Ljava/lang/String;)V	processCommand
METHOD	ap	a	(Lm;[Ljava/lang/String;Lcj;)Ljava/util/List;	addTabCompletionOptions
METHOD	ap	b	()Ljava/util/List;	getCommandAliases
METHOD	ap	b	([Ljava/lang/String;I)Z	isUsernameIndex
METHOD	ap	c	()Ljava/lang/String;	getCommandName
METHOD	ap	c	(Lm;)Ljava/lang/String;	getCommandUsage
METHOD	apa	b	(Ladm;Ljava/util/Random;Lcj;)Z	generate
METHOD	apb	b	(Ladm;Ljava/util/Random;Lcj;)Z	generate
METHOD	apc	b	(Ladm;Ljava/util/Random;Lcj;)Z	generate
METHOD	apd	b	(Ladm;Ljava/util/Random;Lcj;)Z	generate
METHOD	ape	a	(Ladm;Ljava/util/Random;Lcj;Lamk;)V	func_181632_a
METHOD	ape	b	(Ladm;Ljava/util/Random;Lcj;)Z	generate
METHOD	ape	c	(Ladm;Lcj;I)V	func_175930_c
METHOD	apf	a	(Ladm;IIIILjava/util/Random;)V	func_150541_c
METHOD	apf	a	(Ladm;Ljava/util/Random;Lcj;)V	func_180711_a
METHOD	apf	b	(Ladm;Lcj;)V	func_175933_b
METHOD	apf	b	(Ladm;Ljava/util/Random;Lcj;)Z	generate
METHOD	apf	c	(Ladm;Lcj;)V	func_175934_c
METHOD	apg	a	(Ladm;Lcj;I)V	func_175925_a
METHOD	apg	a	(Ladm;Ljava/util/Random;Lcj;I)Z	func_175929_a
METHOD	apg	a	(Lcj;Ladm;)Z	func_175927_a
METHOD	apg	a	(Ljava/util/Random;)I	func_150533_a
METHOD	apg	b	(Ladm;Lcj;I)V	func_175928_b
METHOD	apg	c	(Ladm;Lcj;I)Z	func_175926_c
METHOD	aph	b	(Ladm;Ljava/util/Random;Lcj;)Z	generate
METHOD	api	a	(Ljava/util/Random;)Ljava/lang/String;	pickMobSpawner
METHOD	api	b	(Ladm;Ljava/util/Random;Lcj;)Z	generate
METHOD	apj	b	(Ladm;Ljava/util/Random;Lcj;)Z	generate
METHOD	apk	b	(Ladm;Ljava/util/Random;Lcj;)Z	generate
METHOD	apl	b	(Ladm;Ljava/util/Random;Lcj;)Z	generate
METHOD	apm	b	(Ladm;Ljava/util/Random;Lcj;)Z	generate
METHOD	apn	a	(Ladm;III)V	func_150526_a
METHOD	apn	a	(Ladm;Lcj;I)Z	func_181638_a
METHOD	apn	b	(Ladm;Lcj;)V	func_181639_b
METHOD	apn	b	(Ladm;Ljava/util/Random;Lcj;)Z	generate
METHOD	apo	b	(Ladm;Ljava/util/Random;Lcj;)Z	generate
METHOD	app	b	(Ladm;Lcj;)V	func_181642_b
METHOD	app	b	(Ladm;Ljava/util/Random;Lcj;)Z	generate
METHOD	app	c	(Ladm;Lcj;)V	func_175924_b
METHOD	apq	b	(Ladm;Ljava/util/Random;Lcj;)Z	generate
METHOD	apr	b	(Ladm;Ljava/util/Random;Lcj;)Z	generate
METHOD	aps	b	(Ladm;Ljava/util/Random;Lcj;)Z	generate
METHOD	apt	a	(Ladm;Lcj;Lamk;)V	func_181647_a
METHOD	apt	b	(Ladm;Ljava/util/Random;Lcj;)Z	generate
METHOD	apu	b	(Ladm;Ljava/util/Random;Lcj;)Z	generate
METHOD	apv	a	(Ladm;ILcj;Lcq;)V	func_181652_a
METHOD	apv	a	(Ladm;Lcj;Lamk;)V	func_181651_a
METHOD	apv	b	(Ladm;Lcj;Lamk;)V	func_181650_b
METHOD	apv	b	(Ladm;Ljava/util/Random;Lcj;)Z	generate
METHOD	apw	b	(Ladm;Ljava/util/Random;Lcj;)Z	generate
METHOD	apx	b	(Ladm;Ljava/util/Random;Lcj;)Z	generate
METHOD	apz	a	()I	getBiome
METHOD	apz	a	(I)V	setBiome
METHOD	apz	a	(ILjava/lang/String;)Ljava/util/List;	func_180716_a
METHOD	apz	a	(ILjava/lang/String;I)Laqa;	func_180715_a
METHOD	apz	a	(Ljava/lang/String;)Lapz;	createFlatGeneratorFromString
METHOD	apz	b	()Ljava/util/Map;	getWorldFeatures
METHOD	apz	c	()Ljava/util/List;	getFlatLayers
METHOD	apz	d	()V	func_82645_d
METHOD	apz	e	()Lapz;	getDefaultFlatGenerator
METHOD	apz	toString	()Ljava/lang/String;	toString
METHOD	aq	a	()I	getRequiredPermissionLevel
METHOD	aq	a	(Lm;[Ljava/lang/String;)V	processCommand
METHOD	aq	a	(Lm;[Ljava/lang/String;Lcj;)Ljava/util/List;	addTabCompletionOptions
METHOD	aq	b	([Ljava/lang/String;I)Z	isUsernameIndex
METHOD	aq	c	()Ljava/lang/String;	getCommandName
METHOD	aq	c	(Lm;)Ljava/lang/String;	getCommandUsage
METHOD	aqa	b	()I	getLayerCount
METHOD	aqa	b	(I)V	setMinY
METHOD	aqa	c	()Lalz;	getLayerMaterial
METHOD	aqa	d	()I	getMinY
METHOD	aqa	e	()Lafh;	getLayerMaterialBlock
METHOD	aqa	f	()I	getFillBlockMeta
METHOD	aqa	toString	()Ljava/lang/String;	toString
METHOD	aqe	a	()Laqe;	getNewBoundingBox
METHOD	aqe	a	(III)V	offset
METHOD	aqe	a	(IIII)Z	intersectsWith
METHOD	aqe	a	(IIIIII)Laqe;	func_175899_a
METHOD	aqe	a	(IIIIIIIIILcq;)Laqe;	getComponentToAddBoundingBox
METHOD	aqe	a	(Laqe;)Z	intersectsWith
METHOD	aqe	b	()Ldf;	func_175896_b
METHOD	aqe	b	(Laqe;)V	expandTo
METHOD	aqe	b	(Ldf;)Z	isVecInside
METHOD	aqe	c	()I	getXSize
METHOD	aqe	d	()I	getYSize
METHOD	aqe	e	()I	getZSize
METHOD	aqe	f	()Ldf;	getCenter
METHOD	aqe	g	()Lds;	toNBTTagIntArray
METHOD	aqe	toString	()Ljava/lang/String;	toString
METHOD	aqf	a	()Ljava/lang/String;	getStructureName
METHOD	aqf	a	(II)Z	canSpawnStructureAtCoords
METHOD	aqf	b	(II)Laqu;	getStructureStart
METHOD	aqg$a	a	(Ladm;Laqe;Ljava/util/Random;IIILjava/util/List;I)Z	generateChestContents
METHOD	aqg$a	a	(Ladm;Ljava/util/Random;Laqe;)Z	addComponentParts
METHOD	aqg$a	a	(Laqt;Ljava/util/List;Ljava/util/Random;)V	buildComponent
METHOD	aqg$a	a	(Ldn;)V	writeStructureToNBT
METHOD	aqg$a	a	(Ljava/util/List;Ljava/util/Random;IIILcq;)Laqe;	func_175814_a
METHOD	aqg$a	b	(Ldn;)V	readStructureFromNBT
METHOD	aqg$b	a	(Ladm;Ljava/util/Random;Laqe;)Z	addComponentParts
METHOD	aqg$b	a	(Laqt;Ljava/util/List;Ljava/util/Random;)V	buildComponent
METHOD	aqg$b	a	(Ldn;)V	writeStructureToNBT
METHOD	aqg$b	a	(Ljava/util/List;Ljava/util/Random;IIILcq;)Laqe;	func_175813_a
METHOD	aqg$b	b	(Ldn;)V	readStructureFromNBT
METHOD	aqg$c	a	(III)V	func_181138_a
METHOD	aqg$c	a	(Ladm;Ljava/util/Random;Laqe;)Z	addComponentParts
METHOD	aqg$c	a	(Laqt;Ljava/util/List;Ljava/util/Random;)V	buildComponent
METHOD	aqg$c	a	(Ldn;)V	writeStructureToNBT
METHOD	aqg$c	b	(Ldn;)V	readStructureFromNBT
METHOD	aqg$d	a	(Ladm;Ljava/util/Random;Laqe;)Z	addComponentParts
METHOD	aqg$d	a	(Laqt;Ljava/util/List;Ljava/util/Random;)V	buildComponent
METHOD	aqg$d	a	(Ldn;)V	writeStructureToNBT
METHOD	aqg$d	a	(Ljava/util/List;Ljava/util/Random;IIILcq;)Laqe;	func_175812_a
METHOD	aqg$d	b	(Ldn;)V	readStructureFromNBT
METHOD	aqg	a	()V	registerStructurePieces
METHOD	aqg	a	(Laqt;Ljava/util/List;Ljava/util/Random;IIILcq;I)Laqt;	access$000
METHOD	aqg	a	(Ljava/util/List;Ljava/util/Random;IIILcq;I)Laqt;	func_175892_a
METHOD	aqg	b	()Ljava/util/List;	access$100
METHOD	aqg	b	(Laqt;Ljava/util/List;Ljava/util/Random;IIILcq;I)Laqt;	func_175890_b
METHOD	aqi	a	()Ljava/lang/String;	getStructureName
METHOD	aqi	a	(II)Z	canSpawnStructureAtCoords
METHOD	aqi	b	()Ljava/util/List;	getSpawnList
METHOD	aqi	b	(II)Laqu;	getStructureStart
METHOD	aqj$a	a	(Ladm;Ljava/util/Random;Laqe;)Z	addComponentParts
METHOD	aqj$a	a	(Laqt;Ljava/util/List;Ljava/util/Random;)V	buildComponent
METHOD	aqj$a	a	(Ljava/util/List;Ljava/util/Random;IIILcq;I)Laqj$a;	func_175885_a
METHOD	aqj$b	a	(Ladm;Ljava/util/Random;Laqe;)Z	addComponentParts
METHOD	aqj$b	a	(Ldn;)V	writeStructureToNBT
METHOD	aqj$b	a	(Ljava/util/List;Ljava/util/Random;IIILcq;I)Laqj$b;	func_175884_a
METHOD	aqj$b	b	(Ldn;)V	readStructureFromNBT
METHOD	aqj$c	a	(Ladm;Ljava/util/Random;Laqe;)Z	addComponentParts
METHOD	aqj$c	a	(Laqt;Ljava/util/List;Ljava/util/Random;)V	buildComponent
METHOD	aqj$c	a	(Ljava/util/List;Ljava/util/Random;IIILcq;I)Laqj$c;	func_175882_a
METHOD	aqj$d	a	(Ladm;Ljava/util/Random;Laqe;)Z	addComponentParts
METHOD	aqj$d	a	(Laqt;Ljava/util/List;Ljava/util/Random;)V	buildComponent
METHOD	aqj$d	a	(Ljava/util/List;Ljava/util/Random;IIILcq;I)Laqj$d;	func_175883_a
METHOD	aqj$e	a	(Ladm;Ljava/util/Random;Laqe;)Z	addComponentParts
METHOD	aqj$e	a	(Laqt;Ljava/util/List;Ljava/util/Random;)V	buildComponent
METHOD	aqj$e	a	(Ljava/util/List;Ljava/util/Random;IIILcq;I)Laqj$e;	func_175880_a
METHOD	aqj$f	a	(Ladm;Ljava/util/Random;Laqe;)Z	addComponentParts
METHOD	aqj$f	a	(Laqt;Ljava/util/List;Ljava/util/Random;)V	buildComponent
METHOD	aqj$f	a	(Ljava/util/List;Ljava/util/Random;IIILcq;I)Laqj$f;	func_175881_a
METHOD	aqj$g	a	(Ladm;Ljava/util/Random;Laqe;)Z	addComponentParts
METHOD	aqj$g	a	(Laqt;Ljava/util/List;Ljava/util/Random;)V	buildComponent
METHOD	aqj$g	a	(Ljava/util/List;Ljava/util/Random;IIILcq;I)Laqj$g;	func_175878_a
METHOD	aqj$h	a	(Ladm;Ljava/util/Random;Laqe;)Z	addComponentParts
METHOD	aqj$h	a	(Laqt;Ljava/util/List;Ljava/util/Random;)V	buildComponent
METHOD	aqj$h	a	(Ldn;)V	writeStructureToNBT
METHOD	aqj$h	a	(Ljava/util/List;Ljava/util/Random;IIILcq;I)Laqj$h;	func_175879_a
METHOD	aqj$h	b	(Ldn;)V	readStructureFromNBT
METHOD	aqj$i	a	(Ladm;Ljava/util/Random;Laqe;)Z	addComponentParts
METHOD	aqj$i	a	(Laqt;Ljava/util/List;Ljava/util/Random;)V	buildComponent
METHOD	aqj$i	a	(Ljava/util/List;Ljava/util/Random;IIILcq;I)Laqj$i;	func_175877_a
METHOD	aqj$j	a	(Ladm;Ljava/util/Random;Laqe;)Z	addComponentParts
METHOD	aqj$j	a	(Laqt;Ljava/util/List;Ljava/util/Random;)V	buildComponent
METHOD	aqj$j	a	(Ldn;)V	writeStructureToNBT
METHOD	aqj$j	a	(Ljava/util/List;Ljava/util/Random;IIILcq;I)Laqj$j;	func_175876_a
METHOD	aqj$j	b	(Ldn;)V	readStructureFromNBT
METHOD	aqj$k	a	(Ladm;Ljava/util/Random;Laqe;)Z	addComponentParts
METHOD	aqj$k	a	(Laqt;Ljava/util/List;Ljava/util/Random;)V	buildComponent
METHOD	aqj$k	a	(Ljava/util/List;Ljava/util/Random;IIILcq;I)Laqj$k;	func_175875_a
METHOD	aqj$l	a	(Ladm;Ljava/util/Random;Laqe;)Z	addComponentParts
METHOD	aqj$l	a	(Ldn;)V	writeStructureToNBT
METHOD	aqj$l	a	(Ljava/util/List;Ljava/util/Random;IIIILcq;)Laqj$l;	func_175874_a
METHOD	aqj$l	b	(Ldn;)V	readStructureFromNBT
METHOD	aqj$m	a	(Laqe;)Z	isAboveGround
METHOD	aqj$m	a	(Laqj$q;Ljava/util/List;Ljava/util/List;Ljava/util/Random;IIILcq;I)Laqj$m;	func_175871_a
METHOD	aqj$m	a	(Laqj$q;Ljava/util/List;Ljava/util/Random;IIILcq;IZ)Laqt;	func_175870_a
METHOD	aqj$m	a	(Laqj$q;Ljava/util/List;Ljava/util/Random;IIZ)Laqt;	getNextComponentNormal
METHOD	aqj$m	a	(Ldn;)V	writeStructureToNBT
METHOD	aqj$m	a	(Ljava/util/List;)I	getTotalWeight
METHOD	aqj$m	b	(Laqj$q;Ljava/util/List;Ljava/util/Random;IIZ)Laqt;	getNextComponentX
METHOD	aqj$m	b	(Ldn;)V	readStructureFromNBT
METHOD	aqj$m	c	(Laqj$q;Ljava/util/List;Ljava/util/Random;IIZ)Laqt;	getNextComponentZ
METHOD	aqj$n	a	()Z	func_78823_a
METHOD	aqj$n	a	(I)Z	func_78822_a
METHOD	aqj$o	a	(Ladm;Ljava/util/Random;Laqe;)Z	addComponentParts
METHOD	aqj$o	a	(Laqt;Ljava/util/List;Ljava/util/Random;)V	buildComponent
METHOD	aqj$o	a	(Ljava/util/List;Ljava/util/Random;IIILcq;I)Laqj$o;	func_175873_a
METHOD	aqj$p	a	(Ladm;Ljava/util/Random;Laqe;)Z	addComponentParts
METHOD	aqj$p	a	(Laqt;Ljava/util/List;Ljava/util/Random;)V	buildComponent
METHOD	aqj$p	a	(Ljava/util/List;Ljava/util/Random;IIIILcq;)Laqj$p;	func_175872_a
METHOD	aqj$q	a	(Ldn;)V	writeStructureToNBT
METHOD	aqj$q	b	(Ldn;)V	readStructureFromNBT
METHOD	aqj	a	()V	registerNetherFortressPieces
METHOD	aqj	a	(Laqj$n;Ljava/util/List;Ljava/util/Random;IIILcq;I)Laqj$m;	access$000
METHOD	aqj	b	()[Laqj$n;	access$100
METHOD	aqj	b	(Laqj$n;Ljava/util/List;Ljava/util/Random;IIILcq;I)Laqj$m;	func_175887_b
METHOD	aqj	c	()[Laqj$n;	access$200
METHOD	aqk$a	a	(Ladg;)Z	func_175788_a
METHOD	aqk$a	a	(Ladm;Ljava/util/Random;Laqe;)V	generateStructure
METHOD	aqk$a	a	(Ldn;)V	writeToNBT
METHOD	aqk$a	b	(Ladg;)V	func_175787_b
METHOD	aqk$a	b	(Ladm;Ljava/util/Random;II)V	func_175789_b
METHOD	aqk$a	b	(Ldn;)V	readFromNBT
METHOD	aqk	a	()Ljava/lang/String;	getStructureName
METHOD	aqk	a	(II)Z	canSpawnStructureAtCoords
METHOD	aqk	b	()Ljava/util/List;	getScatteredFeatureSpawnList
METHOD	aqk	b	(II)Laqu;	getStructureStart
METHOD	aql$a	a	(Laql$v;)Z	func_175969_a
METHOD	aql$a	a	(Lcq;Laql$v;Ljava/util/Random;)Laql$r;	func_175968_a
METHOD	aql$b	a	(Laql$v;)Z	func_175969_a
METHOD	aql$b	a	(Lcq;Laql$v;Ljava/util/Random;)Laql$r;	func_175968_a
METHOD	aql$c	a	(Laql$v;)Z	func_175969_a
METHOD	aql$c	a	(Lcq;Laql$v;Ljava/util/Random;)Laql$r;	func_175968_a
METHOD	aql$d	a	(Laql$v;)Z	func_175969_a
METHOD	aql$d	a	(Lcq;Laql$v;Ljava/util/Random;)Laql$r;	func_175968_a
METHOD	aql$e	a	(Laql$v;)Z	func_175969_a
METHOD	aql$e	a	(Lcq;Laql$v;Ljava/util/Random;)Laql$r;	func_175968_a
METHOD	aql$f	a	(Laql$v;)Z	func_175969_a
METHOD	aql$f	a	(Lcq;Laql$v;Ljava/util/Random;)Laql$r;	func_175968_a
METHOD	aql$g	a	(Laql$v;)Z	func_175969_a
METHOD	aql$g	a	(Lcq;Laql$v;Ljava/util/Random;)Laql$r;	func_175968_a
METHOD	aql$h	a	(Ladm;Ljava/util/Random;Laqe;)Z	addComponentParts
METHOD	aql$h	a	(Ljava/util/Random;)Ljava/util/List;	func_175836_a
METHOD	aql$h	a	(ZILadm;Ljava/util/Random;Laqe;)V	func_175840_a
METHOD	aql$h	b	(Ladm;Ljava/util/Random;Laqe;)V	func_175839_b
METHOD	aql$h	c	(Ladm;Ljava/util/Random;Laqe;)V	func_175837_c
METHOD	aql$h	d	(Ladm;Ljava/util/Random;Laqe;)V	func_175841_d
METHOD	aql$h	e	(Ladm;Ljava/util/Random;Laqe;)V	func_175835_e
METHOD	aql$h	f	(Ladm;Ljava/util/Random;Laqe;)V	func_175842_f
METHOD	aql$h	g	(Ladm;Ljava/util/Random;Laqe;)V	func_175838_g
METHOD	aql$i	a	(Laql$v;)Z	func_175969_a
METHOD	aql$i	a	(Lcq;Laql$v;Ljava/util/Random;)Laql$r;	func_175968_a
METHOD	aql$j	a	(Ladm;Ljava/util/Random;Laqe;)Z	addComponentParts
METHOD	aql$k	a	(Ladm;Ljava/util/Random;Laqe;)Z	addComponentParts
METHOD	aql$l	a	(Ladm;Ljava/util/Random;Laqe;)Z	addComponentParts
METHOD	aql$m	a	(Ladm;Ljava/util/Random;Laqe;)Z	addComponentParts
METHOD	aql$n	a	(Ladm;Ljava/util/Random;Laqe;)Z	addComponentParts
METHOD	aql$o	a	(Ladm;Ljava/util/Random;Laqe;)Z	addComponentParts
METHOD	aql$p	a	(Ladm;Ljava/util/Random;Laqe;)Z	addComponentParts
METHOD	aql$q	a	(Ladm;Ljava/util/Random;Laqe;)Z	addComponentParts
METHOD	aql$r	a	(Ladm;Laqe;III)Z	func_175817_a
METHOD	aql$r	a	(Ladm;Laqe;IIIIIILalz;)V	func_175819_a
METHOD	aql$r	a	(Ladm;Laqe;IIIIIIZ)V	func_181655_a
METHOD	aql$r	a	(Ladm;Laqe;IIZ)V	func_175821_a
METHOD	aql$r	a	(Laqe;IIII)Z	func_175818_a
METHOD	aql$r	a	(Ldn;)V	writeStructureToNBT
METHOD	aql$r	b	(III)I	func_175820_a
METHOD	aql$r	b	(Ldn;)V	readStructureFromNBT
METHOD	aql$s	a	(Ladm;Ljava/util/Random;Laqe;)Z	addComponentParts
METHOD	aql$t	a	(Ladm;Ljava/util/Random;Laqe;)Z	addComponentParts
METHOD	aql$u	a	(Ladm;Ljava/util/Random;Laqe;)Z	addComponentParts
METHOD	aql$v	a	()V	func_175958_a
METHOD	aql$v	a	(I)Z	func_175959_a
METHOD	aql$v	a	(Lcq;Laql$v;)V	func_175957_a
METHOD	aql$v	b	()Z	func_175961_b
METHOD	aql$v	c	()I	func_175960_c
METHOD	aql	a	()V	registerOceanMonumentPieces
METHOD	aqm	a	()Ljava/lang/String;	getStructureName
METHOD	aqm	a	(II)Z	canSpawnStructureAtCoords
METHOD	aqm	a	(Lcj;)Z	func_175798_a
METHOD	aqm	b	()Ljava/util/List;	getScatteredFeatureSpawnList
METHOD	aqm	b	(II)Laqu;	getStructureStart
METHOD	aqn$a	a	(Ladm;Ljava/util/Random;Laqe;)Z	addComponentParts
METHOD	aqn$a	a	(Ldn;)V	writeStructureToNBT
METHOD	aqn$a	b	(Ldn;)V	readStructureFromNBT
METHOD	aqn$b$a	a	(Ljava/util/Random;IIIZ)V	selectBlocks
METHOD	aqn$b	a	(Ladm;Ljava/util/Random;Laqe;)Z	addComponentParts
METHOD	aqn$b	a	(Ldn;)V	writeStructureToNBT
METHOD	aqn$b	b	(Ldn;)V	readStructureFromNBT
METHOD	aqn$c	a	(Ladm;Laqe;I)Z	func_74935_a
METHOD	aqn$c	a	(Ldn;)V	writeStructureToNBT
METHOD	aqn$c	b	(Ldn;)V	readStructureFromNBT
METHOD	aqn$d	a	(Ladm;Ljava/util/Random;Laqe;)Z	addComponentParts
METHOD	aqn$d	a	(Ldn;)V	writeStructureToNBT
METHOD	aqn$d	b	(Ldn;)V	readStructureFromNBT
METHOD	aqn	a	()V	registerScatteredFeaturePieces
METHOD	aqo	a	()Ljava/lang/String;	getStructureName
METHOD	aqo	a	(II)Z	canSpawnStructureAtCoords
METHOD	aqo	b	(II)Laqu;	getStructureStart
METHOD	aqo	z_	()Ljava/util/List;	getCoordList
METHOD	aqp$1	a	(I)Z	canSpawnMoreStructuresOfType
METHOD	aqp$2	a	(I)Z	canSpawnMoreStructuresOfType
METHOD	aqp$a	a	(Ladm;Ljava/util/Random;Laqe;)Z	addComponentParts
METHOD	aqp$a	a	(Laqt;Ljava/util/List;Ljava/util/Random;)V	buildComponent
METHOD	aqp$a	a	(Ldn;)V	writeStructureToNBT
METHOD	aqp$a	a	(Ljava/util/List;Ljava/util/Random;IIILcq;I)Laqp$a;	func_175868_a
METHOD	aqp$a	b	(Ldn;)V	readStructureFromNBT
METHOD	aqp$b	a	(Ladm;Ljava/util/Random;Laqe;)Z	addComponentParts
METHOD	aqp$b	a	(Ldn;)V	writeStructureToNBT
METHOD	aqp$b	a	(Ljava/util/List;Ljava/util/Random;IIILcq;)Laqe;	func_175869_a
METHOD	aqp$b	b	(Ldn;)V	readStructureFromNBT
METHOD	aqp$c	a	(Ladm;Ljava/util/Random;Laqe;)Z	addComponentParts
METHOD	aqp$c	a	(Laqt;Ljava/util/List;Ljava/util/Random;)V	buildComponent
METHOD	aqp$c	a	(Ldn;)V	writeStructureToNBT
METHOD	aqp$c	a	(Ljava/util/List;Ljava/util/Random;IIILcq;I)Laqp$c;	func_175866_a
METHOD	aqp$c	b	(Ldn;)V	readStructureFromNBT
METHOD	aqp$d	a	(Ladm;Ljava/util/Random;Laqe;)Z	addComponentParts
METHOD	aqp$d	a	(Laqt;Ljava/util/List;Ljava/util/Random;)V	buildComponent
METHOD	aqp$d	a	(Ljava/util/List;Ljava/util/Random;IIILcq;I)Laqp$d;	func_175867_a
METHOD	aqp$e	a	(Ladm;Ljava/util/Random;Laqe;)Z	addComponentParts
METHOD	aqp$e	a	(Ldn;)V	writeStructureToNBT
METHOD	aqp$e	a	(Ljava/util/List;Ljava/util/Random;IIILcq;I)Laqp$e;	func_175864_a
METHOD	aqp$e	b	(Ldn;)V	readStructureFromNBT
METHOD	aqp$f	a	()Z	canSpawnMoreStructures
METHOD	aqp$f	a	(I)Z	canSpawnMoreStructuresOfType
METHOD	aqp$g	a	(Ladm;Ljava/util/Random;Laqe;)Z	addComponentParts
METHOD	aqp$g	a	(Laqt;Ljava/util/List;Ljava/util/Random;)V	buildComponent
METHOD	aqp$g	a	(Ldn;)V	writeStructureToNBT
METHOD	aqp$g	a	(Ljava/util/List;Ljava/util/Random;IIILcq;I)Laqp$g;	func_175865_a
METHOD	aqp$g	b	(Ldn;)V	readStructureFromNBT
METHOD	aqp$h	a	(Ladm;Ljava/util/Random;Laqe;)Z	addComponentParts
METHOD	aqp$h	a	(Laqt;Ljava/util/List;Ljava/util/Random;)V	buildComponent
METHOD	aqp$h	a	(Ljava/util/List;Ljava/util/Random;IIILcq;I)Laqp$h;	func_175860_a
METHOD	aqp$i	a	(Ladm;Ljava/util/Random;Laqe;)Z	addComponentParts
METHOD	aqp$i	a	(Laqt;Ljava/util/List;Ljava/util/Random;)V	buildComponent
METHOD	aqp$j	a	(Ladm;Ljava/util/Random;Laqe;)Z	addComponentParts
METHOD	aqp$j	a	(Laqt;Ljava/util/List;Ljava/util/Random;)V	buildComponent
METHOD	aqp$j	a	(Ldn;)V	writeStructureToNBT
METHOD	aqp$j	a	(Ljava/util/List;Ljava/util/Random;IIILcq;I)Laqp$j;	func_175859_a
METHOD	aqp$j	b	(Ldn;)V	readStructureFromNBT
METHOD	aqp$k	a	(Ljava/util/Random;IIIZ)V	selectBlocks
METHOD	aqp$l	a	(Ladm;Ljava/util/Random;Laqe;)Z	addComponentParts
METHOD	aqp$l	a	(Laqt;Ljava/util/List;Ljava/util/Random;)V	buildComponent
METHOD	aqp$l	a	(Ldn;)V	writeStructureToNBT
METHOD	aqp$l	a	(Ljava/util/List;Ljava/util/Random;IIILcq;I)Laqp$l;	func_175863_a
METHOD	aqp$l	b	(Ldn;)V	readStructureFromNBT
METHOD	aqp$m	a	()Lcj;	getBoundingBoxCenter
METHOD	aqp$n	a	(Ladm;Ljava/util/Random;Laqe;)Z	addComponentParts
METHOD	aqp$n	a	(Laqt;Ljava/util/List;Ljava/util/Random;)V	buildComponent
METHOD	aqp$n	a	(Ldn;)V	writeStructureToNBT
METHOD	aqp$n	a	(Ljava/util/List;Ljava/util/Random;IIILcq;I)Laqp$n;	func_175862_a
METHOD	aqp$n	b	(Ldn;)V	readStructureFromNBT
METHOD	aqp$o	a	(Ladm;Ljava/util/Random;Laqe;)Z	addComponentParts
METHOD	aqp$o	a	(Laqt;Ljava/util/List;Ljava/util/Random;)V	buildComponent
METHOD	aqp$o	a	(Ljava/util/List;Ljava/util/Random;IIILcq;I)Laqp$o;	func_175861_a
METHOD	aqp$p$a	valueOf	(Ljava/lang/String;)Laqp$p$a;	valueOf
METHOD	aqp$p$a	values	()[Laqp$p$a;	values
METHOD	aqp$p	a	(Ladm;Ljava/util/Random;Laqe;Laqp$p$a;III)V	placeDoor
METHOD	aqp$p	a	(Laqe;)Z	canStrongholdGoDeeper
METHOD	aqp$p	a	(Laqp$m;Ljava/util/List;Ljava/util/Random;II)Laqt;	getNextComponentNormal
METHOD	aqp$p	a	(Ldn;)V	writeStructureToNBT
METHOD	aqp$p	a	(Ljava/util/Random;)Laqp$p$a;	getRandomDoor
METHOD	aqp$p	b	(Laqp$m;Ljava/util/List;Ljava/util/Random;II)Laqt;	getNextComponentX
METHOD	aqp$p	b	(Ldn;)V	readStructureFromNBT
METHOD	aqp$p	c	(Laqp$m;Ljava/util/List;Ljava/util/Random;II)Laqt;	getNextComponentZ
METHOD	aqp	a	()V	registerStrongholdPieces
METHOD	aqp	a	(Laqp$m;Ljava/util/List;Ljava/util/Random;IIILcq;I)Laqt;	access$000
METHOD	aqp	a	(Ljava/lang/Class;)Ljava/lang/Class;	access$102
METHOD	aqp	a	(Ljava/lang/Class;Ljava/util/List;Ljava/util/Random;IIILcq;I)Laqp$p;	func_175954_a
METHOD	aqp	b	()V	prepareStructurePieces
METHOD	aqp	b	(Laqp$m;Ljava/util/List;Ljava/util/Random;IIILcq;I)Laqp$p;	func_175955_b
METHOD	aqp	c	()Laqp$k;	access$200
METHOD	aqp	c	(Laqp$m;Ljava/util/List;Ljava/util/Random;IIILcq;I)Laqt;	func_175953_c
METHOD	aqp	d	()Z	canAddStructurePieces
METHOD	aqq$1	a	()Ljava/lang/String;	call
METHOD	aqq$1	call	()Ljava/lang/Object;	call
METHOD	aqq$2	a	()Ljava/lang/String;	call
METHOD	aqq$2	call	()Ljava/lang/Object;	call
METHOD	aqq$3	a	()Ljava/lang/String;	call
METHOD	aqq$3	call	()Ljava/lang/Object;	call
METHOD	aqq	a	()Ljava/lang/String;	getStructureName
METHOD	aqq	a	(II)Z	canSpawnStructureAtCoords
METHOD	aqq	a	(IILaqu;)V	setStructureStart
METHOD	aqq	a	(Ladm;)V	initializeStructureData
METHOD	aqq	a	(Ladm;IIIILans;)V	recursiveGenerate
METHOD	aqq	a	(Ladm;Lcj;)Z	isPositionInStructure
METHOD	aqq	a	(Ladm;Ljava/util/Random;Ladg;)Z	generateStructure
METHOD	aqq	b	(II)Laqu;	getStructureStart
METHOD	aqq	b	(Ladm;Lcj;)Lcj;	getClosestStrongholdPos
METHOD	aqq	b	(Lcj;)Z	func_175795_b
METHOD	aqq	c	(Lcj;)Laqu;	func_175797_c
METHOD	aqq	z_	()Ljava/util/List;	getCoordList
METHOD	aqr	a	(Laqt;)Ljava/lang/String;	getStructureComponentName
METHOD	aqr	a	(Laqu;)Ljava/lang/String;	getStructureStartName
METHOD	aqr	a	(Ldn;Ladm;)Laqu;	getStructureStart
METHOD	aqr	a	(Ljava/lang/Class;Ljava/lang/String;)V	registerStructureComponent
METHOD	aqr	b	(Ldn;Ladm;)Laqt;	getStructureComponent
METHOD	aqr	b	(Ljava/lang/Class;Ljava/lang/String;)V	registerStructure
METHOD	aqs	a	()Ldn;	getTagCompound
METHOD	aqs	a	(Ldn;)V	readFromNBT
METHOD	aqs	a	(Ldn;II)V	writeInstance
METHOD	aqs	b	(II)Ljava/lang/String;	formatChunkCoords
METHOD	aqs	b	(Ldn;)V	writeToNBT
METHOD	aqt$a	a	()Lalz;	getBlockState
METHOD	aqt$a	a	(Ljava/util/Random;IIIZ)V	selectBlocks
METHOD	aqt	a	()Lcj;	getBoundingBoxCenter
METHOD	aqt	a	(II)I	getXWithOffset
METHOD	aqt	a	(III)V	func_181138_a
METHOD	aqt	a	(Ladm;IIILaqe;)Lalz;	getBlockStateFromPos
METHOD	aqt	a	(Ladm;Lalz;IIILaqe;)V	setBlockState
METHOD	aqt	a	(Ladm;Laqe;)Z	isLiquidInStructureBoundingBox
METHOD	aqt	a	(Ladm;Laqe;IIIIII)V	fillWithAir
METHOD	aqt	a	(Ladm;Laqe;IIIIIILalz;Lalz;Z)V	fillWithBlocks
METHOD	aqt	a	(Ladm;Laqe;IIIIIILalz;Z)V	randomlyRareFillWithBlocks
METHOD	aqt	a	(Ladm;Laqe;IIIIIIZLjava/util/Random;Laqt$a;)V	fillWithRandomizedBlocks
METHOD	aqt	a	(Ladm;Laqe;Ljava/util/Random;FIIIIIILalz;Lalz;Z)V	func_175805_a
METHOD	aqt	a	(Ladm;Laqe;Ljava/util/Random;FIIILalz;)V	randomlyPlaceBlock
METHOD	aqt	a	(Ladm;Laqe;Ljava/util/Random;IIIILjava/util/List;I)Z	generateDispenserContents
METHOD	aqt	a	(Ladm;Laqe;Ljava/util/Random;IIILcq;)V	placeDoorCurrentPosition
METHOD	aqt	a	(Ladm;Laqe;Ljava/util/Random;IIILjava/util/List;I)Z	generateChestContents
METHOD	aqt	a	(Ladm;Ldn;)V	readStructureBaseNBT
METHOD	aqt	a	(Ladm;Ljava/util/Random;Laqe;)Z	addComponentParts
METHOD	aqt	a	(Lafh;I)I	getMetadataWithOffset
METHOD	aqt	a	(Laqt;Ljava/util/List;Ljava/util/Random;)V	buildComponent
METHOD	aqt	a	(Ldn;)V	writeStructureToNBT
METHOD	aqt	a	(Ljava/util/List;Laqe;)Laqt;	findIntersecting
METHOD	aqt	b	()Ldn;	createStructureBaseNBT
METHOD	aqt	b	(II)I	getZWithOffset
METHOD	aqt	b	(Ladm;IIILaqe;)V	clearCurrentPositionBlocksUpwards
METHOD	aqt	b	(Ladm;Lalz;IIILaqe;)V	replaceAirAndLiquidDownwards
METHOD	aqt	b	(Ldn;)V	readStructureFromNBT
METHOD	aqt	c	()Laqe;	getBoundingBox
METHOD	aqt	d	()I	getComponentType
METHOD	aqt	d	(I)I	getYWithOffset
METHOD	aqu	a	()Laqe;	getBoundingBox
METHOD	aqu	a	(II)Ldn;	writeStructureComponentsToNBT
METHOD	aqu	a	(Ladg;)Z	func_175788_a
METHOD	aqu	a	(Ladm;Ldn;)V	readStructureComponentsFromNBT
METHOD	aqu	a	(Ladm;Ljava/util/Random;I)V	markAvailableHeight
METHOD	aqu	a	(Ladm;Ljava/util/Random;II)V	setRandomHeight
METHOD	aqu	a	(Ladm;Ljava/util/Random;Laqe;)V	generateStructure
METHOD	aqu	a	(Ldn;)V	writeToNBT
METHOD	aqu	b	()Ljava/util/LinkedList;	getComponents
METHOD	aqu	b	(Ladg;)V	func_175787_b
METHOD	aqu	b	(Ldn;)V	readFromNBT
METHOD	aqu	c	()V	updateBoundingBox
METHOD	aqu	d	()Z	isSizeableStructure
METHOD	aqu	e	()I	getChunkPosX
METHOD	aqu	f	()I	getChunkPosZ
METHOD	aqv$a	a	(Ldn;)V	writeToNBT
METHOD	aqv$a	b	(Ldn;)V	readFromNBT
METHOD	aqv$a	d	()Z	isSizeableStructure
METHOD	aqv	a	()Ljava/lang/String;	getStructureName
METHOD	aqv	a	(II)Z	canSpawnStructureAtCoords
METHOD	aqv	b	(II)Laqu;	getStructureStart
METHOD	aqw$a	a	(Ladm;Ljava/util/Random;Laqe;)Z	addComponentParts
METHOD	aqw$a	a	(Laqw$k;Ljava/util/List;Ljava/util/Random;IIILcq;I)Laqw$a;	func_175850_a
METHOD	aqw$a	c	(II)I	func_180779_c
METHOD	aqw$b	a	(Ladm;Ljava/util/Random;Laqe;)Z	addComponentParts
METHOD	aqw$b	a	(Laqw$k;Ljava/util/List;Ljava/util/Random;IIILcq;I)Laqw$b;	func_175851_a
METHOD	aqw$b	a	(Ldn;)V	writeStructureToNBT
METHOD	aqw$b	a	(Ljava/util/Random;)Lafh;	func_151559_a
METHOD	aqw$b	b	(Ldn;)V	readStructureFromNBT
METHOD	aqw$c	a	(Ladm;Ljava/util/Random;Laqe;)Z	addComponentParts
METHOD	aqw$c	a	(Laqw$k;Ljava/util/List;Ljava/util/Random;IIILcq;I)Laqw$c;	func_175852_a
METHOD	aqw$c	a	(Ldn;)V	writeStructureToNBT
METHOD	aqw$c	a	(Ljava/util/Random;)Lafh;	func_151560_a
METHOD	aqw$c	b	(Ldn;)V	readStructureFromNBT
METHOD	aqw$d	a	(Ladm;Ljava/util/Random;Laqe;)Z	addComponentParts
METHOD	aqw$d	a	(Laqw$k;Ljava/util/List;Ljava/util/Random;IIILcq;)Laqe;	func_175856_a
METHOD	aqw$e	a	()Z	canSpawnMoreVillagePieces
METHOD	aqw$e	a	(I)Z	canSpawnMoreVillagePiecesOfType
METHOD	aqw$f	a	(Ladm;Ljava/util/Random;Laqe;)Z	addComponentParts
METHOD	aqw$f	a	(Laqw$k;Ljava/util/List;Ljava/util/Random;IIILcq;I)Laqw$f;	func_175857_a
METHOD	aqw$f	c	(II)I	func_180779_c
METHOD	aqw$g	a	(Ladm;Ljava/util/Random;Laqe;)Z	addComponentParts
METHOD	aqw$g	a	(Laqw$k;Ljava/util/List;Ljava/util/Random;IIILcq;I)Laqw$g;	func_175858_a
METHOD	aqw$g	a	(Ldn;)V	writeStructureToNBT
METHOD	aqw$g	b	(Ldn;)V	readStructureFromNBT
METHOD	aqw$h	a	(Ladm;Ljava/util/Random;Laqe;)Z	addComponentParts
METHOD	aqw$h	a	(Laqw$k;Ljava/util/List;Ljava/util/Random;IIILcq;I)Laqw$h;	func_175853_a
METHOD	aqw$h	a	(Ldn;)V	writeStructureToNBT
METHOD	aqw$h	b	(Ldn;)V	readStructureFromNBT
METHOD	aqw$i	a	(Ladm;Ljava/util/Random;Laqe;)Z	addComponentParts
METHOD	aqw$i	a	(Laqw$k;Ljava/util/List;Ljava/util/Random;IIILcq;I)Laqw$i;	func_175854_a
METHOD	aqw$i	c	(II)I	func_180779_c
METHOD	aqw$j	a	(Ladm;Ljava/util/Random;Laqe;)Z	addComponentParts
METHOD	aqw$j	a	(Laqw$k;Ljava/util/List;Ljava/util/Random;IIILcq;I)Laqw$j;	func_175855_a
METHOD	aqw$j	a	(Ldn;)V	writeStructureToNBT
METHOD	aqw$j	b	(Ldn;)V	readStructureFromNBT
METHOD	aqw$j	c	(II)I	func_180779_c
METHOD	aqw$k	e	()Laec;	getWorldChunkManager
METHOD	aqw$l	a	(Ladm;Ljava/util/Random;Laqe;)Z	addComponentParts
METHOD	aqw$l	a	(Laqt;Ljava/util/List;Ljava/util/Random;)V	buildComponent
METHOD	aqw$l	a	(Laqw$k;Ljava/util/List;Ljava/util/Random;IIILcq;)Laqe;	func_175848_a
METHOD	aqw$l	a	(Ldn;)V	writeStructureToNBT
METHOD	aqw$l	b	(Ldn;)V	readStructureFromNBT
METHOD	aqw$m	a	(Ladm;Ljava/util/Random;Laqe;)Z	addComponentParts
METHOD	aqw$m	a	(Laqw$k;Ljava/util/List;Ljava/util/Random;IIILcq;I)Laqw$m;	func_175849_a
METHOD	aqw$n	a	(Ladm;Lalz;IIILaqe;)V	setBlockState
METHOD	aqw$n	a	(Ladm;Laqe;IIII)V	spawnVillagers
METHOD	aqw$n	a	(Ladm;Laqe;IIIIIILalz;Lalz;Z)V	fillWithBlocks
METHOD	aqw$n	a	(Lalz;)Lalz;	func_175847_a
METHOD	aqw$n	a	(Laqe;)Z	canVillageGoDeeper
METHOD	aqw$n	a	(Laqw$k;Ljava/util/List;Ljava/util/Random;II)Laqt;	getNextComponentNN
METHOD	aqw$n	a	(Ldn;)V	writeStructureToNBT
METHOD	aqw$n	a	(Z)V	func_175846_a
METHOD	aqw$n	b	(Ladm;Lalz;IIILaqe;)V	replaceAirAndLiquidDownwards
METHOD	aqw$n	b	(Ladm;Laqe;)I	getAverageGroundLevel
METHOD	aqw$n	b	(Laqw$k;Ljava/util/List;Ljava/util/Random;II)Laqt;	getNextComponentPP
METHOD	aqw$n	b	(Ldn;)V	readStructureFromNBT
METHOD	aqw$n	c	(II)I	func_180779_c
METHOD	aqw$p	a	(Ladm;Ljava/util/Random;Laqe;)Z	addComponentParts
METHOD	aqw$p	a	(Laqt;Ljava/util/List;Ljava/util/Random;)V	buildComponent
METHOD	aqw	a	()V	registerVillagePieces
METHOD	aqw	a	(Laqw$k;Laqw$e;Ljava/util/List;Ljava/util/Random;IIILcq;I)Laqw$n;	func_176065_a
METHOD	aqw	a	(Laqw$k;Ljava/util/List;Ljava/util/Random;IIILcq;I)Laqt;	access$000
METHOD	aqw	a	(Ljava/util/List;)I	func_75079_a
METHOD	aqw	a	(Ljava/util/Random;I)Ljava/util/List;	getStructureVillageWeightedPieceList
METHOD	aqw	b	(Laqw$k;Ljava/util/List;Ljava/util/Random;IIILcq;I)Laqt;	access$100
METHOD	aqw	c	(Laqw$k;Ljava/util/List;Ljava/util/Random;IIILcq;I)Laqw$n;	func_176067_c
METHOD	aqw	d	(Laqw$k;Ljava/util/List;Ljava/util/Random;IIILcq;I)Laqt;	func_176066_d
METHOD	aqw	e	(Laqw$k;Ljava/util/List;Ljava/util/Random;IIILcq;I)Laqt;	func_176069_e
METHOD	ar	a	()I	getRequiredPermissionLevel
METHOD	ar	a	(Lm;[Ljava/lang/String;)V	processCommand
METHOD	ar	a	(Lm;[Ljava/lang/String;Lcj;)Ljava/util/List;	addTabCompletionOptions
METHOD	ar	c	()Ljava/lang/String;	getCommandName
METHOD	ar	c	(Lm;)Ljava/lang/String;	getCommandUsage
METHOD	arb	a	(IDD)D	func_76309_a
METHOD	arb	a	(IDDD)D	grad
METHOD	arb	a	([DDDDIIIDDDD)V	populateNoiseArray
METHOD	arb	b	(DDD)D	lerp
METHOD	arc	a	([DIIIIDDD)[D	generateNoiseOctaves
METHOD	arc	a	([DIIIIIIDDD)[D	generateNoiseOctaves
METHOD	ard	a	(DD)D	func_151601_a
METHOD	ard	a	([DDDIIDDD)[D	func_151599_a
METHOD	ard	a	([DDDIIDDDD)[D	func_151600_a
METHOD	arg	a	(D)I	func_151607_a
METHOD	arg	a	(DD)D	func_151605_a
METHOD	arg	a	([DDDIIDDD)V	func_151606_a
METHOD	arg	a	([IDD)D	func_151604_a
METHOD	arj	a	()Z	isSolid
METHOD	arj	b	()Z	blocksLight
METHOD	arj	c	()Z	blocksMovement
METHOD	ark	a	()Z	isSolid
METHOD	ark	b	()Z	blocksLight
METHOD	ark	c	()Z	blocksMovement
METHOD	arl	a	()Z	isSolid
METHOD	arl	c	()Z	blocksMovement
METHOD	arl	d	()Z	isLiquid
METHOD	arm$1	c	()Z	blocksMovement
METHOD	arm	a	()Z	isSolid
METHOD	arm	b	()Z	blocksLight
METHOD	arm	c	()Z	blocksMovement
METHOD	arm	d	()Z	isLiquid
METHOD	arm	f	()Larm;	setRequiresTool
METHOD	arm	g	()Larm;	setBurning
METHOD	arm	h	()Z	getCanBurn
METHOD	arm	i	()Larm;	setReplaceable
METHOD	arm	j	()Z	isReplaceable
METHOD	arm	k	()Z	isOpaque
METHOD	arm	l	()Z	isToolNotRequired
METHOD	arm	m	()I	getMaterialMobility
METHOD	arm	n	()Larm;	setNoPushMobility
METHOD	arm	o	()Larm;	setImmovableMobility
METHOD	arm	p	()Larm;	setAdventureModeExempt
METHOD	arm	r	()Larn;	getMaterialMapColor
METHOD	arm	s	()Larm;	setTranslucent
METHOD	arn	a	(I)I	getMapColor
METHOD	aro	a	()Z	isSolid
METHOD	aro	b	()Z	blocksLight
METHOD	aro	c	()Z	blocksMovement
METHOD	arq	a	(IIII)[I	getInts
METHOD	arr$a	values	()[Larr$a;	values
METHOD	arr	a	(IIII)[I	getInts
METHOD	arr	c	(IIII)[I	getIntsCoolWarm
METHOD	arr	d	(IIII)[I	getIntsHeatIce
METHOD	arr	e	(IIII)[I	getIntsSpecial
METHOD	ars	a	(IIII)[I	getInts
METHOD	art	a	(IIII)[I	getInts
METHOD	aru	a	(IIII)[I	getInts
METHOD	arv	a	(IIII)[I	getInts
METHOD	arv	a	([I[IIIIIII)Z	replaceBiomeEdgeIfNecessary
METHOD	arv	b	(II)Z	canBiomesBeNeighbors
METHOD	arv	b	([I[IIIIIII)Z	replaceBiomeEdge
METHOD	arw	a	(IIII)[I	getInts
METHOD	as	a	()I	getRequiredPermissionLevel
METHOD	as	a	(Lm;)Z	canCommandSenderUseCommand
METHOD	as	a	(Lm;[Ljava/lang/String;)V	processCommand
METHOD	as	a	(Lm;[Ljava/lang/String;Lcj;)Ljava/util/List;	addTabCompletionOptions
METHOD	as	c	()Ljava/lang/String;	getCommandName
METHOD	as	c	(Lm;)Ljava/lang/String;	getCommandUsage
METHOD	asa	b	(IIII)I	selectModeOrRandom
METHOD	asc	a	()V	resetIntCache
METHOD	asc	a	(I)[I	getIntCache
METHOD	asc	b	()Ljava/lang/String;	getCacheSizes
METHOD	asd	a	(IIII)[I	getInts
METHOD	ase$1	a	()Ljava/lang/String;	call
METHOD	ase$1	call	()Ljava/lang/Object;	call
METHOD	ase$2	a	()Ljava/lang/String;	call
METHOD	ase$2	call	()Ljava/lang/Object;	call
METHOD	ase	a	(I)I	nextInt
METHOD	ase	a	(II)Z	biomesEqualOrMesaPlateau
METHOD	ase	a	(IIII)[I	getInts
METHOD	ase	a	(J)V	initWorldGenSeed
METHOD	ase	a	(JJ)V	initChunkSeed
METHOD	ase	a	(JLadr;Ljava/lang/String;)[Lase;	initializeAllBiomeGenerators
METHOD	ase	a	([I)I	selectRandom
METHOD	ase	b	(I)Z	isBiomeOceanic
METHOD	ase	b	(IIII)I	selectModeOrRandom
METHOD	asf	a	(IIII)[I	getInts
METHOD	asg	a	(IIII)[I	getInts
METHOD	ash	a	(IIII)[I	getInts
METHOD	asi	a	(IIII)[I	getInts
METHOD	asj	a	(IIII)[I	getInts
METHOD	asj	c	(I)I	func_151630_c
METHOD	ask	a	(IIII)[I	getInts
METHOD	ask	a	(J)V	initWorldGenSeed
METHOD	asl	a	(IIII)[I	getInts
METHOD	asl	a	([I[IIIIII)V	func_151632_a
METHOD	asl	c	(I)Z	func_151631_c
METHOD	asl	d	(I)Z	func_151633_d
METHOD	asm	a	(IIII)[I	getInts
METHOD	asq	a	(IIII)[I	getInts
METHOD	asr	a	(IIII)[I	getInts
METHOD	asr	b	(JLase;I)Lase;	magnify
METHOD	asu	a	()V	clearPath
METHOD	asu	a	(I)V	sortBack
METHOD	asu	a	(Lasv;)Lasv;	addPoint
METHOD	asu	a	(Lasv;F)V	changeDistance
METHOD	asu	b	(I)V	sortForward
METHOD	asu	c	()Lasv;	dequeue
METHOD	asu	e	()Z	isPathEmpty
METHOD	asv	a	()Z	isAssigned
METHOD	asv	a	(III)I	makeHash
METHOD	asv	a	(Lasv;)F	distanceTo
METHOD	asv	b	(Lasv;)F	distanceToSquared
METHOD	asv	equals	(Ljava/lang/Object;)Z	equals
METHOD	asv	hashCode	()I	hashCode
METHOD	asv	toString	()Ljava/lang/String;	toString
METHOD	asw	a	()V	postProcess
METHOD	asw	a	(III)Lasv;	openPoint
METHOD	asw	a	(Ladq;Lpk;)V	initProcessor
METHOD	asw	a	(Lpk;)Lasv;	getPathPointTo
METHOD	asw	a	(Lpk;DDD)Lasv;	getPathPointToCoords
METHOD	asw	a	([Lasv;Lpk;Lasv;Lasv;F)I	findPathOptions
METHOD	asx	a	()V	incrementPathIndex
METHOD	asx	a	(I)Lasv;	getPathPointFromIndex
METHOD	asx	a	(Lasx;)Z	isSamePath
METHOD	asx	a	(Lpk;)Laui;	getPosition
METHOD	asx	a	(Lpk;I)Laui;	getVectorFromIndex
METHOD	asx	b	()Z	isFinished
METHOD	asx	b	(I)V	setCurrentPathLength
METHOD	asx	b	(Laui;)Z	isDestinationSame
METHOD	asx	c	()Lasv;	getFinalPathPoint
METHOD	asx	c	(I)V	setCurrentPathIndex
METHOD	asx	d	()I	getCurrentPathLength
METHOD	asx	e	()I	getCurrentPathIndex
METHOD	asy	a	(Ladq;Lpk;DDDF)Lasx;	createEntityPathTo
METHOD	asy	a	(Ladq;Lpk;Lcj;F)Lasx;	createEntityPathTo
METHOD	asy	a	(Ladq;Lpk;Lpk;F)Lasx;	createEntityPathTo
METHOD	asy	a	(Lasv;Lasv;)Lasx;	createEntityPath
METHOD	asy	a	(Lpk;Lasv;Lasv;F)Lasx;	addToPath
METHOD	asz	a	()V	postProcess
METHOD	asz	a	(Ladq;Lpk;)V	initProcessor
METHOD	asz	a	(Lpk;)Lasv;	getPathPointTo
METHOD	asz	a	(Lpk;DDD)Lasv;	getPathPointToCoords
METHOD	asz	a	(Lpk;III)Lasv;	getSafePoint
METHOD	asz	a	([Lasv;Lpk;Lasv;Lasv;F)I	findPathOptions
METHOD	asz	b	(Lpk;III)I	func_176186_b
METHOD	at	a	()I	getRequiredPermissionLevel
METHOD	at	a	(Lm;)Z	canCommandSenderUseCommand
METHOD	at	a	(Lm;[Ljava/lang/String;)V	processCommand
METHOD	at	a	(Lm;[Ljava/lang/String;Lcj;)Ljava/util/List;	addTabCompletionOptions
METHOD	at	c	()Ljava/lang/String;	getCommandName
METHOD	at	c	(Lm;)Ljava/lang/String;	getCommandUsage
METHOD	ata	a	()V	postProcess
METHOD	ata	a	(Ladq;Lpk;)V	initProcessor
METHOD	ata	a	(Ladq;Lpk;IIIIIIZZZ)I	func_176170_a
METHOD	ata	a	(Lpk;)Lasv;	getPathPointTo
METHOD	ata	a	(Lpk;DDD)Lasv;	getPathPointToCoords
METHOD	ata	a	(Lpk;III)I	getVerticalOffset
METHOD	ata	a	(Lpk;IIII)Lasv;	getSafePoint
METHOD	ata	a	(Z)V	setEnterDoors
METHOD	ata	a	([Lasv;Lpk;Lasv;Lasv;F)I	findPathOptions
METHOD	ata	b	()Z	getEnterDoors
METHOD	ata	b	(Z)V	setBreakDoors
METHOD	ata	c	(Z)V	setAvoidsWater
METHOD	ata	d	()Z	getCanSwim
METHOD	ata	d	(Z)V	setCanSwim
METHOD	ata	e	()Z	getAvoidsWater
METHOD	ate	a	(Ldn;)V	readFromNBT
METHOD	ate	a	(Z)V	setDirty
METHOD	ate	b	(Ldn;)V	writeToNBT
METHOD	ate	c	()V	markDirty
METHOD	ate	d	()Z	isDirty
METHOD	atf	a	()B	func_176110_a
METHOD	atf	b	()B	func_176112_b
METHOD	atf	c	()B	func_176113_c
METHOD	atf	d	()B	func_176111_d
METHOD	atf	equals	(Ljava/lang/Object;)Z	equals
METHOD	atf	hashCode	()I	hashCode
METHOD	atg$a	a	(II)V	update
METHOD	atg$a	a	(Lzx;)Lff;	getPacket
METHOD	atg	a	(DDI)V	calculateMapCenter
METHOD	atg	a	(II)V	updateMapData
METHOD	atg	a	(ILadm;Ljava/lang/String;DDD)V	updateDecorations
METHOD	atg	a	(Ldn;)V	readFromNBT
METHOD	atg	a	(Lwn;)Latg$a;	getMapInfo
METHOD	atg	a	(Lwn;Lzx;)V	updateVisiblePlayers
METHOD	atg	a	(Lzx;Ladm;Lwn;)Lff;	getMapPacket
METHOD	atg	b	(Ldn;)V	writeToNBT
METHOD	atj	a	()V	flush
METHOD	atj	a	(Lanm;)Land;	getChunkLoader
METHOD	atj	a	(Lato;Ldn;)V	saveWorldInfoWithPlayer
METHOD	atk$1	accept	(Ljava/io/File;Ljava/lang/String;)Z	accept
METHOD	atk	a	()Ljava/lang/String;	getName
METHOD	atk	a	(Ljava/io/File;Ljava/io/File;Laec;IILnu;)V	convertChunks
METHOD	atk	a	(Ljava/io/File;Ljava/lang/Iterable;Laec;IILnu;)V	convertFile
METHOD	atk	a	(Ljava/io/File;Ljava/util/Collection;)V	addRegionFilesToCollection
METHOD	atk	a	(Ljava/lang/String;)Z	isConvertible
METHOD	atk	a	(Ljava/lang/String;Lnu;)Z	convertMapFormat
METHOD	atk	a	(Ljava/lang/String;Z)Latp;	getSaveLoader
METHOD	atk	b	()Ljava/util/List;	getSaveList
METHOD	atk	b	(Ljava/lang/String;)Z	isOldMapFormat
METHOD	atk	c	()I	getSaveVersion
METHOD	atk	d	()V	flushCache
METHOD	atk	g	(Ljava/lang/String;)V	createFile
METHOD	atl	a	()Ldn;	getNBTTagCompound
METHOD	atl	a	(I)V	setSpawnX
METHOD	atl	a	(Ladr;)V	setTerrainType
METHOD	atl	a	(Lcj;)V	setSpawn
METHOD	atl	a	(Ldn;)Ldn;	cloneNBTCompound
METHOD	atl	a	(Ljava/lang/String;)V	setWorldName
METHOD	atl	a	(Loj;)V	setDifficulty
METHOD	atl	a	(Z)V	setThundering
METHOD	atl	b	()J	getSeed
METHOD	atl	b	(I)V	setSpawnY
METHOD	atl	b	(J)V	setWorldTotalTime
METHOD	atl	b	(Z)V	setRaining
METHOD	atl	c	()I	getSpawnX
METHOD	atl	c	(I)V	setSpawnZ
METHOD	atl	c	(J)V	setWorldTime
METHOD	atl	c	(Z)V	setAllowCommands
METHOD	atl	d	()I	getSpawnY
METHOD	atl	d	(Z)V	setServerInitialized
METHOD	atl	e	()I	getSpawnZ
METHOD	atl	e	(I)V	setSaveVersion
METHOD	atl	e	(Z)V	setDifficultyLocked
METHOD	atl	f	()J	getWorldTotalTime
METHOD	atl	f	(I)V	setThunderTime
METHOD	atl	g	()J	getWorldTime
METHOD	atl	g	(I)V	setRainTime
METHOD	atl	h	()J	getSizeOnDisk
METHOD	atl	i	()Ldn;	getPlayerNBTTagCompound
METHOD	atl	k	()Ljava/lang/String;	getWorldName
METHOD	atl	l	()I	getSaveVersion
METHOD	atl	m	()J	getLastTimePlayed
METHOD	atl	n	()Z	isThundering
METHOD	atl	o	()I	getThunderTime
METHOD	atl	p	()Z	isRaining
METHOD	atl	q	()I	getRainTime
METHOD	atl	r	()Ladp$a;	getGameType
METHOD	atl	s	()Z	isMapFeaturesEnabled
METHOD	atl	t	()Z	isHardcoreModeEnabled
METHOD	atl	u	()Ladr;	getTerrainType
METHOD	atl	v	()Z	areCommandsAllowed
METHOD	atl	w	()Z	isInitialized
METHOD	atl	x	()Ladk;	getGameRulesInstance
METHOD	atl	y	()Loj;	getDifficulty
METHOD	atl	z	()Z	isDifficultyLocked
METHOD	atm	a	()V	flush
METHOD	atm	a	(Lanm;)Land;	getChunkLoader
METHOD	atm	a	(Lato;)V	saveWorldInfo
METHOD	atm	a	(Lato;Ldn;)V	saveWorldInfoWithPlayer
METHOD	atm	a	(Ljava/lang/String;)Ljava/io/File;	getMapFileFromName
METHOD	atm	a	(Lwn;)V	writePlayerData
METHOD	atm	b	()Ljava/io/File;	getWorldDirectory
METHOD	atm	b	(Lwn;)Ldn;	readPlayerData
METHOD	atm	c	()V	checkSessionLock
METHOD	atm	d	()Lato;	loadWorldInfo
METHOD	atm	e	()Laty;	getPlayerNBTManager
METHOD	atm	f	()[Ljava/lang/String;	getAvailablePlayerDat
METHOD	atm	g	()Ljava/lang/String;	getWorldDirectoryName
METHOD	atm	h	()V	setSessionLock
METHOD	atn	a	()Ljava/lang/String;	getName
METHOD	atn	a	(Ljava/lang/String;)Z	isConvertible
METHOD	atn	a	(Ljava/lang/String;Ljava/lang/String;)V	renameWorld
METHOD	atn	a	(Ljava/lang/String;Lnu;)Z	convertMapFormat
METHOD	atn	a	(Ljava/lang/String;Z)Latp;	getSaveLoader
METHOD	atn	a	([Ljava/io/File;)Z	deleteFiles
METHOD	atn	b	()Ljava/util/List;	getSaveList
METHOD	atn	b	(Ljava/lang/String;)Z	isOldMapFormat
METHOD	atn	c	(Ljava/lang/String;)Lato;	getWorldInfo
METHOD	atn	d	()V	flushCache
METHOD	atn	d	(Ljava/lang/String;)Z	isNewLevelIdAcceptable
METHOD	atn	e	(Ljava/lang/String;)Z	deleteWorldDirectory
METHOD	atn	f	(Ljava/lang/String;)Z	canLoadWorld
METHOD	ato$1	a	()Ljava/lang/String;	call
METHOD	ato$1	call	()Ljava/lang/Object;	call
METHOD	ato$2	a	()Ljava/lang/String;	call
METHOD	ato$2	call	()Ljava/lang/Object;	call
METHOD	ato$3	a	()Ljava/lang/String;	call
METHOD	ato$3	call	()Ljava/lang/Object;	call
METHOD	ato$4	a	()Ljava/lang/String;	call
METHOD	ato$4	call	()Ljava/lang/Object;	call
METHOD	ato$5	a	()Ljava/lang/String;	call
METHOD	ato$5	call	()Ljava/lang/Object;	call
METHOD	ato$6	a	()Ljava/lang/String;	call
METHOD	ato$6	call	()Ljava/lang/Object;	call
METHOD	ato$7	a	()Ljava/lang/String;	call
METHOD	ato$7	call	()Ljava/lang/Object;	call
METHOD	ato$8	a	()Ljava/lang/String;	call
METHOD	ato$8	call	()Ljava/lang/Object;	call
METHOD	ato$9	a	()Ljava/lang/String;	call
METHOD	ato$9	call	()Ljava/lang/Object;	call
METHOD	ato	A	()I	getCleanWeatherTime
METHOD	ato	B	()Ljava/lang/String;	getGeneratorOptions
METHOD	ato	C	()D	getBorderCenterX
METHOD	ato	D	()D	getBorderCenterZ
METHOD	ato	E	()D	getBorderSize
METHOD	ato	F	()J	getBorderLerpTime
METHOD	ato	G	()D	getBorderLerpTarget
METHOD	ato	H	()D	getBorderSafeZone
METHOD	ato	I	()D	getBorderDamagePerBlock
METHOD	ato	J	()I	getBorderWarningDistance
METHOD	ato	K	()I	getBorderWarningTime
METHOD	ato	a	()Ldn;	getNBTTagCompound
METHOD	ato	a	(D)V	setBorderSize
METHOD	ato	a	(I)V	setSpawnX
METHOD	ato	a	(Ladp$a;)V	setGameType
METHOD	ato	a	(Ladp;)V	populateFromWorldSettings
METHOD	ato	a	(Ladr;)V	setTerrainType
METHOD	ato	a	(Lato;)Ladr;	access$000
METHOD	ato	a	(Lc;)V	addToCrashReport
METHOD	ato	a	(Lcj;)V	setSpawn
METHOD	ato	a	(Ldn;)Ldn;	cloneNBTCompound
METHOD	ato	a	(Ldn;Ldn;)V	updateTagCompound
METHOD	ato	a	(Ljava/lang/String;)V	setWorldName
METHOD	ato	a	(Loj;)V	setDifficulty
METHOD	ato	a	(Z)V	setThundering
METHOD	ato	b	()J	getSeed
METHOD	ato	b	(D)V	setBorderLerpTarget
METHOD	ato	b	(I)V	setSpawnY
METHOD	ato	b	(J)V	setWorldTotalTime
METHOD	ato	b	(Lato;)Z	access$100
METHOD	ato	b	(Z)V	setRaining
METHOD	ato	c	()I	getSpawnX
METHOD	ato	c	(D)V	getBorderCenterZ
METHOD	ato	c	(I)V	setSpawnZ
METHOD	ato	c	(J)V	setWorldTime
METHOD	ato	c	(Lato;)Ljava/lang/String;	access$200
METHOD	ato	c	(Z)V	setAllowCommands
METHOD	ato	d	()I	getSpawnY
METHOD	ato	d	(D)V	getBorderCenterX
METHOD	ato	d	(Lato;)I	access$300
METHOD	ato	d	(Z)V	setServerInitialized
METHOD	ato	e	()I	getSpawnZ
METHOD	ato	e	(D)V	setBorderSafeZone
METHOD	ato	e	(I)V	setSaveVersion
METHOD	ato	e	(J)V	setBorderLerpTime
METHOD	ato	e	(Lato;)I	access$400
METHOD	ato	e	(Z)V	setDifficultyLocked
METHOD	ato	f	()J	getWorldTotalTime
METHOD	ato	f	(D)V	setBorderDamagePerBlock
METHOD	ato	f	(I)V	setThunderTime
METHOD	ato	f	(Lato;)I	access$500
METHOD	ato	f	(Z)V	setMapFeaturesEnabled
METHOD	ato	g	()J	getWorldTime
METHOD	ato	g	(I)V	setRainTime
METHOD	ato	g	(Lato;)J	access$600
METHOD	ato	g	(Z)V	setHardcore
METHOD	ato	h	()J	getSizeOnDisk
METHOD	ato	h	(Lato;)J	access$700
METHOD	ato	i	()Ldn;	getPlayerNBTTagCompound
METHOD	ato	i	(I)V	setCleanWeatherTime
METHOD	ato	i	(Lato;)I	access$800
METHOD	ato	j	(I)V	setBorderWarningDistance
METHOD	ato	j	(Lato;)I	access$900
METHOD	ato	k	()Ljava/lang/String;	getWorldName
METHOD	ato	k	(I)V	setBorderWarningTime
METHOD	ato	k	(Lato;)I	access$1000
METHOD	ato	l	()I	getSaveVersion
METHOD	ato	l	(Lato;)Z	access$1100
METHOD	ato	m	()J	getLastTimePlayed
METHOD	ato	m	(Lato;)I	access$1200
METHOD	ato	n	()Z	isThundering
METHOD	ato	n	(Lato;)Z	access$1300
METHOD	ato	o	()I	getThunderTime
METHOD	ato	o	(Lato;)Ladp$a;	access$1400
METHOD	ato	p	()Z	isRaining
METHOD	ato	p	(Lato;)Z	access$1500
METHOD	ato	q	()I	getRainTime
METHOD	ato	q	(Lato;)Z	access$1600
METHOD	ato	r	()Ladp$a;	getGameType
METHOD	ato	s	()Z	isMapFeaturesEnabled
METHOD	ato	t	()Z	isHardcoreModeEnabled
METHOD	ato	u	()Ladr;	getTerrainType
METHOD	ato	v	()Z	areCommandsAllowed
METHOD	ato	w	()Z	isInitialized
METHOD	ato	x	()Ladk;	getGameRulesInstance
METHOD	ato	y	()Loj;	getDifficulty
METHOD	ato	z	()Z	isDifficultyLocked
METHOD	atp	a	()V	flush
METHOD	atp	a	(Lanm;)Land;	getChunkLoader
METHOD	atp	a	(Lato;)V	saveWorldInfo
METHOD	atp	a	(Lato;Ldn;)V	saveWorldInfoWithPlayer
METHOD	atp	a	(Ljava/lang/String;)Ljava/io/File;	getMapFileFromName
METHOD	atp	b	()Ljava/io/File;	getWorldDirectory
METHOD	atp	c	()V	checkSessionLock
METHOD	atp	d	()Lato;	loadWorldInfo
METHOD	atp	e	()Laty;	getPlayerNBTManager
METHOD	atp	g	()Ljava/lang/String;	getWorldDirectoryName
METHOD	atr	a	()Ljava/lang/String;	getName
METHOD	atr	a	(Ljava/lang/String;)Z	isConvertible
METHOD	atr	a	(Ljava/lang/String;Ljava/lang/String;)V	renameWorld
METHOD	atr	a	(Ljava/lang/String;Lnu;)Z	convertMapFormat
METHOD	atr	a	(Ljava/lang/String;Z)Latp;	getSaveLoader
METHOD	atr	b	()Ljava/util/List;	getSaveList
METHOD	atr	b	(Ljava/lang/String;)Z	isOldMapFormat
METHOD	atr	c	(Ljava/lang/String;)Lato;	getWorldInfo
METHOD	atr	d	()V	flushCache
METHOD	atr	d	(Ljava/lang/String;)Z	isNewLevelIdAcceptable
METHOD	atr	e	(Ljava/lang/String;)Z	deleteWorldDirectory
METHOD	atr	f	(Ljava/lang/String;)Z	canLoadWorld
METHOD	ats	a	()Ljava/lang/String;	getFileName
METHOD	ats	a	(Lats;)I	compareTo
METHOD	ats	b	()Ljava/lang/String;	getDisplayName
METHOD	ats	c	()J	getSizeOnDisk
METHOD	ats	compareTo	(Ljava/lang/Object;)I	compareTo
METHOD	ats	d	()Z	requiresConversion
METHOD	ats	e	()J	getLastTimePlayed
METHOD	ats	f	()Ladp$a;	getEnumGameType
METHOD	ats	g	()Z	isHardcoreModeEnabled
METHOD	ats	h	()Z	getCheatsEnabled
METHOD	atx	a	()V	flush
METHOD	atx	a	(Lanm;)Land;	getChunkLoader
METHOD	atx	a	(Lato;)V	saveWorldInfo
METHOD	atx	a	(Lato;Ldn;)V	saveWorldInfoWithPlayer
METHOD	atx	a	(Ljava/lang/String;)Ljava/io/File;	getMapFileFromName
METHOD	atx	b	()Ljava/io/File;	getWorldDirectory
METHOD	atx	c	()V	checkSessionLock
METHOD	atx	d	()Lato;	loadWorldInfo
METHOD	atx	e	()Laty;	getPlayerNBTManager
METHOD	atx	g	()Ljava/lang/String;	getWorldDirectoryName
METHOD	aty	a	(Lwn;)V	writePlayerData
METHOD	aty	b	(Lwn;)Ldn;	readPlayerData
METHOD	aty	f	()[Ljava/lang/String;	getAvailablePlayerDat
METHOD	atz	a	()V	saveAllData
METHOD	atz	a	(Ljava/lang/Class;Ljava/lang/String;)Late;	loadData
METHOD	atz	a	(Ljava/lang/String;)I	getUniqueDataId
METHOD	atz	a	(Ljava/lang/String;Late;)V	setData
METHOD	au	a	()I	getRequiredPermissionLevel
METHOD	au	a	(Lm;[Ljava/lang/String;)V	processCommand
METHOD	au	a	(Lm;[Ljava/lang/String;Lcj;)Ljava/util/List;	addTabCompletionOptions
METHOD	au	c	()Ljava/lang/String;	getCommandName
METHOD	au	c	(Lm;)Ljava/lang/String;	getCommandUsage
METHOD	aua	a	()V	saveAllData
METHOD	aua	a	(Late;)V	saveData
METHOD	aua	a	(Ljava/lang/Class;Ljava/lang/String;)Late;	loadData
METHOD	aua	a	(Ljava/lang/String;)I	getUniqueDataId
METHOD	aua	a	(Ljava/lang/String;Late;)V	setData
METHOD	aua	b	()V	loadIdCounts
METHOD	auc	a	()Lauc;	getThreadedIOInstance
METHOD	auc	a	(Laud;)V	queueIO
METHOD	auc	b	()V	waitForFinish
METHOD	auc	c	()V	processQueue
METHOD	auc	run	()V	run
METHOD	aud	c	()Z	writeNextIO
METHOD	aug	a	()D	getAverageEdgeLength
METHOD	aug	a	(DDD)Laug;	addCoord
METHOD	aug	a	(DDDDDD)Laug;	fromBounds
METHOD	aug	a	(Laug;)Laug;	union
METHOD	aug	a	(Laug;D)D	calculateXOffset
METHOD	aug	a	(Laui;)Z	isVecInside
METHOD	aug	a	(Laui;Laui;)Lauh;	calculateIntercept
METHOD	aug	b	()Z	hasNaN
METHOD	aug	b	(DDD)Laug;	expand
METHOD	aug	b	(Laug;)Z	intersectsWith
METHOD	aug	b	(Laug;D)D	calculateYOffset
METHOD	aug	b	(Laui;)Z	isVecInYZ
METHOD	aug	c	(DDD)Laug;	offset
METHOD	aug	c	(Laug;D)D	calculateZOffset
METHOD	aug	c	(Laui;)Z	isVecInXZ
METHOD	aug	d	(DDD)Laug;	contract
METHOD	aug	d	(Laui;)Z	isVecInXY
METHOD	aug	toString	()Ljava/lang/String;	toString
METHOD	auh$a	valueOf	(Ljava/lang/String;)Lauh$a;	valueOf
METHOD	auh$a	values	()[Lauh$a;	values
METHOD	auh	a	()Lcj;	getBlockPos
METHOD	auh	toString	()Ljava/lang/String;	toString
METHOD	aui	a	()Laui;	normalize
METHOD	aui	a	(DDD)Laui;	subtract
METHOD	aui	a	(F)Laui;	rotatePitch
METHOD	aui	a	(Laui;)Laui;	subtractReverse
METHOD	aui	a	(Laui;D)Laui;	getIntermediateWithXValue
METHOD	aui	b	()D	lengthVector
METHOD	aui	b	(DDD)Laui;	addVector
METHOD	aui	b	(F)Laui;	rotateYaw
METHOD	aui	b	(Laui;)D	dotProduct
METHOD	aui	b	(Laui;D)Laui;	getIntermediateWithYValue
METHOD	aui	c	(Laui;)Laui;	crossProduct
METHOD	aui	c	(Laui;D)Laui;	getIntermediateWithZValue
METHOD	aui	d	(Laui;)Laui;	subtract
METHOD	aui	e	(Laui;)Laui;	add
METHOD	aui	f	(Laui;)D	distanceTo
METHOD	aui	g	(Laui;)D	squareDistanceTo
METHOD	aui	toString	()Ljava/lang/String;	toString
METHOD	auk	a	()Lauo;	getScoreboard
METHOD	auk	a	(Lauu$a;)V	setRenderType
METHOD	auk	a	(Ljava/lang/String;)V	setDisplayName
METHOD	auk	b	()Ljava/lang/String;	getName
METHOD	auk	c	()Lauu;	getCriteria
METHOD	auk	d	()Ljava/lang/String;	getDisplayName
METHOD	auk	e	()Lauu$a;	getRenderType
METHOD	aul	a	(I)V	func_98298_a
METHOD	aul	a	(La;)V	setChatFormat
METHOD	aul	a	(Lauq$a;)V	setNameTagVisibility
METHOD	aul	a	(Lauq;Ljava/lang/String;)Ljava/lang/String;	formatPlayerName
METHOD	aul	a	(Ljava/lang/String;)V	setTeamName
METHOD	aul	a	(Z)V	setAllowFriendlyFire
METHOD	aul	b	()Ljava/lang/String;	getRegisteredName
METHOD	aul	b	(Lauq$a;)V	setDeathMessageVisibility
METHOD	aul	b	(Ljava/lang/String;)V	setNamePrefix
METHOD	aul	b	(Z)V	setSeeFriendlyInvisiblesEnabled
METHOD	aul	c	()Ljava/lang/String;	getTeamName
METHOD	aul	c	(Ljava/lang/String;)V	setNameSuffix
METHOD	aul	d	()Ljava/util/Collection;	getMembershipCollection
METHOD	aul	d	(Ljava/lang/String;)Ljava/lang/String;	formatString
METHOD	aul	e	()Ljava/lang/String;	getColorPrefix
METHOD	aul	f	()Ljava/lang/String;	getColorSuffix
METHOD	aul	g	()Z	getAllowFriendlyFire
METHOD	aul	h	()Z	getSeeFriendlyInvisiblesEnabled
METHOD	aul	i	()Lauq$a;	getNameTagVisibility
METHOD	aul	j	()Lauq$a;	getDeathMessageVisibility
METHOD	aul	k	()I	func_98299_i
METHOD	aul	l	()La;	getChatFormat
METHOD	aum$1	a	(Laum;Laum;)I	compare
METHOD	aum$1	compare	(Ljava/lang/Object;Ljava/lang/Object;)I	compare
METHOD	aum	a	()V	func_96648_a
METHOD	aum	a	(I)V	increseScore
METHOD	aum	a	(Ljava/util/List;)V	func_96651_a
METHOD	aum	a	(Z)V	setLocked
METHOD	aum	b	(I)V	decreaseScore
METHOD	aum	c	()I	getScorePoints
METHOD	aum	c	(I)V	setScorePoints
METHOD	aum	d	()Lauk;	getObjective
METHOD	aum	e	()Ljava/lang/String;	getPlayerName
METHOD	aum	f	()Lauo;	getScoreScoreboard
METHOD	aum	g	()Z	isLocked
METHOD	auo	a	(I)Lauk;	getObjectiveInDisplaySlot
METHOD	auo	a	(ILauk;)V	setObjectiveInDisplaySlot
METHOD	auo	a	(Lauk;)V	onScoreObjectiveAdded
METHOD	auo	a	(Laul;)V	broadcastTeamCreated
METHOD	auo	a	(Laum;)V	func_96536_a
METHOD	auo	a	(Lauu;)Ljava/util/Collection;	getObjectivesFromCriteria
METHOD	auo	a	(Ljava/lang/String;)V	func_96516_a
METHOD	auo	a	(Ljava/lang/String;Lauk;)V	func_178820_a
METHOD	auo	a	(Ljava/lang/String;Laul;)V	removePlayerFromTeam
METHOD	auo	a	(Ljava/lang/String;Lauu;)Lauk;	addScoreObjective
METHOD	auo	a	(Ljava/lang/String;Ljava/lang/String;)Z	addPlayerToTeam
METHOD	auo	a	(Lpk;)V	func_181140_a
METHOD	auo	b	(I)Ljava/lang/String;	getObjectiveDisplaySlot
METHOD	auo	b	(Lauk;)V	onObjectiveDisplayNameChanged
METHOD	auo	b	(Laul;)V	sendTeamUpdate
METHOD	auo	b	(Ljava/lang/String;)Lauk;	getObjective
METHOD	auo	b	(Ljava/lang/String;Lauk;)Z	entityHasObjective
METHOD	auo	c	()Ljava/util/Collection;	getScoreObjectives
METHOD	auo	c	(Lauk;)V	onScoreObjectiveRemoved
METHOD	auo	c	(Laul;)V	func_96513_c
METHOD	auo	c	(Ljava/lang/String;)Ljava/util/Map;	getObjectivesForEntity
METHOD	auo	c	(Ljava/lang/String;Lauk;)Laum;	getValueFromObjective
METHOD	auo	d	()Ljava/util/Collection;	getObjectiveNames
METHOD	auo	d	(Laul;)V	removeTeam
METHOD	auo	d	(Ljava/lang/String;)Laul;	getTeam
METHOD	auo	d	(Ljava/lang/String;Lauk;)V	removeObjectiveFromEntity
METHOD	auo	e	()Ljava/util/Collection;	getScores
METHOD	auo	e	(Ljava/lang/String;)Laul;	createTeam
METHOD	auo	f	()Ljava/util/Collection;	getTeamNames
METHOD	auo	f	(Ljava/lang/String;)Z	removePlayerFromTeams
METHOD	auo	g	()Ljava/util/Collection;	getTeams
METHOD	auo	h	()[Ljava/lang/String;	getDisplaySlotStrings
METHOD	auo	h	(Ljava/lang/String;)Laul;	getPlayersTeam
METHOD	auo	i	(Lauk;)Ljava/util/Collection;	getSortedScores
METHOD	auo	i	(Ljava/lang/String;)I	getObjectiveDisplaySlotNumber
METHOD	auo	k	(Lauk;)V	removeObjective
METHOD	aup	a	()Ldu;	func_96496_a
METHOD	aup	a	(Laul;Ldu;)V	func_96502_a
METHOD	aup	a	(Lauo;)V	setScoreboard
METHOD	aup	a	(Ldn;)V	readFromNBT
METHOD	aup	a	(Ldu;)V	readTeams
METHOD	aup	b	()Ldu;	objectivesToNbt
METHOD	aup	b	(Ldn;)V	writeToNBT
METHOD	aup	b	(Ldu;)V	readObjectives
METHOD	aup	c	(Ldn;)V	readDisplayConfig
METHOD	aup	c	(Ldu;)V	readScores
METHOD	aup	d	(Ldn;)V	func_96497_d
METHOD	aup	e	()Ldu;	scoresToNbt
METHOD	auq$a	a	()[Ljava/lang/String;	func_178825_a
METHOD	auq$a	a	(Ljava/lang/String;)Lauq$a;	func_178824_a
METHOD	auq$a	values	()[Lauq$a;	values
METHOD	auq	a	(Lauq;)Z	isSameTeam
METHOD	auq	b	()Ljava/lang/String;	getRegisteredName
METHOD	auq	d	()Ljava/util/Collection;	getMembershipCollection
METHOD	auq	d	(Ljava/lang/String;)Ljava/lang/String;	formatString
METHOD	auq	g	()Z	getAllowFriendlyFire
METHOD	auq	h	()Z	getSeeFriendlyInvisiblesEnabled
METHOD	auq	i	()Lauq$a;	getNameTagVisibility
METHOD	auq	j	()Lauq$a;	getDeathMessageVisibility
METHOD	aur	a	()Ljava/lang/String;	getName
METHOD	aur	a	(Ljava/util/List;)I	setScore
METHOD	aur	b	()Z	isReadOnly
METHOD	aur	c	()Lauu$a;	getRenderType
METHOD	aus	a	()Ljava/lang/String;	getName
METHOD	aus	a	(Ljava/util/List;)I	setScore
METHOD	aus	b	()Z	isReadOnly
METHOD	aus	c	()Lauu$a;	getRenderType
METHOD	aut	a	(Ljava/util/List;)I	setScore
METHOD	aut	b	()Z	isReadOnly
METHOD	aut	c	()Lauu$a;	getRenderType
METHOD	auu$a	a	()Ljava/lang/String;	func_178796_a
METHOD	auu$a	a	(Ljava/lang/String;)Lauu$a;	func_178795_a
METHOD	auu$a	values	()[Lauu$a;	values
METHOD	auu	a	()Ljava/lang/String;	getName
METHOD	auu	a	(Ljava/util/List;)I	setScore
METHOD	auu	b	()Z	isReadOnly
METHOD	auu	c	()Lauu$a;	getRenderType
METHOD	auz	a	()Laui;	getPosition
METHOD	auz	a	(Ladm;Lpk;F)Lafh;	getBlockAtEntityViewpoint
METHOD	auz	a	(Lpk;D)Laui;	projectViewFromEntity
METHOD	auz	a	(Lwn;Z)V	updateRenderInfo
METHOD	auz	b	()F	getRotationX
METHOD	auz	c	()F	getRotationXZ
METHOD	auz	d	()F	getRotationZ
METHOD	auz	e	()F	getRotationYZ
METHOD	auz	f	()F	getRotationXY
METHOD	av	a	()I	getRequiredPermissionLevel
METHOD	av	a	(Lm;[Ljava/lang/String;)V	processCommand
METHOD	av	a	(Lm;[Ljava/lang/String;Lcj;)Ljava/util/List;	addTabCompletionOptions
METHOD	av	b	([Ljava/lang/String;I)Z	isUsernameIndex
METHOD	av	c	()Ljava/lang/String;	getCommandName
METHOD	av	c	(Lm;)Ljava/lang/String;	getCommandUsage
METHOD	ava	a	()Leu;	getChatComponent
METHOD	ava	b	()I	getUpdatedCounter
METHOD	ava	c	()I	getChatLineID
METHOD	avb	a	()V	unPressAllKeys
METHOD	avb	a	(I)V	onTick
METHOD	avb	a	(IZ)V	setKeyBindState
METHOD	avb	a	(Lavb;)I	compareTo
METHOD	avb	b	()V	resetKeyBindingArrayAndHash
METHOD	avb	b	(I)V	setKeyCode
METHOD	avb	c	()Ljava/util/Set;	getKeybinds
METHOD	avb	compareTo	(Ljava/lang/Object;)I	compareTo
METHOD	avb	d	()Z	isKeyDown
METHOD	avb	e	()Ljava/lang/String;	getKeyCategory
METHOD	avb	f	()Z	isPressed
METHOD	avb	g	()Ljava/lang/String;	getKeyDescription
METHOD	avb	h	()I	getKeyCodeDefault
METHOD	avb	i	()I	getKeyCode
METHOD	avb	j	()V	unpressKey
METHOD	avc	a	()V	disableStandardItemLighting
METHOD	avc	a	(DDDD)Ljava/nio/FloatBuffer;	setColorBuffer
METHOD	avc	a	(FFFF)Ljava/nio/FloatBuffer;	setColorBuffer
METHOD	avc	b	()V	enableStandardItemLighting
METHOD	avc	c	()V	enableGUIStandardItemLighting
METHOD	avd	a	(I)I	generateDisplayLists
METHOD	avd	a	(II)V	deleteDisplayLists
METHOD	avd	b	(I)V	deleteDisplayLists
METHOD	avd	c	(I)Ljava/nio/ByteBuffer;	createDirectByteBuffer
METHOD	avd	f	(I)Ljava/nio/IntBuffer;	createDirectIntBuffer
METHOD	avd	h	(I)Ljava/nio/FloatBuffer;	createDirectFloatBuffer
METHOD	ave$1	a	(Ljava/lang/String;)Ljava/lang/String;	formatString
METHOD	ave$11	run	()V	run
METHOD	ave$12	a	()Ljava/lang/String;	call
METHOD	ave$12	call	()Ljava/lang/Object;	call
METHOD	ave$13	a	()Ljava/lang/String;	call
METHOD	ave$13	call	()Ljava/lang/Object;	call
METHOD	ave$14	a	()Ljava/lang/String;	call
METHOD	ave$14	call	()Ljava/lang/Object;	call
METHOD	ave$15	a	()Ljava/lang/String;	call
METHOD	ave$15	call	()Ljava/lang/Object;	call
METHOD	ave$16	a	()Ljava/lang/String;	call
METHOD	ave$16	call	()Ljava/lang/Object;	call
METHOD	ave$17	a	()Ljava/lang/String;	call
METHOD	ave$17	call	()Ljava/lang/Object;	call
METHOD	ave$18	a	()Ljava/lang/String;	call
METHOD	ave$18	call	()Ljava/lang/Object;	call
METHOD	ave$2	a	()Ljava/lang/String;	call
METHOD	ave$2	call	()Ljava/lang/Object;	call
METHOD	ave$3	a	()Ljava/lang/String;	call
METHOD	ave$3	call	()Ljava/lang/Object;	call
METHOD	ave$4	a	()Ljava/lang/String;	call
METHOD	ave$4	call	()Ljava/lang/Object;	call
METHOD	ave$5	a	()Ljava/lang/String;	call
METHOD	ave$5	call	()Ljava/lang/Object;	call
METHOD	ave$6	a	()Ljava/lang/String;	call
METHOD	ave$6	call	()Ljava/lang/Object;	call
METHOD	ave$7	a	()Ljava/lang/String;	call
METHOD	ave$7	call	()Ljava/lang/Object;	call
METHOD	ave$8	run	()V	run
METHOD	ave$9	a	(ZI)V	confirmClicked
METHOD	ave	A	()Lave;	getMinecraft
METHOD	ave	B	()Lcom/google/common/util/concurrent/ListenableFuture;	scheduleResourcesRefresh
METHOD	ave	C	()I	getGLMaximumTextureSize
METHOD	ave	D	()Lbde;	getCurrentServerData
METHOD	ave	E	()Z	isIntegratedServerRunning
METHOD	ave	F	()Z	isSingleplayer
METHOD	ave	G	()Lbpo;	getIntegratedServer
METHOD	ave	H	()V	stopIntegratedServer
METHOD	ave	I	()Lor;	getPlayerUsageSnooper
METHOD	ave	J	()J	getSystemTime
METHOD	ave	K	()Z	isFullScreen
METHOD	ave	L	()Lavm;	getSession
METHOD	ave	M	()Lcom/mojang/authlib/properties/PropertyMap;	getTwitchDetails
METHOD	ave	N	()Lcom/mojang/authlib/properties/PropertyMap;	getProfileProperties
METHOD	ave	O	()Ljava/net/Proxy;	getProxy
METHOD	ave	P	()Lbmj;	getTextureManager
METHOD	ave	Q	()Lbni;	getResourceManager
METHOD	ave	R	()Lbnm;	getResourcePackRepository
METHOD	ave	S	()Lbns;	getLanguageManager
METHOD	ave	T	()Lbmh;	getTextureMapBlocks
METHOD	ave	U	()Z	isJava64bit
METHOD	ave	V	()Z	isGamePaused
METHOD	ave	W	()Lbpz;	getSoundHandler
METHOD	ave	X	()Lbpv$a;	getAmbientMusicType
METHOD	ave	Y	()Lbqm;	getTwitchStream
METHOD	ave	Z	()V	dispatchKeypresses
METHOD	ave	a	()V	run
METHOD	ave	a	(I)V	setDimensionAndSpawnPlayer
METHOD	ave	a	(II)V	resize
METHOD	ave	a	(IIIIIIIIII)V	draw
METHOD	ave	a	(J)V	displayDebugInfo
METHOD	ave	a	(Lave;)Ljava/lang/String;	access$000
METHOD	ave	a	(Laxu;)V	displayGuiScreen
METHOD	ave	a	(Lb;)V	crashed
METHOD	ave	a	(Lbdb;)V	loadWorld
METHOD	ave	a	(Lbdb;Ljava/lang/String;)V	loadWorld
METHOD	ave	a	(Lbde;)V	setServerData
METHOD	ave	a	(Lbmj;)V	drawSplashScreen
METHOD	ave	a	(Ljava/io/InputStream;)Ljava/nio/ByteBuffer;	readImageToBuffer
METHOD	ave	a	(Ljava/lang/Runnable;)Lcom/google/common/util/concurrent/ListenableFuture;	addScheduledTask
METHOD	ave	a	(Ljava/lang/String;Ljava/lang/String;Ladp;)V	launchIntegratedServer
METHOD	ave	a	(Ljava/util/concurrent/Callable;)Lcom/google/common/util/concurrent/ListenableFuture;	addScheduledTask
METHOD	ave	a	(Lor;)V	addServerStatsToSnooper
METHOD	ave	a	(Lpk;)V	setRenderViewEntity
METHOD	ave	a	(Lzw;ILakw;)Lzx;	pickBlockWithNBT
METHOD	ave	a	(Z)V	setConnectedToRealms
METHOD	ave	aA	()Ljava/lang/String;	getCurrentAction
METHOD	ave	aJ	()Z	isCallingFromMinecraftThread
METHOD	ave	aa	()Lcom/mojang/authlib/minecraft/MinecraftSessionService;	getSessionService
METHOD	ave	ab	()Lbnp;	getSkinManager
METHOD	ave	ac	()Lpk;	getRenderViewEntity
METHOD	ave	ad	()Z	isSnooperEnabled
METHOD	ave	ae	()Lbgd;	getBlockRendererDispatcher
METHOD	ave	af	()Lbiu;	getRenderManager
METHOD	ave	ag	()Lbjh;	getRenderItem
METHOD	ave	ah	()Lbfn;	getItemRenderer
METHOD	ave	ai	()I	getDebugFPS
METHOD	ave	aj	()Lnh;	getFrameTimer
METHOD	ave	ak	()Ljava/util/Map;	getSessionInfo
METHOD	ave	al	()Z	isConnectedToRealms
METHOD	ave	am	()V	startGame
METHOD	ave	an	()V	registerMetadataSerializers
METHOD	ave	ao	()V	initStream
METHOD	ave	ap	()V	createDisplay
METHOD	ave	aq	()V	setInitialDisplayMode
METHOD	ave	ar	()V	setWindowIcon
METHOD	ave	as	()Z	isJvm64bit
METHOD	ave	at	()V	startTimerHackThread
METHOD	ave	au	()V	updateDisplayMode
METHOD	ave	av	()V	runGameLoop
METHOD	ave	aw	()V	clickMouse
METHOD	ave	ax	()V	rightClickMouse
METHOD	ave	ay	()V	updateFramebufferSize
METHOD	ave	az	()V	middleClickMouse
METHOD	ave	b	()Lbfw;	getFramebuffer
METHOD	ave	b	(I)V	updateDebugProfilerName
METHOD	ave	b	(Lave;)Lbns;	access$100
METHOD	ave	b	(Lb;)Lb;	addGraphicsAndWorldToCrashReport
METHOD	ave	b	(Ljava/lang/String;)V	checkGLError
METHOD	ave	b	(Lor;)V	addServerTypeToSnooper
METHOD	ave	b	(Z)V	sendClickBlockToController
METHOD	ave	c	()Ljava/lang/String;	getVersion
METHOD	ave	c	(Lb;)V	displayCrashReport
METHOD	ave	d	()Z	isUnicode
METHOD	ave	e	()V	refreshResources
METHOD	ave	f	()Latr;	getSaveLoader
METHOD	ave	g	()V	shutdownMinecraftApplet
METHOD	ave	h	()V	updateDisplay
METHOD	ave	i	()V	checkWindowResize
METHOD	ave	j	()I	getLimitFramerate
METHOD	ave	k	()Z	isFramerateLimitBelowMax
METHOD	ave	l	()V	freeMemory
METHOD	ave	m	()V	shutdown
METHOD	ave	n	()V	setIngameFocus
METHOD	ave	o	()V	setIngameNotInFocus
METHOD	ave	p	()V	displayInGameMenu
METHOD	ave	q	()V	toggleFullscreen
METHOD	ave	r	()Lbpv;	getMusicTicker
METHOD	ave	s	()V	runTick
METHOD	ave	t	()Z	isDemo
METHOD	ave	u	()Lbcy;	getNetHandler
METHOD	ave	v	()Z	isGuiEnabled
METHOD	ave	w	()Z	isFancyGraphicsEnabled
METHOD	ave	x	()Z	isAmbientOcclusionEnabled
METHOD	avf	a	()V	grabMouseCursor
METHOD	avf	b	()V	ungrabMouseCursor
METHOD	avf	c	()V	mouseXYChange
METHOD	avh$1	getActualTypeArguments	()[Ljava/lang/reflect/Type;	getActualTypeArguments
METHOD	avh$1	getOwnerType	()Ljava/lang/reflect/Type;	getOwnerType
METHOD	avh$1	getRawType	()Ljava/lang/reflect/Type;	getRawType
METHOD	avh$a	a	()Z	getEnumFloat
METHOD	avh$a	a	(F)V	setValueMax
METHOD	avh$a	a	(I)Lavh$a;	getEnumOptions
METHOD	avh$a	a	(Lavh$a;)F	access$000
METHOD	avh$a	b	()Z	getEnumBoolean
METHOD	avh$a	b	(Lavh$a;)F	access$100
METHOD	avh$a	c	()I	returnEnumOrdinal
METHOD	avh$a	c	(F)F	normalizeValue
METHOD	avh$a	d	()Ljava/lang/String;	getEnumString
METHOD	avh$a	d	(F)F	denormalizeValue
METHOD	avh$a	e	(F)F	snapToStepClamp
METHOD	avh$a	f	()F	getValueMax
METHOD	avh$a	f	(F)F	snapToStep
METHOD	avh$a	valueOf	(Ljava/lang/String;)Lavh$a;	valueOf
METHOD	avh$a	values	()[Lavh$a;	values
METHOD	avh	a	()V	loadOptions
METHOD	avh	a	(Lavb;)Z	isKeyDown
METHOD	avh	a	(Lavb;I)V	setOptionKeyBinding
METHOD	avh	a	(Lavh$a;)F	getOptionFloatValue
METHOD	avh	a	(Lavh$a;F)V	setOptionFloatValue
METHOD	avh	a	(Lavh$a;I)V	setOptionValue
METHOD	avh	a	(Lbpg;)F	getSoundLevel
METHOD	avh	a	(Lbpg;F)V	setSoundLevel
METHOD	avh	a	(Ljava/lang/String;)F	parseFloat
METHOD	avh	a	(Lwo;)V	switchModelPartEnabled
METHOD	avh	a	(Lwo;Z)V	setModelPartEnabled
METHOD	avh	a	([Ljava/lang/String;I)Ljava/lang/String;	getTranslation
METHOD	avh	b	()V	saveOptions
METHOD	avh	b	(Lavh$a;)Z	getOptionOrdinalValue
METHOD	avh	c	()V	sendSettingsToServer
METHOD	avh	c	(I)Ljava/lang/String;	getKeyDisplayString
METHOD	avh	c	(Lavh$a;)Ljava/lang/String;	getKeyBinding
METHOD	avh	d	()Ljava/util/Set;	getModelParts
METHOD	avh	e	()I	shouldRenderClouds
METHOD	avh	f	()Z	isUsingNativeTransport
METHOD	avi	a	()V	setDoneWorking
METHOD	avi	a	(I)V	setLoadingProgress
METHOD	avi	a	(Ljava/lang/String;)V	displaySavingString
METHOD	avi	b	(Ljava/lang/String;)V	resetProgressAndMessage
METHOD	avi	c	(Ljava/lang/String;)V	displayLoadingString
METHOD	avi	d	(Ljava/lang/String;)V	displayString
METHOD	avj	a	(Ljava/io/File;)Ljava/io/File;	getTimestampedPNGFileForDirectory
METHOD	avj	a	(Ljava/io/File;IILbfw;)Leu;	saveScreenshot
METHOD	avj	a	(Ljava/io/File;Ljava/lang/String;IILbfw;)Leu;	saveScreenshot
METHOD	avl	a	()V	updateTimer
METHOD	avm$a	a	(Ljava/lang/String;)Lavm$a;	setSessionType
METHOD	avm$a	values	()[Lavm$a;	values
METHOD	avm	a	()Ljava/lang/String;	getSessionID
METHOD	avm	b	()Ljava/lang/String;	getPlayerID
METHOD	avm	c	()Ljava/lang/String;	getUsername
METHOD	avm	d	()Ljava/lang/String;	getToken
METHOD	avm	e	()Lcom/mojang/authlib/GameProfile;	getProfile
METHOD	avm	f	()Lavm$a;	getSessionType
METHOD	avn	a	()Z	getUnicodeFlag
METHOD	avn	a	(C)I	getCharWidth
METHOD	avn	a	(CZ)F	renderChar
METHOD	avn	a	(I)Ljy;	getUnicodePageLocation
METHOD	avn	a	(IZ)F	renderDefaultChar
METHOD	avn	a	(Lbni;)V	onResourceManagerReload
METHOD	avn	a	(Ljava/lang/String;)I	getStringWidth
METHOD	avn	a	(Ljava/lang/String;FFI)I	drawStringWithShadow
METHOD	avn	a	(Ljava/lang/String;FFIZ)I	drawString
METHOD	avn	a	(Ljava/lang/String;I)Ljava/lang/String;	trimStringToWidth
METHOD	avn	a	(Ljava/lang/String;III)I	drawString
METHOD	avn	a	(Ljava/lang/String;IIII)V	drawSplitString
METHOD	avn	a	(Ljava/lang/String;IIIIZ)I	renderStringAligned
METHOD	avn	a	(Ljava/lang/String;IIIZ)V	renderSplitString
METHOD	avn	a	(Ljava/lang/String;IZ)Ljava/lang/String;	trimStringToWidth
METHOD	avn	a	(Ljava/lang/String;Z)V	renderStringAtPos
METHOD	avn	a	(Z)V	setUnicodeFlag
METHOD	avn	b	()Z	getBidiFlag
METHOD	avn	b	(C)I	getColorCode
METHOD	avn	b	(CZ)F	renderUnicodeChar
METHOD	avn	b	(I)V	loadGlyphTexture
METHOD	avn	b	(Ljava/lang/String;)Ljava/lang/String;	getFormatFromString
METHOD	avn	b	(Ljava/lang/String;FFIZ)I	renderString
METHOD	avn	b	(Ljava/lang/String;I)I	splitStringWidth
METHOD	avn	b	(Z)V	setBidiFlag
METHOD	avn	c	()V	readFontTexture
METHOD	avn	c	(C)Z	isFormatColor
METHOD	avn	c	(Ljava/lang/String;)Ljava/lang/String;	bidiReorder
METHOD	avn	c	(Ljava/lang/String;I)Ljava/util/List;	listFormattedStringToWidth
METHOD	avn	d	()V	readGlyphSizes
METHOD	avn	d	(C)Z	isFormatSpecial
METHOD	avn	d	(Ljava/lang/String;)Ljava/lang/String;	trimStringNewline
METHOD	avn	d	(Ljava/lang/String;I)Ljava/lang/String;	wrapFormattedStringToWidth
METHOD	avn	e	()V	resetStyles
METHOD	avn	e	(Ljava/lang/String;I)I	sizeStringToWidth
METHOD	avo$1	a	(Laum;)Z	apply
METHOD	avo$1	apply	(Ljava/lang/Object;)Z	apply
METHOD	avo	a	()V	setDefaultTitlesTimes
METHOD	avo	a	(F)V	renderGameOverlay
METHOD	avo	a	(FLavr;)V	renderVignette
METHOD	avo	a	(IIIFLwn;)V	renderHotbarItem
METHOD	avo	a	(Lauk;Lavr;)V	renderScoreboard
METHOD	avo	a	(Lavr;)V	renderSelectedItem
METHOD	avo	a	(Lavr;F)V	renderTooltip
METHOD	avo	a	(Lavr;I)V	renderHorseJumpBar
METHOD	avo	a	(Leu;Z)V	setRecordPlaying
METHOD	avo	a	(Ljava/lang/String;)V	setRecordPlayingMessage
METHOD	avo	a	(Ljava/lang/String;Ljava/lang/String;III)V	displayTitle
METHOD	avo	a	(Ljava/lang/String;Z)V	setRecordPlaying
METHOD	avo	b	()Z	showCrosshair
METHOD	avo	b	(FLavr;)V	renderPortal
METHOD	avo	b	(Lavr;)V	renderDemo
METHOD	avo	b	(Lavr;I)V	renderExpBar
METHOD	avo	c	()V	updateTick
METHOD	avo	c	(Lavr;)V	renderStreamIndicator
METHOD	avo	d	()Lavt;	getChatGUI
METHOD	avo	d	(Lavr;)V	renderPlayerStats
METHOD	avo	e	()I	getUpdateCounter
METHOD	avo	e	(Lavr;)V	renderPumpkinOverlay
METHOD	avo	f	()Lavn;	getFontRenderer
METHOD	avo	g	()Lawm;	getSpectatorGui
METHOD	avo	h	()Lawh;	getTabList
METHOD	avo	i	()V	resetPlayersOverlayFooterHeader
METHOD	avo	j	()V	renderBossHealth
METHOD	avp	a	(FFIIII)V	drawTexturedModalRect
METHOD	avp	a	(IIFFIIFF)V	drawModalRectWithCustomSizedTexture
METHOD	avp	a	(IIFFIIIIFF)V	drawScaledCustomSizeModalRect
METHOD	avp	a	(IIII)V	drawHorizontalLine
METHOD	avp	a	(IIIII)V	drawRect
METHOD	avp	a	(IIIIII)V	drawGradientRect
METHOD	avp	a	(IILbmi;II)V	drawTexturedModalRect
METHOD	avp	a	(Lavn;Ljava/lang/String;III)V	drawCenteredString
METHOD	avp	b	(IIII)V	drawVerticalLine
METHOD	avp	b	(IIIIII)V	drawTexturedModalRect
METHOD	avp	c	(Lavn;Ljava/lang/String;III)V	drawString
METHOD	avq$a	a	()V	updateMapTexture
METHOD	avq$a	a	(Lavq$a;)V	access$000
METHOD	avq$a	a	(Lavq$a;Z)V	access$100
METHOD	avq$a	a	(Z)V	render
METHOD	avq$a	b	(Lavq$a;)Ljy;	access$300
METHOD	avq	a	()V	clearLoadedMaps
METHOD	avq	a	(Latg;)V	updateMapTexture
METHOD	avq	a	(Latg;Z)V	renderMap
METHOD	avq	a	(Lavq;)Lbmj;	access$400
METHOD	avq	b	()Ljy;	access$500
METHOD	avq	b	(Latg;)Lavq$a;	getMapRendererInstance
METHOD	avr	a	()I	getScaledWidth
METHOD	avr	b	()I	getScaledHeight
METHOD	avr	c	()D	getScaledWidth_double
METHOD	avr	d	()D	getScaledHeight_double
METHOD	avr	e	()I	getScaleFactor
METHOD	avs	a	()Z	isMouseOver
METHOD	avs	a	(I)V	setWidth
METHOD	avs	a	(II)V	mouseReleased
METHOD	avs	a	(Lave;II)V	drawButton
METHOD	avs	a	(Lbpz;)V	playPressSound
METHOD	avs	a	(Z)I	getHoverState
METHOD	avs	b	()I	getButtonWidth
METHOD	avs	b	(II)V	drawButtonForegroundLayer
METHOD	avs	b	(Lave;II)V	mouseDragged
METHOD	avs	c	(Lave;II)Z	mousePressed
METHOD	avt	a	()V	clearChatMessages
METHOD	avt	a	(F)I	calculateChatboxWidth
METHOD	avt	a	(I)V	drawChat
METHOD	avt	a	(II)Leu;	getChatComponent
METHOD	avt	a	(Leu;)V	printChatMessage
METHOD	avt	a	(Leu;I)V	printChatMessageWithOptionalDeletion
METHOD	avt	a	(Leu;IIZ)V	setChatLine
METHOD	avt	a	(Ljava/lang/String;)V	addToSentMessages
METHOD	avt	b	()V	refreshChat
METHOD	avt	b	(F)I	calculateChatboxHeight
METHOD	avt	b	(I)V	scroll
METHOD	avt	c	()Ljava/util/List;	getSentMessages
METHOD	avt	c	(I)V	deleteChatLine
METHOD	avt	d	()V	resetScroll
METHOD	avt	e	()Z	getChatOpen
METHOD	avt	f	()I	getChatWidth
METHOD	avt	g	()I	getChatHeight
METHOD	avt	h	()F	getChatScale
METHOD	avt	i	()I	getLineCount
METHOD	avu	a	(Leu;ILavn;ZZ)Ljava/util/List;	splitText
METHOD	avu	a	(Ljava/lang/String;Z)Ljava/lang/String;	func_178909_a
METHOD	avv	a	()V	renderDebugInfoLeft
METHOD	avv	a	(IIF)I	blendColors
METHOD	avv	a	(J)J	bytesToMb
METHOD	avv	a	(Lavr;)V	renderDebugInfo
METHOD	avv	b	()Ljava/util/List;	call
METHOD	avv	b	(Lavr;)V	renderDebugInfoRight
METHOD	avv	c	()Ljava/util/List;	getDebugInfoRight
METHOD	avv	c	(IIII)I	getFrameColor
METHOD	avv	d	()Z	isReducedDebug
METHOD	avv	e	()V	renderLagometer
METHOD	avw	a	()V	updateCursorCounter
METHOD	avw	a	(CI)Z	textboxKeyTyped
METHOD	avw	a	(I)V	deleteWords
METHOD	avw	a	(II)I	getNthWordFromPos
METHOD	avw	a	(III)V	mouseClicked
METHOD	avw	a	(IIZ)I	func_146197_a
METHOD	avw	a	(Lawg$b;)V	func_175207_a
METHOD	avw	a	(Lcom/google/common/base/Predicate;)V	setValidator
METHOD	avw	a	(Ljava/lang/String;)V	setText
METHOD	avw	a	(Z)V	setEnableBackgroundDrawing
METHOD	avw	b	()Ljava/lang/String;	getText
METHOD	avw	b	(I)V	deleteFromCursor
METHOD	avw	b	(Ljava/lang/String;)V	writeText
METHOD	avw	b	(Z)V	setFocused
METHOD	avw	c	()Ljava/lang/String;	getSelectedText
METHOD	avw	c	(I)I	getNthWordFromCursor
METHOD	avw	c	(IIII)V	drawCursorVertical
METHOD	avw	c	(Z)V	setEnabled
METHOD	avw	d	()I	getId
METHOD	avw	d	(I)V	moveCursorBy
METHOD	avw	d	(Z)V	setCanLoseFocus
METHOD	avw	e	()V	setCursorPositionZero
METHOD	avw	e	(I)V	setCursorPosition
METHOD	avw	e	(Z)V	setVisible
METHOD	avw	f	()V	setCursorPositionEnd
METHOD	avw	f	(I)V	setMaxStringLength
METHOD	avw	g	()V	drawTextBox
METHOD	avw	g	(I)V	setTextColor
METHOD	avw	h	()I	getMaxStringLength
METHOD	avw	h	(I)V	setDisabledTextColour
METHOD	avw	i	()I	getCursorPosition
METHOD	avw	i	(I)V	setSelectionPos
METHOD	avw	j	()Z	getEnableBackgroundDrawing
METHOD	avw	m	()Z	isFocused
METHOD	avw	o	()I	getSelectionEnd
METHOD	avw	p	()I	getWidth
METHOD	avw	r	()Z	getVisible
METHOD	avx$a	a	(ILjava/lang/String;F)Ljava/lang/String;	getText
METHOD	avx	a	(F)V	func_175219_a
METHOD	avx	a	(FZ)V	func_175218_a
METHOD	avx	a	(II)V	mouseReleased
METHOD	avx	a	(Z)I	getHoverState
METHOD	avx	b	(Lave;II)V	mouseDragged
METHOD	avx	c	()F	func_175220_c
METHOD	avx	c	(Lave;II)Z	mousePressed
METHOD	avx	d	()F	func_175217_d
METHOD	avx	e	()Ljava/lang/String;	getDisplayString
METHOD	avy	a	()Lavy;	setCentered
METHOD	avy	a	(Lave;II)V	drawLabel
METHOD	avy	a	(Ljava/lang/String;)V	func_175202_a
METHOD	avy	b	(Lave;II)V	drawLabelBackground
METHOD	avz	a	(Lave;II)V	drawButton
METHOD	aw	a	(Lm;[Ljava/lang/String;)V	processCommand
METHOD	aw	c	()Ljava/lang/String;	getCommandName
METHOD	aw	c	(Lm;)Ljava/lang/String;	getCommandUsage
METHOD	awb	b	(Z)V	func_175212_b
METHOD	awb	c	()Ljava/lang/String;	buildDisplayString
METHOD	awb	c	(Lave;II)Z	mousePressed
METHOD	awc$a	a	()I	func_178910_a
METHOD	awc$a	b	()I	func_178912_b
METHOD	awc$a	values	()[Lawc$a;	values
METHOD	awc	a	(Lave;II)V	drawButton
METHOD	awc	b	(Z)V	func_175229_b
METHOD	awc	c	()Z	func_175230_c
METHOD	awd$a	a	(III)V	setSelected
METHOD	awd$a	a	(IIIIII)Z	mousePressed
METHOD	awd$a	a	(IIIIIIIZ)V	drawEntry
METHOD	awd$a	b	(IIIIII)V	mouseReleased
METHOD	awd	a	()V	drawBackground
METHOD	awd	a	(I)Z	isSelected
METHOD	awd	a	(III)V	func_178040_a
METHOD	awd	a	(IIIIII)V	drawSlot
METHOD	awd	a	(IZII)V	elementClicked
METHOD	awd	b	(I)Lawd$a;	getListEntry
METHOD	awd	b	(III)Z	mouseClicked
METHOD	awd	c	(III)Z	mouseReleased
METHOD	awe	c	()Lavh$a;	returnEnumOptions
METHOD	awf$a	a	(III)V	setSelected
METHOD	awf$a	a	(IIIIII)Z	mousePressed
METHOD	awf$a	a	(IIIIIIIZ)V	drawEntry
METHOD	awf$a	b	(IIIIII)V	mouseReleased
METHOD	awf	a	(Lave;IILavh$a;)Lavs;	func_148182_a
METHOD	awf	b	()I	getSize
METHOD	awf	b	(I)Lawd$a;	getListEntry
METHOD	awf	c	()I	getListWidth
METHOD	awf	c	(I)Lawf$a;	getListEntry
METHOD	awf	d	()I	getScrollBarX
METHOD	awg$a	a	()Z	func_178940_a
METHOD	awg$b	a	(IF)V	onTick
METHOD	awg$b	a	(ILjava/lang/String;)V	func_175319_a
METHOD	awg$b	a	(IZ)V	func_175321_a
METHOD	awg$c	a	()Lcom/google/common/base/Predicate;	func_178950_a
METHOD	awg$d	a	()Lavp;	func_178022_a
METHOD	awg$d	a	(III)V	setSelected
METHOD	awg$d	a	(IIIIII)Z	mousePressed
METHOD	awg$d	a	(IIIIIIIZ)V	drawEntry
METHOD	awg$d	a	(Lavp;III)Z	func_178026_a
METHOD	awg$d	a	(Lavp;IIIZ)V	func_178017_a
METHOD	awg$d	a	(Lavs;III)Z	func_178023_a
METHOD	awg$d	a	(Lavs;IIIZ)V	func_178024_a
METHOD	awg$d	a	(Lavw;III)V	func_178018_a
METHOD	awg$d	a	(Lavw;IZ)V	func_178027_a
METHOD	awg$d	a	(Lavy;IIIZ)V	func_178025_a
METHOD	awg$d	a	(Lawg$d;)Lavp;	access$000
METHOD	awg$d	b	()Lavp;	func_178021_b
METHOD	awg$d	b	(IIIIII)V	mouseReleased
METHOD	awg$d	b	(Lavp;III)V	func_178016_b
METHOD	awg$d	b	(Lavs;III)V	func_178019_b
METHOD	awg$d	b	(Lawg$d;)Lavp;	access$100
METHOD	awg$d	c	(Lawg$d;)Lavp;	access$200
METHOD	awg$f	b	()I	func_178935_b
METHOD	awg$f	c	()Ljava/lang/String;	func_178936_c
METHOD	awg$f	d	()Z	func_178934_d
METHOD	awg$g	a	()Lavx$a;	func_178945_a
METHOD	awg$g	e	()F	func_178943_e
METHOD	awg$g	f	()F	func_178944_f
METHOD	awg$g	g	()F	func_178942_g
METHOD	awg	a	(CI)V	func_178062_a
METHOD	awg	a	(IILawg$a;)Lawb;	func_178065_a
METHOD	awg	a	(IILawg$c;)Lavw;	func_178068_a
METHOD	awg	a	(IILawg$e;Z)Lavy;	func_178063_a
METHOD	awg	a	(IILawg$g;)Lavx;	func_178067_a
METHOD	awg	a	(Lavp;Z)V	func_178066_a
METHOD	awg	a	(Lawg$f;IZ)Lavp;	func_178058_a
METHOD	awg	a	(Z)V	func_181155_a
METHOD	awg	b	()I	getSize
METHOD	awg	b	(I)Lawd$a;	getListEntry
METHOD	awg	b	(III)Z	mouseClicked
METHOD	awg	c	()I	getListWidth
METHOD	awg	c	(I)V	func_181156_c
METHOD	awg	d	()I	getScrollBarX
METHOD	awg	d	(I)Lavp;	func_178061_c
METHOD	awg	e	()I	func_178059_e
METHOD	awg	e	(I)Lawg$d;	getListEntry
METHOD	awg	e	(II)V	func_178060_e
METHOD	awg	f	()I	func_178057_f
METHOD	awg	g	()Lavp;	func_178056_g
METHOD	awg	h	()V	func_178071_h
METHOD	awg	i	()V	func_178064_i
METHOD	awg	s	()V	func_178069_s
METHOD	awg	t	()V	func_178055_t
METHOD	awh$a	a	(Lbdc;Lbdc;)I	compare
METHOD	awh$a	compare	(Ljava/lang/Object;Ljava/lang/Object;)I	compare
METHOD	awh	a	()V	resetFooterHeader
METHOD	awh	a	(IIILbdc;)V	drawPing
METHOD	awh	a	(ILauo;Lauk;)V	renderPlayerlist
METHOD	awh	a	(Lauk;ILjava/lang/String;IILbdc;)V	drawScoreboardValues
METHOD	awh	a	(Lbdc;)Ljava/lang/String;	getPlayerName
METHOD	awh	a	(Leu;)V	setFooter
METHOD	awh	a	(Z)V	updatePlayerList
METHOD	awh	b	(Leu;)V	setHeader
METHOD	awi	a	()V	drawBackground
METHOD	awi	a	(I)Z	isSelected
METHOD	awi	a	(II)V	func_148132_a
METHOD	awi	a	(IIF)V	drawScreen
METHOD	awi	a	(III)V	func_178040_a
METHOD	awi	a	(IIII)V	setDimensions
METHOD	awi	a	(IIIIII)V	drawSlot
METHOD	awi	a	(IILbfx;)V	drawListHeader
METHOD	awi	a	(IZII)V	elementClicked
METHOD	awi	a	(Lavs;)V	actionPerformed
METHOD	awi	a	(ZI)V	setHasListHeader
METHOD	awi	b	()I	getSize
METHOD	awi	b	(II)V	func_148142_b
METHOD	awi	b	(IIII)V	drawSelectionBox
METHOD	awi	b	(Z)V	setShowSelectionBox
METHOD	awi	c	()I	getListWidth
METHOD	awi	c	(II)I	getSlotIndexFromScreenCoords
METHOD	awi	c	(IIII)V	overlayBackground
METHOD	awi	d	()I	getScrollBarX
METHOD	awi	d	(II)V	registerScrollButtons
METHOD	awi	d	(Z)V	setEnabled
METHOD	awi	g	(I)Z	isMouseYWithinSlotBounds
METHOD	awi	h	(I)V	scrollBy
METHOD	awi	i	(I)V	setSlotXBoundsFromLeft
METHOD	awi	k	()I	getContentHeight
METHOD	awi	l	()V	bindAmountScrolled
METHOD	awi	m	()I	func_148135_f
METHOD	awi	n	()I	getAmountScrolled
METHOD	awi	p	()V	handleMouseInput
METHOD	awi	q	()Z	getEnabled
METHOD	awi	r	()I	getSlotHeight
METHOD	awj	a	(II)V	mouseReleased
METHOD	awj	a	(Z)I	getHoverState
METHOD	awj	b	(Lave;II)V	mouseDragged
METHOD	awj	c	(Lave;II)Z	mousePressed
METHOD	awk	a	()V	updateStreamAlpha
METHOD	awk	a	(II)V	render
METHOD	awk	a	(IIII)V	render
METHOD	awk	b	()I	func_152440_b
METHOD	awk	c	()I	func_152438_c
METHOD	awm	a	()Z	func_175262_a
METHOD	awm	a	(I)V	func_175260_a
METHOD	awm	a	(IIFFLbah;)V	func_175266_a
METHOD	awm	a	(Lavr;)V	renderSelectedItem
METHOD	awm	a	(Lavr;F)V	renderTooltip
METHOD	awm	a	(Lavr;FIFLbaj;)V	func_175258_a
METHOD	awm	a	(Lbaf;)V	func_175257_a
METHOD	awm	b	()V	func_175261_b
METHOD	awm	b	(I)V	func_175259_b
METHOD	awm	c	()F	func_175265_c
METHOD	awp	a	(II)V	mouseReleased
METHOD	awp	a	(Ljava/lang/String;)V	setText
METHOD	awp	a	(Z)I	getHoverState
METHOD	awp	b	()I	getButtonWidth
METHOD	awp	b	(Lave;II)V	mouseDragged
METHOD	awp	b	(Z)V	setEnabled
METHOD	awp	c	()I	getId
METHOD	awp	c	(Lave;II)Z	mousePressed
METHOD	awp	c	(Z)I	func_154312_c
METHOD	awp	d	()Z	getEnabled
METHOD	awp	e	()I	getPositionY
METHOD	awp	f	()Lnet/minecraft/realms/RealmsButton;	getRealmsButton
METHOD	awp	g	()I	getHeight
METHOD	awq	a	()V	drawBackground
METHOD	awq	a	(I)Z	isSelected
METHOD	awq	a	(IIIIII)V	drawSlot
METHOD	awq	a	(IIILnet/minecraft/realms/Tezzelator;)V	func_178043_a
METHOD	awq	a	(IZII)V	elementClicked
METHOD	awq	b	()I	getSize
METHOD	awq	b	(IIII)V	drawSelectionBox
METHOD	awq	d	()I	getScrollBarX
METHOD	awq	e	()I	func_178044_e
METHOD	awq	f	()I	func_178042_f
METHOD	awq	g	()I	func_178045_g
METHOD	awq	k	()I	getContentHeight
METHOD	awq	p	()V	handleMouseInput
METHOD	awr	a	()Lnet/minecraft/realms/RealmsScreen;	func_154321_a
METHOD	awr	a	(CI)V	keyTyped
METHOD	awr	a	(IIF)V	drawScreen
METHOD	awr	a	(III)V	mouseClicked
METHOD	awr	a	(IIIIII)V	drawGradientRect
METHOD	awr	a	(IIIJ)V	mouseClickMove
METHOD	awr	a	(Lavs;)V	actionPerformed
METHOD	awr	a	(Ljava/lang/String;I)Ljava/util/List;	func_154323_a
METHOD	awr	a	(Ljava/lang/String;II)V	drawCreativeTabHoveringText
METHOD	awr	a	(Ljava/lang/String;III)V	func_154325_a
METHOD	awr	a	(Ljava/lang/String;IIIZ)V	func_154322_b
METHOD	awr	a	(Ljava/util/List;II)V	drawHoveringText
METHOD	awr	a	(Lnet/minecraft/realms/RealmsButton;)V	func_154327_a
METHOD	awr	a	(Lzx;II)V	renderToolTip
METHOD	awr	a	(ZI)V	confirmClicked
METHOD	awr	b	()V	initGui
METHOD	awr	b	(III)V	mouseReleased
METHOD	awr	b	(IIIIII)V	drawTexturedModalRect
METHOD	awr	b	(Ljava/lang/String;III)V	func_154319_c
METHOD	awr	b	(Lnet/minecraft/realms/RealmsButton;)V	func_154328_b
METHOD	awr	b_	(I)V	drawWorldBackground
METHOD	awr	c	()V	drawDefaultBackground
METHOD	awr	c	(Ljava/lang/String;)I	func_154326_c
METHOD	awr	d	()Z	doesGuiPauseGame
METHOD	awr	e	()V	updateScreen
METHOD	awr	h	()I	func_154329_h
METHOD	awr	i	()V	func_154324_i
METHOD	awr	j	()Ljava/util/List;	func_154320_j
METHOD	awr	k	()V	handleMouseInput
METHOD	awr	l	()V	handleKeyboardInput
METHOD	awr	m	()V	onGuiClosed
METHOD	aws	a	()V	drawBackground
METHOD	aws	a	(I)Z	isSelected
METHOD	aws	a	(IIIIII)V	drawSlot
METHOD	aws	a	(IZII)V	elementClicked
METHOD	aws	b	()I	getSize
METHOD	aws	d	()I	getScrollBarX
METHOD	aws	e	()I	getWidth
METHOD	aws	f	()I	getMouseY
METHOD	aws	g	()I	getMouseX
METHOD	aws	k	()I	getContentHeight
METHOD	aws	p	()V	handleMouseInput
METHOD	awt	a	()V	drawBackground
METHOD	awt	a	(I)Z	isSelected
METHOD	awt	a	(IIF)V	drawScreen
METHOD	awt	a	(IIIIII)V	drawSlot
METHOD	awt	a	(IZII)V	elementClicked
METHOD	awt	b	()I	getSize
METHOD	awt	d	()I	getScrollBarX
METHOD	awt	e	()I	getWidth
METHOD	awt	f	()I	getMouseY
METHOD	awt	g	()I	getMouseX
METHOD	awt	k	()I	getContentHeight
METHOD	awt	p	()V	handleMouseInput
METHOD	awu	a	(IIF)V	drawScreen
METHOD	awu	a	(Lavs;)V	actionPerformed
METHOD	awu	b	()V	initGui
METHOD	awv	a	()V	autocompletePlayerNames
METHOD	awv	a	(CI)V	keyTyped
METHOD	awv	a	(IIF)V	drawScreen
METHOD	awv	a	(III)V	mouseClicked
METHOD	awv	a	(Ljava/lang/String;Ljava/lang/String;)V	sendAutocompleteRequest
METHOD	awv	a	(Ljava/lang/String;Z)V	setText
METHOD	awv	a	([Ljava/lang/String;)V	onAutocompleteResponse
METHOD	awv	b	()V	initGui
METHOD	awv	b	(I)V	getSentHistory
METHOD	awv	d	()Z	doesGuiPauseGame
METHOD	awv	e	()V	updateScreen
METHOD	awv	k	()V	handleMouseInput
METHOD	awv	m	()V	onGuiClosed
METHOD	aww	a	()V	copyLinkToClipboard
METHOD	aww	a	(IIF)V	drawScreen
METHOD	aww	a	(Lavs;)V	actionPerformed
METHOD	aww	b	()V	initGui
METHOD	aww	f	()V	disableSecurityWarning
METHOD	awx	a	(ZI)V	confirmClicked
METHOD	awy	a	(IIF)V	drawScreen
METHOD	awy	a	(Lavs;)V	actionPerformed
METHOD	awy	b	()V	initGui
METHOD	awy	b	(I)V	setButtonDelay
METHOD	awy	e	()V	updateScreen
METHOD	awz$1	run	()V	run
METHOD	awz	a	()Lorg/apache/logging/log4j/Logger;	access$300
METHOD	awz	a	(CI)V	keyTyped
METHOD	awz	a	(IIF)V	drawScreen
METHOD	awz	a	(Lavs;)V	actionPerformed
METHOD	awz	a	(Lawz;)Z	access$000
METHOD	awz	a	(Lawz;Lek;)Lek;	access$102
METHOD	awz	a	(Ljava/lang/String;I)V	connect
METHOD	awz	b	()V	initGui
METHOD	awz	b	(Lawz;)Lek;	access$100
METHOD	awz	c	(Lawz;)Laxu;	access$200
METHOD	awz	e	()V	updateScreen
METHOD	ax	a	()I	getRequiredPermissionLevel
METHOD	ax	a	(Lm;[Ljava/lang/String;)V	processCommand
METHOD	ax	a	(Lm;[Ljava/lang/String;Lcj;)Ljava/util/List;	addTabCompletionOptions
METHOD	ax	b	([Ljava/lang/String;I)Z	isUsernameIndex
METHOD	ax	c	()Ljava/lang/String;	getCommandName
METHOD	ax	c	(Lm;)Ljava/lang/String;	getCommandUsage
METHOD	ax	d	()[Ljava/lang/String;	getUsernames
METHOD	ax	e	(Ljava/lang/String;)I	getSlotForShortcut
METHOD	axa$a	a	()V	drawBackground
METHOD	axa$a	a	(I)Z	isSelected
METHOD	axa$a	a	(IIIIII)V	drawSlot
METHOD	axa$a	a	(IILzx;)V	func_148225_a
METHOD	axa$a	a	(IZII)V	elementClicked
METHOD	axa$a	b	()I	getSize
METHOD	axa$a	d	()I	getScrollBarX
METHOD	axa$a	d	(IIII)V	func_148224_c
METHOD	axa$a	e	(II)V	func_148226_e
METHOD	axa	a	()Ljava/lang/String;	func_146384_e
METHOD	axa	a	(IIF)V	drawScreen
METHOD	axa	a	(Lavs;)V	actionPerformed
METHOD	axa	a	(Laxa;)F	access$000
METHOD	axa	a	(Ljava/lang/String;)V	func_146383_a
METHOD	axa	b	()V	initGui
METHOD	axa	b	(Laxa;)F	access$100
METHOD	axa	c	(Laxa;)F	access$200
METHOD	axa	d	(Laxa;)F	access$300
METHOD	axa	e	(Laxa;)Lapz;	access$400
METHOD	axa	f	()V	func_146375_g
METHOD	axa	g	()Z	func_146382_i
METHOD	axa	k	()V	handleMouseInput
METHOD	axb	a	()V	calcSaveDirName
METHOD	axb	a	(CI)V	keyTyped
METHOD	axb	a	(IIF)V	drawScreen
METHOD	axb	a	(III)V	mouseClicked
METHOD	axb	a	(Lato;)V	recreateFromExistingWorld
METHOD	axb	a	(Latr;Ljava/lang/String;)Ljava/lang/String;	getUncollidingSaveDirName
METHOD	axb	a	(Lavs;)V	actionPerformed
METHOD	axb	a	(Z)V	showMoreWorldOptions
METHOD	axb	b	()V	initGui
METHOD	axb	e	()V	updateScreen
METHOD	axb	f	()V	updateDisplayState
METHOD	axb	g	()Z	canSelectCurWorldType
METHOD	axb	h	()V	toggleMoreWorldOptions
METHOD	axb	m	()V	onGuiClosed
METHOD	axc$b	a	()V	drawBackground
METHOD	axc$b	a	(I)Z	isSelected
METHOD	axc$b	a	(IIIIII)V	drawSlot
METHOD	axc$b	a	(IILjy;)V	func_178051_a
METHOD	axc$b	a	(IZII)V	elementClicked
METHOD	axc$b	b	()I	getSize
METHOD	axc	a	()V	func_175304_a
METHOD	axc	a	(CI)V	keyTyped
METHOD	axc	a	(IIF)V	drawScreen
METHOD	axc	a	(III)V	mouseClicked
METHOD	axc	a	(Lavs;)V	actionPerformed
METHOD	axc	a	(Laxc;)Laxc$b;	access$100
METHOD	axc	a	(Laxc;IIII)V	access$300
METHOD	axc	b	()V	initGui
METHOD	axc	b	(Laxc;)Lavw;	access$200
METHOD	axc	b	(Laxc;IIII)V	access$400
METHOD	axc	c	(Laxc;IIII)V	access$500
METHOD	axc	d	(Laxc;IIII)V	access$600
METHOD	axc	e	()V	updateScreen
METHOD	axc	f	()Ljava/util/List;	access$000
METHOD	axc	g	()Z	func_175305_g
METHOD	axc	k	()V	handleMouseInput
METHOD	axc	m	()V	onGuiClosed
METHOD	axd$1	a	(Ljava/lang/String;)Z	apply
METHOD	axd$1	apply	(Ljava/lang/Object;)Z	apply
METHOD	axd	a	()Ljava/lang/String;	func_175323_a
METHOD	axd	a	(CI)V	keyTyped
METHOD	axd	a	(F)V	func_175327_a
METHOD	axd	a	(IF)V	onTick
METHOD	axd	a	(IIF)V	drawScreen
METHOD	axd	a	(III)V	mouseClicked
METHOD	axd	a	(ILjava/lang/String;)V	func_175319_a
METHOD	axd	a	(ILjava/lang/String;F)Ljava/lang/String;	getText
METHOD	axd	a	(IZ)V	func_175321_a
METHOD	axd	a	(Lavs;)V	actionPerformed
METHOD	axd	a	(Ljava/lang/String;)V	func_175324_a
METHOD	axd	a	(Z)V	func_181031_a
METHOD	axd	b	()V	initGui
METHOD	axd	b	(I)V	func_175322_b
METHOD	axd	b	(IF)Ljava/lang/String;	func_175330_b
METHOD	axd	b	(III)V	mouseReleased
METHOD	axd	b	(Z)V	func_175329_a
METHOD	axd	f	()V	func_175325_f
METHOD	axd	g	()V	func_175326_g
METHOD	axd	h	()V	func_175331_h
METHOD	axd	i	()V	func_175328_i
METHOD	axd	k	()V	handleMouseInput
METHOD	axe	a	(CI)V	keyTyped
METHOD	axe	a	(IIF)V	drawScreen
METHOD	axe	a	(Lavs;)V	actionPerformed
METHOD	axe	a	(ZI)V	confirmClicked
METHOD	axe	b	()V	initGui
METHOD	axe	d	()Z	doesGuiPauseGame
METHOD	axe	e	()V	updateScreen
METHOD	axf	a	(IIF)V	drawScreen
METHOD	axf	a	(Lavs;)V	actionPerformed
METHOD	axf	b	()V	initGui
METHOD	axf	c	()V	drawDefaultBackground
METHOD	axf	e	()V	updateScreen
METHOD	axg	a	(CI)V	keyTyped
METHOD	axg	a	(IIF)V	drawScreen
METHOD	axg	a	(III)V	mouseClicked
METHOD	axg	a	(Lavs;)V	actionPerformed
METHOD	axg	b	()V	initGui
METHOD	axg	e	()V	updateScreen
METHOD	axg	m	()V	onGuiClosed
METHOD	axh	a	(CI)V	keyTyped
METHOD	axh	a	(IIF)V	drawScreen
METHOD	axh	a	(Lavs;)V	actionPerformed
METHOD	axh	b	()V	initGui
METHOD	axi$1	a	(Ljava/lang/String;)Z	apply
METHOD	axi$1	apply	(Ljava/lang/Object;)Z	apply
METHOD	axi	a	(CI)V	keyTyped
METHOD	axi	a	(IIF)V	drawScreen
METHOD	axi	a	(III)V	mouseClicked
METHOD	axi	a	(Lavs;)V	actionPerformed
METHOD	axi	b	()V	initGui
METHOD	axi	e	()V	updateScreen
METHOD	axi	m	()V	onGuiClosed
METHOD	axj	a	(CI)V	keyTyped
METHOD	axj	a	(IIF)V	drawScreen
METHOD	axj	a	(Lavs;)V	actionPerformed
METHOD	axj	b	()V	initGui
METHOD	axk	a	(CI)V	keyTyped
METHOD	axk	a	(Lavs;)V	actionPerformed
METHOD	axk	b	()V	initGui
METHOD	axk	f	()V	wakeFromSleep
METHOD	axl$a	a	()V	drawBackground
METHOD	axl$a	a	(I)Z	isSelected
METHOD	axl$a	a	(IIIIII)V	drawSlot
METHOD	axl$a	a	(IZII)V	elementClicked
METHOD	axl$a	b	()I	getSize
METHOD	axl$a	k	()I	getContentHeight
METHOD	axl	a	(IIF)V	drawScreen
METHOD	axl	a	(Lavs;)V	actionPerformed
METHOD	axl	a	(Laxl;)Lbns;	access$000
METHOD	axl	b	()V	initGui
METHOD	axl	b	(Laxl;)Lavh;	access$100
METHOD	axl	c	(Laxl;)Lawe;	access$200
METHOD	axl	d	(Laxl;)Lawe;	access$300
METHOD	axl	k	()V	handleMouseInput
METHOD	axn$1	a	(Lbpz;)V	playPressSound
METHOD	axn	a	(IIF)V	drawScreen
METHOD	axn	a	(Lavs;)V	actionPerformed
METHOD	axn	a	(Loj;)Ljava/lang/String;	func_175355_a
METHOD	axn	a	(ZI)V	confirmClicked
METHOD	axn	b	()V	initGui
METHOD	axo	a	(CI)V	keyTyped
METHOD	axo	a	(IIF)V	drawScreen
METHOD	axo	a	(Lavs;)V	actionPerformed
METHOD	axo	b	()V	initGui
METHOD	axp	a	(IIF)V	drawScreen
METHOD	axp	a	(Lavs;)V	actionPerformed
METHOD	axp	b	()V	initGui
METHOD	axp	e	()V	updateScreen
METHOD	axq$b	a	()V	drawBackground
METHOD	axq$b	a	(I)Z	isSelected
METHOD	axq$b	a	(IIIIII)V	drawSlot
METHOD	axq$b	a	(IILzw;I)V	func_178054_a
METHOD	axq$b	a	(IZII)V	elementClicked
METHOD	axq$b	b	()I	getSize
METHOD	axq$b	d	(IIII)V	func_148171_c
METHOD	axq$b	e	(II)V	func_148173_e
METHOD	axq	a	()V	func_146426_g
METHOD	axq	a	(CI)V	keyTyped
METHOD	axq	a	(IIF)V	drawScreen
METHOD	axq	a	(III)V	mouseClicked
METHOD	axq	a	(Lavs;)V	actionPerformed
METHOD	axq	a	(Laxq;)F	access$000
METHOD	axq	a	(Ljava/lang/String;Lzw;ILady;Ljava/util/List;[Laqa;)V	func_175354_a
METHOD	axq	a	(Ljava/lang/String;Lzw;Lady;Ljava/util/List;[Laqa;)V	func_146421_a
METHOD	axq	a	(Ljava/lang/String;Lzw;Lady;[Laqa;)V	func_146425_a
METHOD	axq	b	()V	initGui
METHOD	axq	b	(Laxq;)F	access$100
METHOD	axq	c	(Laxq;)F	access$200
METHOD	axq	d	(Laxq;)F	access$300
METHOD	axq	e	()V	updateScreen
METHOD	axq	e	(Laxq;)Laxq$b;	access$500
METHOD	axq	f	()Ljava/util/List;	access$400
METHOD	axq	f	(Laxq;)Lavw;	access$600
METHOD	axq	g	()Z	func_146430_p
METHOD	axq	k	()V	handleMouseInput
METHOD	axq	m	()V	onGuiClosed
METHOD	axr	a	()V	setDoneWorking
METHOD	axr	a	(I)V	setLoadingProgress
METHOD	axr	a	(IIF)V	drawScreen
METHOD	axr	a	(Ljava/lang/String;)V	displaySavingString
METHOD	axr	b	(Ljava/lang/String;)V	resetProgressAndMessage
METHOD	axr	c	(Ljava/lang/String;)V	displayLoadingString
METHOD	axs	a	(CI)V	keyTyped
METHOD	axs	a	(IIF)V	drawScreen
METHOD	axs	b	()V	initGui
METHOD	axs	d	()Z	doesGuiPauseGame
METHOD	axs	e	()V	updateScreen
METHOD	axt	a	(CI)V	keyTyped
METHOD	axt	a	(IIF)V	drawScreen
METHOD	axt	a	(III)V	mouseClicked
METHOD	axt	a	(Lavs;)V	actionPerformed
METHOD	axt	b	()V	initGui
METHOD	axt	e	()V	updateScreen
METHOD	axt	m	()V	onGuiClosed
METHOD	axu	a	(CI)V	keyTyped
METHOD	axu	a	(II)V	setGuiSize
METHOD	axu	a	(IIF)V	drawScreen
METHOD	axu	a	(III)V	mouseClicked
METHOD	axu	a	(IIIJ)V	mouseClickMove
METHOD	axu	a	(Lave;II)V	setWorldAndResolution
METHOD	axu	a	(Lavs;)V	actionPerformed
METHOD	axu	a	(Leu;)Z	handleComponentClick
METHOD	axu	a	(Leu;II)V	handleComponentHover
METHOD	axu	a	(Ljava/lang/String;II)V	drawCreativeTabHoveringText
METHOD	axu	a	(Ljava/lang/String;Z)V	setText
METHOD	axu	a	(Ljava/net/URI;)V	openWebLink
METHOD	axu	a	(Ljava/util/List;II)V	drawHoveringText
METHOD	axu	a	(Lzx;II)V	renderToolTip
METHOD	axu	a	(ZI)V	confirmClicked
METHOD	axu	b	()V	initGui
METHOD	axu	b	(III)V	mouseReleased
METHOD	axu	b	(Lave;II)V	onResize
METHOD	axu	b	(Ljava/lang/String;Z)V	sendChatMessage
METHOD	axu	b_	(I)V	drawWorldBackground
METHOD	axu	c	()V	drawDefaultBackground
METHOD	axu	c	(I)V	drawBackground
METHOD	axu	d	()Z	doesGuiPauseGame
METHOD	axu	d	(I)Z	isKeyComboCtrlX
METHOD	axu	e	()V	updateScreen
METHOD	axu	e	(I)Z	isKeyComboCtrlV
METHOD	axu	e	(Ljava/lang/String;)V	setClipboardString
METHOD	axu	f	(I)Z	isKeyComboCtrlC
METHOD	axu	f	(Ljava/lang/String;)V	sendChatMessage
METHOD	axu	g	(I)Z	isKeyComboCtrlA
METHOD	axu	k	()V	handleMouseInput
METHOD	axu	l	()V	handleKeyboardInput
METHOD	axu	m	()V	onGuiClosed
METHOD	axu	o	()Ljava/lang/String;	getClipboardString
METHOD	axu	p	()V	handleInput
METHOD	axu	q	()Z	isCtrlKeyDown
METHOD	axu	r	()Z	isShiftKeyDown
METHOD	axu	s	()Z	isAltKeyDown
METHOD	axv$a	a	()V	drawBackground
METHOD	axv$a	a	(I)Z	isSelected
METHOD	axv$a	a	(IIIIII)V	drawSlot
METHOD	axv$a	a	(IZII)V	elementClicked
METHOD	axv$a	b	()I	getSize
METHOD	axv$a	k	()I	getContentHeight
METHOD	axv	a	()V	addWorldSelectionButtons
METHOD	axv	a	(IIF)V	drawScreen
METHOD	axv	a	(Lavs;)V	actionPerformed
METHOD	axv	a	(Lawx;Ljava/lang/String;I)Lawy;	makeDeleteWorldYesNo
METHOD	axv	a	(Laxv;)Ljava/util/List;	access$000
METHOD	axv	a	(Laxv;I)I	access$102
METHOD	axv	a	(ZI)V	confirmClicked
METHOD	axv	b	()V	initGui
METHOD	axv	b	(I)Ljava/lang/String;	func_146621_a
METHOD	axv	b	(Laxv;)I	access$100
METHOD	axv	c	(Laxv;)Lavs;	access$200
METHOD	axv	d	(Laxv;)Lavs;	access$300
METHOD	axv	e	(Laxv;)Lavs;	access$400
METHOD	axv	f	()V	loadLevelList
METHOD	axv	f	(Laxv;)Lavs;	access$500
METHOD	axv	g	(Laxv;)Ljava/lang/String;	access$600
METHOD	axv	h	(I)Ljava/lang/String;	func_146614_d
METHOD	axv	h	(Laxv;)Ljava/text/DateFormat;	access$700
METHOD	axv	i	(I)V	func_146615_e
METHOD	axv	i	(Laxv;)Ljava/lang/String;	access$800
METHOD	axv	j	(Laxv;)[Ljava/lang/String;	access$900
METHOD	axv	k	()V	handleMouseInput
METHOD	axw	a	()V	func_146595_g
METHOD	axw	a	(IIF)V	drawScreen
METHOD	axw	a	(Lavs;)V	actionPerformed
METHOD	axw	b	()V	initGui
METHOD	axx$a	a	(Laxx$a;)Lwo;	access$100
METHOD	axx	a	(IIF)V	drawScreen
METHOD	axx	a	(Lavs;)V	actionPerformed
METHOD	axx	a	(Laxx;Lwo;)Ljava/lang/String;	access$200
METHOD	axx	a	(Lwo;)Ljava/lang/String;	func_175358_a
METHOD	axx	b	()V	initGui
METHOD	axy$a	a	()V	drawBackground
METHOD	axy$a	a	(I)Z	isSelected
METHOD	axy$a	a	(IIIIII)V	drawSlot
METHOD	axy$a	a	(IZII)V	elementClicked
METHOD	axy$a	b	()I	getSize
METHOD	axy$a	d	()I	getScrollBarX
METHOD	axy	a	(IIF)V	drawScreen
METHOD	axy	a	(Lavs;)V	actionPerformed
METHOD	axy	a	(Laxy;)Ljava/util/List;	access$000
METHOD	axy	b	()V	initGui
METHOD	axy	b	(Laxy;)Ljava/util/List;	access$100
METHOD	axy	k	()V	handleMouseInput
METHOD	axz$a	a	(II)V	mouseReleased
METHOD	axz$a	a	(Lbpz;)V	playPressSound
METHOD	axz$a	a	(Z)I	getHoverState
METHOD	axz$a	b	(Lave;II)V	mouseDragged
METHOD	axz$a	c	(Lave;II)Z	mousePressed
METHOD	axz	a	(IIF)V	drawScreen
METHOD	axz	a	(Lavs;)V	actionPerformed
METHOD	axz	a	(Laxz;)Lavh;	access$000
METHOD	axz	a	(Lbpg;)Ljava/lang/String;	getSoundVolume
METHOD	axz	b	()V	initGui
METHOD	ay	a	(Lm;[Ljava/lang/String;)V	processCommand
METHOD	ay	c	()Ljava/lang/String;	getCommandName
METHOD	ay	c	(Lm;)Ljava/lang/String;	getCommandUsage
METHOD	aya	a	()Z	func_183501_a
METHOD	aya	a	(CI)V	keyTyped
METHOD	aya	a	(F)V	rotateAndBlurSkybox
METHOD	aya	a	(IIF)V	drawScreen
METHOD	aya	a	(III)V	mouseClicked
METHOD	aya	a	(Lavs;)V	actionPerformed
METHOD	aya	a	(ZI)V	confirmClicked
METHOD	aya	b	()V	initGui
METHOD	aya	b	(II)V	addSingleplayerMultiplayerButtons
METHOD	aya	b	(IIF)V	drawPanorama
METHOD	aya	c	(II)V	addDemoButtons
METHOD	aya	c	(IIF)V	renderSkybox
METHOD	aya	d	()Z	doesGuiPauseGame
METHOD	aya	e	()V	updateScreen
METHOD	aya	f	()V	switchToRealms
METHOD	aya	m	()V	onGuiClosed
METHOD	ayb	a	(IIF)V	drawScreen
METHOD	ayb	a	(III)V	mouseClicked
METHOD	ayb	a	(Lavs;)V	actionPerformed
METHOD	ayb	b	()V	initGui
METHOD	ayb	b	(III)V	mouseReleased
METHOD	ayb	k	()V	handleMouseInput
METHOD	ayc	a	()V	sendRespawnPacket
METHOD	ayc	a	(CI)V	keyTyped
METHOD	ayc	a	(IIF)V	drawScreen
METHOD	ayc	b	()V	initGui
METHOD	ayc	b	(IIF)V	drawWinGameScreen
METHOD	ayc	d	()Z	doesGuiPauseGame
METHOD	ayc	e	()V	updateScreen
METHOD	ayd	a	()V	updateAchievementWindow
METHOD	ayd	a	(Lmq;)V	displayAchievement
METHOD	ayd	b	()V	clearAchievements
METHOD	ayd	b	(Lmq;)V	displayUnformattedAchievement
METHOD	ayd	c	()V	updateAchievementWindowScale
METHOD	aye	a	()V	doneLoading
METHOD	aye	a	(CI)V	keyTyped
METHOD	aye	a	(IIF)V	drawScreen
METHOD	aye	a	(Lafh;)Lbmi;	func_175371_a
METHOD	aye	a	(Lavs;)V	actionPerformed
METHOD	aye	b	()V	initGui
METHOD	aye	b	(IIF)V	drawAchievementScreen
METHOD	aye	d	()Z	doesGuiPauseGame
METHOD	aye	e	()V	updateScreen
METHOD	aye	f	()V	drawTitle
METHOD	ayf$a$1	a	(Lmu;Lmu;)I	compare
METHOD	ayf$a$1	compare	(Ljava/lang/Object;Ljava/lang/Object;)I	compare
METHOD	ayf$a	a	(IIIIII)V	drawSlot
METHOD	ayf$a	a	(IILbfx;)V	drawListHeader
METHOD	ayf$a	b	(I)Ljava/lang/String;	func_148210_b
METHOD	ayf$b	a	()V	drawBackground
METHOD	ayf$b	a	(I)Z	isSelected
METHOD	ayf$b	a	(IIIIII)V	drawSlot
METHOD	ayf$b	a	(IZII)V	elementClicked
METHOD	ayf$b	b	()I	getSize
METHOD	ayf$b	k	()I	getContentHeight
METHOD	ayf$c$1	a	(Lmu;Lmu;)I	compare
METHOD	ayf$c$1	compare	(Ljava/lang/Object;Ljava/lang/Object;)I	compare
METHOD	ayf$c	a	(IIIIII)V	drawSlot
METHOD	ayf$c	a	(IILbfx;)V	drawListHeader
METHOD	ayf$c	b	(I)Ljava/lang/String;	func_148210_b
METHOD	ayf$d	a	()V	drawBackground
METHOD	ayf$d	a	(I)Z	isSelected
METHOD	ayf$d	a	(IIIIII)V	drawSlot
METHOD	ayf$d	a	(IZII)V	elementClicked
METHOD	ayf$d	b	()I	getSize
METHOD	ayf$d	k	()I	getContentHeight
METHOD	ayf$e	a	()V	drawBackground
METHOD	ayf$e	a	(I)Z	isSelected
METHOD	ayf$e	a	(II)V	func_148132_a
METHOD	ayf$e	a	(IILbfx;)V	drawListHeader
METHOD	ayf$e	a	(IZII)V	elementClicked
METHOD	ayf$e	a	(Lmu;II)V	func_148213_a
METHOD	ayf$e	a	(Lmw;IIZ)V	func_148209_a
METHOD	ayf$e	b	()I	getSize
METHOD	ayf$e	b	(I)Ljava/lang/String;	func_148210_b
METHOD	ayf$e	b	(II)V	func_148142_b
METHOD	ayf$e	c	(I)Lmu;	func_148211_c
METHOD	ayf$e	d	(I)V	func_148212_h
METHOD	ayf	a	()V	doneLoading
METHOD	ayf	a	(IIF)V	drawScreen
METHOD	ayf	a	(IILzw;)V	drawStatsScreen
METHOD	ayf	a	(Lavs;)V	actionPerformed
METHOD	ayf	a	(Layf;)Lavn;	access$000
METHOD	ayf	a	(Layf;IIII)V	access$400
METHOD	ayf	a	(Layf;IIIIII)V	access$1000
METHOD	ayf	a	(Layf;IILzw;)V	access$1500
METHOD	ayf	b	()V	initGui
METHOD	ayf	b	(II)V	drawButtonBackground
METHOD	ayf	b	(Layf;)Lnb;	access$100
METHOD	ayf	b	(Layf;IIIIII)V	access$1300
METHOD	ayf	c	(IIII)V	drawSprite
METHOD	ayf	c	(Layf;)Lavn;	access$200
METHOD	ayf	d	()Z	doesGuiPauseGame
METHOD	ayf	d	(Layf;)Lavn;	access$300
METHOD	ayf	e	(Layf;)Lavn;	access$500
METHOD	ayf	f	()V	func_175366_f
METHOD	ayf	f	(Layf;)Lavn;	access$600
METHOD	ayf	g	()V	createButtons
METHOD	ayf	g	(Layf;)Lavn;	access$700
METHOD	ayf	h	(Layf;)Lavn;	access$800
METHOD	ayf	i	(Layf;)Lavn;	access$900
METHOD	ayf	j	(Layf;)Lavn;	access$1100
METHOD	ayf	k	()V	handleMouseInput
METHOD	ayf	k	(Layf;)Lavn;	access$1200
METHOD	ayf	l	(Layf;)Lavn;	access$1400
METHOD	ayf	m	(Layf;)Lavn;	access$1600
METHOD	ayf	n	(Layf;)Lavn;	access$1700
METHOD	ayf	o	(Layf;)Lavn;	access$1800
METHOD	ayf	p	(Layf;)Lavn;	access$1900
METHOD	ayf	q	(Layf;)Lavn;	access$2000
METHOD	ayf	r	(Layf;)Lavn;	access$2100
METHOD	ayf	s	(Layf;)Lavn;	access$2200
METHOD	ayg	a	()V	doneLoading
METHOD	ayi$a	a	(III)V	setSelected
METHOD	ayi$a	a	(IIIIII)Z	mousePressed
METHOD	ayi$a	a	(IIIIIIIZ)V	drawEntry
METHOD	ayi$a	b	(IIIIII)V	mouseReleased
METHOD	ayi$b	a	(III)V	setSelected
METHOD	ayi$b	a	(IIIIII)Z	mousePressed
METHOD	ayi$b	a	(IIIIIIIZ)V	drawEntry
METHOD	ayi$b	b	(IIIIII)V	mouseReleased
METHOD	ayi	a	(Layi;)Lave;	access$100
METHOD	ayi	b	()I	getSize
METHOD	ayi	b	(I)Lawd$a;	getListEntry
METHOD	ayi	b	(Layi;)Layj;	access$200
METHOD	ayi	c	()I	getListWidth
METHOD	ayi	c	(Layi;)I	access$300
METHOD	ayi	d	()I	getScrollBarX
METHOD	ayj	a	(CI)V	keyTyped
METHOD	ayj	a	(IIF)V	drawScreen
METHOD	ayj	a	(III)V	mouseClicked
METHOD	ayj	a	(Lavs;)V	actionPerformed
METHOD	ayj	b	()V	initGui
METHOD	ayj	b	(III)V	mouseReleased
METHOD	ayj	k	()V	handleMouseInput
METHOD	ayl	a	()V	updateDragSplitting
METHOD	ayl	a	(CI)V	keyTyped
METHOD	ayl	a	(FII)V	drawGuiContainerBackgroundLayer
METHOD	ayl	a	(IIF)V	drawScreen
METHOD	ayl	a	(III)V	mouseClicked
METHOD	ayl	a	(IIIJ)V	mouseClickMove
METHOD	ayl	a	(Lyg;)V	drawSlot
METHOD	ayl	a	(Lyg;II)Z	isMouseOverSlot
METHOD	ayl	a	(Lyg;III)V	handleMouseClick
METHOD	ayl	a	(Lzx;IILjava/lang/String;)V	drawItemStack
METHOD	ayl	b	()V	initGui
METHOD	ayl	b	(I)Z	checkHotbarKeys
METHOD	ayl	b	(II)V	drawGuiContainerForegroundLayer
METHOD	ayl	b	(III)V	mouseReleased
METHOD	ayl	c	(II)Lyg;	getSlotAtPosition
METHOD	ayl	c	(IIIIII)Z	isPointInRegion
METHOD	ayl	d	()Z	doesGuiPauseGame
METHOD	ayl	e	()V	updateScreen
METHOD	ayl	m	()V	onGuiClosed
METHOD	aym	a	()V	renameItem
METHOD	aym	a	(CI)V	keyTyped
METHOD	aym	a	(FII)V	drawGuiContainerBackgroundLayer
METHOD	aym	a	(IIF)V	drawScreen
METHOD	aym	a	(III)V	mouseClicked
METHOD	aym	a	(Lxi;II)V	sendProgressBarUpdate
METHOD	aym	a	(Lxi;ILzx;)V	sendSlotContents
METHOD	aym	a	(Lxi;Ljava/util/List;)V	updateCraftingInventory
METHOD	aym	a	(Lxi;Log;)V	sendAllWindowProperties
METHOD	aym	b	()V	initGui
METHOD	aym	b	(II)V	drawGuiContainerForegroundLayer
METHOD	aym	m	()V	onGuiClosed
METHOD	ayn$a	b	(II)V	drawButtonForegroundLayer
METHOD	ayn$b	b	(II)V	drawButtonForegroundLayer
METHOD	ayn$c	b	(II)V	drawButtonForegroundLayer
METHOD	ayn$d	a	(Lave;II)V	drawButton
METHOD	ayn$d	b	(Z)V	func_146140_b
METHOD	ayn$d	c	()Z	func_146141_c
METHOD	ayn	a	()Ljy;	access$000
METHOD	ayn	a	(FII)V	drawGuiContainerBackgroundLayer
METHOD	ayn	a	(Lavs;)V	actionPerformed
METHOD	ayn	a	(Layn;Ljava/lang/String;II)V	access$100
METHOD	ayn	b	()V	initGui
METHOD	ayn	b	(II)V	drawGuiContainerForegroundLayer
METHOD	ayn	b	(Layn;Ljava/lang/String;II)V	access$200
METHOD	ayn	c	(Layn;Ljava/lang/String;II)V	access$300
METHOD	ayn	e	()V	updateScreen
METHOD	ayo$a	a	(Lave;II)V	drawButton
METHOD	ayo	a	()Ljy;	access$000
METHOD	ayo	a	(CI)V	keyTyped
METHOD	ayo	a	(IIF)V	drawScreen
METHOD	ayo	a	(III)V	mouseClicked
METHOD	ayo	a	(Lavs;)V	actionPerformed
METHOD	ayo	a	(Leu;)Z	handleComponentClick
METHOD	ayo	a	(Ljava/lang/String;)V	pageSetCurrent
METHOD	ayo	a	(Z)V	sendBookToServer
METHOD	ayo	b	()V	initGui
METHOD	ayo	b	(CI)V	keyTypedInBook
METHOD	ayo	b	(II)Leu;	func_175385_b
METHOD	ayo	b	(Ljava/lang/String;)V	pageInsertIntoCurrent
METHOD	ayo	c	(CI)V	keyTypedInTitle
METHOD	ayo	e	()V	updateScreen
METHOD	ayo	f	()V	updateButtons
METHOD	ayo	g	()V	addNewPage
METHOD	ayo	h	()Ljava/lang/String;	pageGetCurrent
METHOD	ayo	m	()V	onGuiClosed
METHOD	ayp	a	(FII)V	drawGuiContainerBackgroundLayer
METHOD	ayp	b	(II)V	drawGuiContainerForegroundLayer
METHOD	ayq	a	()V	func_175388_a
METHOD	ayq	a	(CI)V	keyTyped
METHOD	ayq	a	(IIF)V	drawScreen
METHOD	ayq	a	(III)V	mouseClicked
METHOD	ayq	a	(Lavs;)V	actionPerformed
METHOD	ayq	b	()V	initGui
METHOD	ayq	e	()V	updateScreen
METHOD	ayq	m	()V	onGuiClosed
METHOD	ayr	a	(FII)V	drawGuiContainerBackgroundLayer
METHOD	ayr	b	(II)V	drawGuiContainerForegroundLayer
METHOD	ays	a	(FII)V	drawGuiContainerBackgroundLayer
METHOD	ays	b	(II)V	drawGuiContainerForegroundLayer
METHOD	ayt	a	(Lxi;II)V	sendProgressBarUpdate
METHOD	ayt	a	(Lxi;ILzx;)V	sendSlotContents
METHOD	ayt	a	(Lxi;Ljava/util/List;)V	updateCraftingInventory
METHOD	ayt	a	(Lxi;Log;)V	sendAllWindowProperties
METHOD	ayu$a	a	(F)V	scrollTo
METHOD	ayu$a	a	(IIZLwn;)V	retrySlotClick
METHOD	ayu$a	a	(Lwn;)Z	canInteractWith
METHOD	ayu$a	a	(Lzx;Lyg;)Z	canMergeSlot
METHOD	ayu$a	b	(Lwn;I)Lzx;	transferStackInSlot
METHOD	ayu$a	b	(Lyg;)Z	canDragIntoSlot
METHOD	ayu$a	e	()Z	func_148328_e
METHOD	ayu$b	a	()I	getSlotStackLimit
METHOD	ayu$b	a	(I)Lzx;	decrStackSize
METHOD	ayu$b	a	(Layu$b;)Lyg;	access$100
METHOD	ayu$b	a	(Log;I)Z	isHere
METHOD	ayu$b	a	(Lwn;Lzx;)V	onPickupFromSlot
METHOD	ayu$b	a	(Lzx;)Z	isItemValid
METHOD	ayu$b	b	(Lzx;)I	getItemStackLimit
METHOD	ayu$b	c	()Ljava/lang/String;	getSlotTexture
METHOD	ayu$b	d	()Lzx;	getStack
METHOD	ayu$b	d	(Lzx;)V	putStack
METHOD	ayu$b	e	()Z	getHasStack
METHOD	ayu$b	f	()V	onSlotChanged
METHOD	ayu	a	()V	updateActivePotionEffects
METHOD	ayu	a	(CI)V	keyTyped
METHOD	ayu	a	(FII)V	drawGuiContainerBackgroundLayer
METHOD	ayu	a	(IIF)V	drawScreen
METHOD	ayu	a	(III)V	mouseClicked
METHOD	ayu	a	(Lavs;)V	actionPerformed
METHOD	ayu	a	(Lyg;III)V	handleMouseClick
METHOD	ayu	a	(Lyz;)V	func_147051_a
METHOD	ayu	a	(Lyz;II)Z	func_147049_a
METHOD	ayu	a	(Lzx;II)V	renderToolTip
METHOD	ayu	b	()V	initGui
METHOD	ayu	b	(II)V	drawGuiContainerForegroundLayer
METHOD	ayu	b	(III)V	mouseReleased
METHOD	ayu	b	(Lyz;)V	setCurrentCreativeTab
METHOD	ayu	b	(Lyz;II)Z	renderCreativeInventoryHoveringText
METHOD	ayu	e	()V	updateScreen
METHOD	ayu	f	()I	getSelectedTabIndex
METHOD	ayu	g	()Loq;	access$000
METHOD	ayu	h	()V	updateCreativeSearch
METHOD	ayu	i	()Z	needsScrollBars
METHOD	ayu	k	()V	handleMouseInput
METHOD	ayu	m	()V	onGuiClosed
METHOD	ayv	a	(FII)V	drawGuiContainerBackgroundLayer
METHOD	ayv	b	(II)V	drawGuiContainerForegroundLayer
METHOD	ayw	a	()V	updateActivePotionEffects
METHOD	ayw	a	(IIF)V	drawScreen
METHOD	ayw	b	()V	initGui
METHOD	ayw	f	()V	drawActivePotionEffects
METHOD	ayx	a	()Layx;	getInstance
METHOD	ayx	a	(J)V	reseedRandomGenerator
METHOD	ayx	b	()Ljava/lang/String;	generateNewRandomName
METHOD	ayy	a	()V	func_147068_g
METHOD	ayy	a	(FII)V	drawGuiContainerBackgroundLayer
METHOD	ayy	a	(IIF)V	drawScreen
METHOD	ayy	a	(III)V	mouseClicked
METHOD	ayy	b	(II)V	drawGuiContainerForegroundLayer
METHOD	ayy	e	()V	updateScreen
METHOD	ayz	a	(FII)V	drawGuiContainerBackgroundLayer
METHOD	ayz	b	(II)V	drawGuiContainerForegroundLayer
METHOD	ayz	h	(I)I	getCookProgressScaled
METHOD	ayz	i	(I)I	getBurnLeftScaled
METHOD	az	a	(Lm;[Ljava/lang/String;)V	processCommand
METHOD	az	c	()Ljava/lang/String;	getCommandName
METHOD	az	c	(Lm;)Ljava/lang/String;	getCommandUsage
METHOD	aza	a	(FII)V	drawGuiContainerBackgroundLayer
METHOD	aza	b	(II)V	drawGuiContainerForegroundLayer
METHOD	azb	a	(FII)V	drawGuiContainerBackgroundLayer
METHOD	azb	a	(IIF)V	drawScreen
METHOD	azb	b	(II)V	drawGuiContainerForegroundLayer
METHOD	azc	a	(FII)V	drawGuiContainerBackgroundLayer
METHOD	azc	a	(IIF)V	drawScreen
METHOD	azc	a	(IIIFFLpr;)V	drawEntityOnScreen
METHOD	azc	a	(Lavs;)V	actionPerformed
METHOD	azc	b	()V	initGui
METHOD	azc	b	(II)V	drawGuiContainerForegroundLayer
METHOD	azc	e	()V	updateScreen
METHOD	azd$a	a	(Lave;II)V	drawButton
METHOD	azd	a	()Lacy;	getMerchant
METHOD	azd	a	(FII)V	drawGuiContainerBackgroundLayer
METHOD	azd	a	(IIF)V	drawScreen
METHOD	azd	a	(Lavs;)V	actionPerformed
METHOD	azd	b	()V	initGui
METHOD	azd	b	(II)V	drawGuiContainerForegroundLayer
METHOD	azd	e	()V	updateScreen
METHOD	azd	f	()Ljy;	access$000
METHOD	aze	a	(CI)V	keyTyped
METHOD	aze	a	(IIF)V	drawScreen
METHOD	aze	a	(Lavs;)V	actionPerformed
METHOD	aze	b	()V	initGui
METHOD	aze	e	()V	updateScreen
METHOD	aze	m	()V	onGuiClosed
METHOD	azh	a	()V	createButtons
METHOD	azh	a	(CI)V	keyTyped
METHOD	azh	a	(IIF)V	drawScreen
METHOD	azh	a	(III)V	mouseClicked
METHOD	azh	a	(Lavs;)V	actionPerformed
METHOD	azh	a	(Lazk;I)Z	func_175392_a
METHOD	azh	a	(Lazk;IZ)V	func_175391_a
METHOD	azh	a	(Lbde;)V	connectToServer
METHOD	azh	a	(Ljava/lang/String;)V	setHoveringText
METHOD	azh	a	(ZI)V	confirmClicked
METHOD	azh	b	()V	initGui
METHOD	azh	b	(I)V	selectServer
METHOD	azh	b	(III)V	mouseReleased
METHOD	azh	b	(Lazk;I)Z	func_175394_b
METHOD	azh	b	(Lazk;IZ)V	func_175393_b
METHOD	azh	e	()V	updateScreen
METHOD	azh	f	()V	connectToSelected
METHOD	azh	g	()Lbdg;	getOldServerPinger
METHOD	azh	h	()Lbdf;	getServerList
METHOD	azh	i	()V	refreshServerList
METHOD	azh	k	()V	handleMouseInput
METHOD	azh	m	()V	onGuiClosed
METHOD	azi	a	(III)V	setSelected
METHOD	azi	a	(IIIIII)Z	mousePressed
METHOD	azi	a	(IIIIIIIZ)V	drawEntry
METHOD	azi	b	(IIIIII)V	mouseReleased
METHOD	azj	a	()Lbpq$a;	getLanServer
METHOD	azj	a	(III)V	setSelected
METHOD	azj	a	(IIIIII)Z	mousePressed
METHOD	azj	a	(IIIIIIIZ)V	drawEntry
METHOD	azj	b	(IIIIII)V	mouseReleased
METHOD	azk$1	run	()V	run
METHOD	azk	a	()Lbde;	getServerData
METHOD	azk	a	(III)V	setSelected
METHOD	azk	a	(IIIIII)Z	mousePressed
METHOD	azk	a	(IIIIIIIZ)V	drawEntry
METHOD	azk	a	(IILjy;)V	drawTextureAt
METHOD	azk	a	(Lazk;)Lbde;	access$000
METHOD	azk	b	()Z	func_178013_b
METHOD	azk	b	(IIIIII)V	mouseReleased
METHOD	azk	b	(Lazk;)Lazh;	access$100
METHOD	azk	c	()V	prepareServerIcon
METHOD	azl	a	(I)Z	isSelected
METHOD	azl	a	(Lbdf;)V	func_148195_a
METHOD	azl	a	(Ljava/util/List;)V	func_148194_a
METHOD	azl	b	()I	getSize
METHOD	azl	b	(I)Lawd$a;	getListEntry
METHOD	azl	c	()I	getListWidth
METHOD	azl	c	(I)V	setSelectedSlotIndex
METHOD	azl	d	()I	getScrollBarX
METHOD	azl	e	()I	func_148193_k
METHOD	azo	a	()Ljava/util/List;	getAvailableResourcePacks
METHOD	azo	a	(IIF)V	drawScreen
METHOD	azo	a	(III)V	mouseClicked
METHOD	azo	a	(Lavs;)V	actionPerformed
METHOD	azo	a	(Lazp;)Z	hasResourcePackEntry
METHOD	azo	b	()V	initGui
METHOD	azo	b	(III)V	mouseReleased
METHOD	azo	b	(Lazp;)Ljava/util/List;	getListContaining
METHOD	azo	f	()Ljava/util/List;	getSelectedResourcePacks
METHOD	azo	g	()V	markChanged
METHOD	azo	k	()V	handleMouseInput
METHOD	azp$1	a	(ZI)V	confirmClicked
METHOD	azp	a	()I	func_183019_a
METHOD	azp	a	(III)V	setSelected
METHOD	azp	a	(IIIIII)Z	mousePressed
METHOD	azp	a	(IIIIIIIZ)V	drawEntry
METHOD	azp	b	()Ljava/lang/String;	func_148311_a
METHOD	azp	b	(IIIIII)V	mouseReleased
METHOD	azp	c	()Ljava/lang/String;	func_148312_b
METHOD	azp	d	()V	func_148313_c
METHOD	azp	e	()Z	func_148310_d
METHOD	azp	f	()Z	func_148309_e
METHOD	azp	g	()Z	func_148308_f
METHOD	azp	h	()Z	func_148314_g
METHOD	azp	i	()Z	func_148307_h
METHOD	azq	a	()I	func_183019_a
METHOD	azq	b	()Ljava/lang/String;	func_148311_a
METHOD	azq	c	()Ljava/lang/String;	func_148312_b
METHOD	azq	d	()V	func_148313_c
METHOD	azq	e	()Z	func_148310_d
METHOD	azq	f	()Z	func_148309_e
METHOD	azq	g	()Z	func_148308_f
METHOD	azq	h	()Z	func_148314_g
METHOD	azq	i	()Z	func_148307_h
METHOD	azr	a	()I	func_183019_a
METHOD	azr	b	()Ljava/lang/String;	func_148311_a
METHOD	azr	c	()Ljava/lang/String;	func_148312_b
METHOD	azr	d	()V	func_148313_c
METHOD	azr	j	()Lbnm$a;	func_148318_i
METHOD	azt	e	()Ljava/lang/String;	getListHeader
METHOD	azu	a	(IILbfx;)V	drawListHeader
METHOD	azu	b	()I	getSize
METHOD	azu	b	(I)Lawd$a;	getListEntry
METHOD	azu	c	()I	getListWidth
METHOD	azu	c	(I)Lazp;	getListEntry
METHOD	azu	d	()I	getScrollBarX
METHOD	azu	e	()Ljava/lang/String;	getListHeader
METHOD	azu	f	()Ljava/util/List;	getList
METHOD	azv	e	()Ljava/lang/String;	getListHeader
METHOD	azy$a	a	()V	drawBackground
METHOD	azy$a	a	(I)Z	isSelected
METHOD	azy$a	a	(IIIIII)V	drawSlot
METHOD	azy$a	a	(IZII)V	elementClicked
METHOD	azy$a	b	()I	getSize
METHOD	azy$a	d	()I	getScrollBarX
METHOD	azy	a	(IIF)V	drawScreen
METHOD	azy	a	(Lavs;)V	actionPerformed
METHOD	azy	a	(Lazy;)Lavn;	access$000
METHOD	azy	b	()V	initGui
METHOD	azy	b	(Lazy;)Lavn;	access$100
METHOD	azy	c	(Lazy;)Lavn;	access$200
METHOD	azy	d	(Lazy;)Lavn;	access$300
METHOD	azy	e	(Lazy;)Lavn;	access$400
METHOD	azy	f	(Lazy;)Lavn;	access$500
METHOD	azy	g	(Lazy;)Lavn;	access$600
METHOD	azy	h	(Lazy;)Lavn;	access$700
METHOD	azy	k	()V	handleMouseInput
METHOD	azy	m	()V	onGuiClosed
METHOD	azz	a	(IIF)V	drawScreen
METHOD	azz	a	(Lavs;)V	actionPerformed
METHOD	azz	b	()V	initGui
METHOD	b$1	a	()Ljava/lang/String;	call
METHOD	b$1	call	()Ljava/lang/Object;	call
METHOD	b$2	a	()Ljava/lang/String;	call
METHOD	b$2	call	()Ljava/lang/Object;	call
METHOD	b$3	a	()Ljava/lang/String;	call
METHOD	b$3	call	()Ljava/lang/Object;	call
METHOD	b$4	a	()Ljava/lang/String;	call
METHOD	b$4	call	()Ljava/lang/Object;	call
METHOD	b$5	a	()Ljava/lang/String;	call
METHOD	b$5	call	()Ljava/lang/Object;	call
METHOD	b$6	a	()Ljava/lang/String;	call
METHOD	b$6	call	()Ljava/lang/Object;	call
METHOD	b$7	a	()Ljava/lang/String;	call
METHOD	b$7	call	()Ljava/lang/Object;	call
METHOD	b	a	()Ljava/lang/String;	getDescription
METHOD	b	a	(Ljava/io/File;)Z	saveToFile
METHOD	b	a	(Ljava/lang/String;)Lc;	makeCategory
METHOD	b	a	(Ljava/lang/String;I)Lc;	makeCategoryDepth
METHOD	b	a	(Ljava/lang/StringBuilder;)V	getSectionsInStringBuilder
METHOD	b	a	(Ljava/lang/Throwable;Ljava/lang/String;)Lb;	makeCrashReport
METHOD	b	b	()Ljava/lang/Throwable;	getCrashCause
METHOD	b	d	()Ljava/lang/String;	getCauseStackTraceOrString
METHOD	b	e	()Ljava/lang/String;	getCompleteReport
METHOD	b	f	()Ljava/io/File;	getFile
METHOD	b	g	()Lc;	getCategory
METHOD	b	h	()V	populateEnvironment
METHOD	b	i	()Ljava/lang/String;	getWittyComment
METHOD	ba	a	(Lm;[Ljava/lang/String;)V	processCommand
METHOD	ba	c	()Ljava/lang/String;	getCommandName
METHOD	ba	c	(Lm;)Ljava/lang/String;	getCommandUsage
METHOD	baa$a	a	()Leu;	func_152561_a
METHOD	baa$a	b	()Leu;	func_152559_b
METHOD	baa$a	values	()[Lbaa$a;	values
METHOD	baa	a	(IIF)V	drawScreen
METHOD	baa	a	(Lavs;)V	actionPerformed
METHOD	baa	a	(Laxu;)V	func_152321_a
METHOD	baa	a	(Ljava/lang/String;)V	func_152320_a
METHOD	baa	b	()V	initGui
METHOD	baa	m	()V	onGuiClosed
METHOD	bab	a	(IIF)V	drawScreen
METHOD	bab	a	(Lavs;)V	actionPerformed
METHOD	bab	a	(Ljava/util/Set;Ljava/util/Set;Lbqm;)Ljava/util/List;	func_152328_a
METHOD	bab	a	(Ltv/twitch/chat/ChatUserMode;Ljava/lang/String;Z)Leu;	func_152329_a
METHOD	bab	a	(Ltv/twitch/chat/ChatUserSubscription;Ljava/lang/String;Z)Leu;	func_152330_a
METHOD	bab	b	()V	initGui
METHOD	bad	A_	()Leu;	getSpectatorName
METHOD	bad	B_	()Z	func_178662_A_
METHOD	bad	a	(FI)V	func_178663_a
METHOD	bad	a	(Lbaf;)V	func_178661_a
METHOD	bae	a	()Ljava/util/List;	func_178669_a
METHOD	bae	b	()Leu;	func_178670_b
METHOD	baf$1	A_	()Leu;	getSpectatorName
METHOD	baf$1	B_	()Z	func_178662_A_
METHOD	baf$1	a	(FI)V	func_178663_a
METHOD	baf$1	a	(Lbaf;)V	func_178661_a
METHOD	baf$a	A_	()Leu;	getSpectatorName
METHOD	baf$a	B_	()Z	func_178662_A_
METHOD	baf$a	a	(FI)V	func_178663_a
METHOD	baf$a	a	(Lbaf;)V	func_178661_a
METHOD	baf$b	A_	()Leu;	getSpectatorName
METHOD	baf$b	B_	()Z	func_178662_A_
METHOD	baf$b	a	(FI)V	func_178663_a
METHOD	baf$b	a	(Lbaf;)V	func_178661_a
METHOD	baf	a	()Ljava/util/List;	func_178642_a
METHOD	baf	a	(I)Lbah;	func_178643_a
METHOD	baf	a	(Lbaf;I)I	access$112
METHOD	baf	a	(Lbag;)V	func_178647_a
METHOD	baf	b	()Lbah;	func_178645_b
METHOD	baf	b	(I)V	func_178644_b
METHOD	baf	c	()Lbag;	func_178650_c
METHOD	baf	d	()V	func_178641_d
METHOD	baf	e	()I	func_178648_e
METHOD	baf	f	()Lbaj;	func_178646_f
METHOD	bag	a	()Ljava/util/List;	func_178669_a
METHOD	bag	b	()Leu;	func_178670_b
METHOD	bah	A_	()Leu;	getSpectatorName
METHOD	bah	B_	()Z	func_178662_A_
METHOD	bah	a	(FI)V	func_178663_a
METHOD	bah	a	(Lbaf;)V	func_178661_a
METHOD	bai	a	(Lbaf;)V	func_175257_a
METHOD	baj	a	(I)Lbah;	func_178680_a
METHOD	baj	b	()I	func_178681_b
METHOD	bak$1	a	(Lbdc;Lbdc;)I	compare
METHOD	bak$1	compare	(Ljava/lang/Object;Ljava/lang/Object;)I	compare
METHOD	bak	A_	()Leu;	getSpectatorName
METHOD	bak	B_	()Z	func_178662_A_
METHOD	bak	a	()Ljava/util/List;	func_178669_a
METHOD	bak	a	(FI)V	func_178663_a
METHOD	bak	a	(Lbaf;)V	func_178661_a
METHOD	bak	b	()Leu;	func_178670_b
METHOD	bal$a	A_	()Leu;	getSpectatorName
METHOD	bal$a	B_	()Z	func_178662_A_
METHOD	bal$a	a	(FI)V	func_178663_a
METHOD	bal$a	a	(Lbaf;)V	func_178661_a
METHOD	bal	A_	()Leu;	getSpectatorName
METHOD	bal	B_	()Z	func_178662_A_
METHOD	bal	a	()Ljava/util/List;	func_178669_a
METHOD	bal	a	(FI)V	func_178663_a
METHOD	bal	a	(Lbaf;)V	func_178661_a
METHOD	bal	b	()Leu;	func_178670_b
METHOD	bas	a	(FFFFFFLpk;)V	setRotationAngles
METHOD	bat	a	(F)V	postRenderArm
METHOD	bat	a	(FFFFFFLpk;)V	setRotationAngles
METHOD	bat	a	(Lpk;FFFFFF)V	render
METHOD	bau	a	()V	renderBanner
METHOD	bav	a	(FFFFFFLpk;)V	setRotationAngles
METHOD	bav	a	(Lpk;FFFFFF)V	render
METHOD	baw	a	(FFFFFFLpk;)V	setRotationAngles
METHOD	baw	a	(Lpk;FFFFFF)V	render
METHOD	bax	a	(Lpk;FFFFFF)V	render
METHOD	bay	a	(FFFFFFLpk;)V	setRotationAngles
METHOD	bay	a	(Lpk;FFFFFF)V	render
METHOD	baz	a	()V	renderAll
METHOD	bb	a	()I	getRequiredPermissionLevel
METHOD	bb	a	(Lm;[Ljava/lang/String;)V	processCommand
METHOD	bb	a	(Lm;[Ljava/lang/String;Lcj;)Ljava/util/List;	addTabCompletionOptions
METHOD	bb	c	()Ljava/lang/String;	getCommandName
METHOD	bb	c	(Lm;)Ljava/lang/String;	getCommandUsage
METHOD	bba	a	(FFFFFFLpk;)V	setRotationAngles
METHOD	bba	a	(Lpk;FFFFFF)V	render
METHOD	bbc	a	(FFFFFFLpk;)V	setRotationAngles
METHOD	bbc	a	(Lpk;FFFFFF)V	render
METHOD	bbd	a	(FFFFFFLpk;)V	setRotationAngles
METHOD	bbe	a	(FFFFFFLpk;)V	setRotationAngles
METHOD	bbe	a	(Lpk;FFFFFF)V	render
METHOD	bbf	a	(FFFFFFLpk;)V	setRotationAngles
METHOD	bbf	a	(Lpk;FFFFFF)V	render
METHOD	bbg	a	()I	func_178706_a
METHOD	bbg	a	(FFFFFFLpk;)V	setRotationAngles
METHOD	bbg	a	(Lpk;FFFFFF)V	render
METHOD	bbh	a	(FFF)F	updateHorseRotation
METHOD	bbh	a	(Lbct;FFF)V	setBoxRotation
METHOD	bbh	a	(Lpk;FFFFFF)V	render
METHOD	bbh	a	(Lpr;FFF)V	setLivingAnimations
METHOD	bbi	a	(FFFFFFLpk;)V	setRotationAngles
METHOD	bbi	a	(Lpk;FFFFFF)V	render
METHOD	bbj	a	(F)V	postRenderArm
METHOD	bbj	a	(FFFFFFLpk;)V	setRotationAngles
METHOD	bbj	a	(Lbbo;)V	setModelAttributes
METHOD	bbj	a	(Lpk;FFFFFF)V	render
METHOD	bbj	a	(Z)V	setInvisible
METHOD	bbl	a	(Lpk;FFFFFF)V	render
METHOD	bbl	a	(Lpr;FFF)V	setLivingAnimations
METHOD	bbm	a	(FFFFFFLpk;)V	setRotationAngles
METHOD	bbm	a	(Lpk;FFFFFF)V	render
METHOD	bbn	a	(Lpk;FFFFFF)V	render
METHOD	bbo	a	(FFFFFFLpk;)V	setRotationAngles
METHOD	bbo	a	(Lbbo;)V	setModelAttributes
METHOD	bbo	a	(Lbct;Lbct;)V	copyModelAngles
METHOD	bbo	a	(Ljava/lang/String;)Lbcu;	getTextureOffset
METHOD	bbo	a	(Ljava/lang/String;II)V	setTextureOffset
METHOD	bbo	a	(Ljava/util/Random;)Lbct;	getRandomModelBox
METHOD	bbo	a	(Lpk;FFFFFF)V	render
METHOD	bbo	a	(Lpr;FFF)V	setLivingAnimations
METHOD	bbp	a	(FFFFFFLpk;)V	setRotationAngles
METHOD	bbp	a	(Lpk;FFFFFF)V	render
METHOD	bbp	a	(Lpr;FFF)V	setLivingAnimations
METHOD	bbr	a	()V	renderRightArm
METHOD	bbr	a	(F)V	postRenderArm
METHOD	bbr	a	(FFFFFFLpk;)V	setRotationAngles
METHOD	bbr	a	(Lpk;FFFFFF)V	render
METHOD	bbr	a	(Z)V	setInvisible
METHOD	bbr	b	()V	renderLeftArm
METHOD	bbr	b	(F)V	renderDeadmau5Head
METHOD	bbr	c	(F)V	renderCape
METHOD	bbs	a	()V	flipFace
METHOD	bbs	a	(Lbfd;F)V	draw
METHOD	bbt	a	(FFFFFFLpk;)V	setRotationAngles
METHOD	bbt	a	(Lpk;FFFFFF)V	render
METHOD	bbu	a	(FFFFFFLpk;)V	setRotationAngles
METHOD	bbu	a	(Lbct;FFF)V	setRotationOffset
METHOD	bbu	a	(Lpk;FFFFFF)V	render
METHOD	bbu	a	(Lpr;FFF)V	setLivingAnimations
METHOD	bbv	a	(FFFFFFLpk;)V	setRotationAngles
METHOD	bbv	a	(Lpr;FFF)V	setLivingAnimations
METHOD	bbw	a	(FFFFFFLpk;)V	setRotationAngles
METHOD	bbw	a	(Lpr;FFF)V	setLivingAnimations
METHOD	bbx	a	()V	renderSign
METHOD	bby	a	(FFFFFFLpk;)V	setRotationAngles
METHOD	bby	a	(Lpk;FFFFFF)V	render
METHOD	bbz	a	(FFFFFFLpk;)V	setRotationAngles
METHOD	bbz	a	(Lpk;FFFFFF)V	render
METHOD	bc	a	()I	getRequiredPermissionLevel
METHOD	bc	a	(Ljava/lang/String;Z)Lauk;	getObjective
METHOD	bc	a	(Lm;[Ljava/lang/String;)V	processCommand
METHOD	bc	a	(Lm;[Ljava/lang/String;Lcj;)Ljava/util/List;	addTabCompletionOptions
METHOD	bc	a	(Z)Ljava/util/List;	func_147184_a
METHOD	bc	b	(Lm;[Ljava/lang/String;)Z	func_175780_b
METHOD	bc	b	(Lm;[Ljava/lang/String;I)V	addObjective
METHOD	bc	b	([Ljava/lang/String;I)Z	isUsernameIndex
METHOD	bc	c	()Ljava/lang/String;	getCommandName
METHOD	bc	c	(Lm;)Ljava/lang/String;	getCommandUsage
METHOD	bc	c	(Lm;[Ljava/lang/String;I)V	addTeam
METHOD	bc	d	()Lauo;	getScoreboard
METHOD	bc	d	(Lm;)V	listObjectives
METHOD	bc	d	(Lm;[Ljava/lang/String;I)V	setTeamOption
METHOD	bc	e	()Ljava/util/List;	func_175782_e
METHOD	bc	e	(Ljava/lang/String;)Laul;	getTeam
METHOD	bc	e	(Lm;[Ljava/lang/String;I)V	removeTeam
METHOD	bc	f	(Lm;[Ljava/lang/String;I)V	listTeams
METHOD	bc	g	(Lm;[Ljava/lang/String;I)V	joinTeam
METHOD	bc	h	(Lm;Ljava/lang/String;)V	removeObjective
METHOD	bc	h	(Lm;[Ljava/lang/String;I)V	leaveTeam
METHOD	bc	i	(Lm;[Ljava/lang/String;I)V	emptyTeam
METHOD	bc	j	(Lm;[Ljava/lang/String;I)V	setObjectiveDisplay
METHOD	bc	k	(Lm;[Ljava/lang/String;I)V	listPlayers
METHOD	bc	l	(Lm;[Ljava/lang/String;I)V	setPlayer
METHOD	bc	m	(Lm;[Ljava/lang/String;I)V	resetPlayers
METHOD	bc	n	(Lm;[Ljava/lang/String;I)V	func_175779_n
METHOD	bc	o	(Lm;[Ljava/lang/String;I)V	func_175781_o
METHOD	bc	p	(Lm;[Ljava/lang/String;I)V	func_175778_p
METHOD	bca	a	(FFFFFFLpk;)V	setRotationAngles
METHOD	bca	a	(Lpr;FFF)V	setLivingAnimations
METHOD	bcc	a	(Lpk;FFFFFF)V	render
METHOD	bcd	a	(FFFFFFLpk;)V	setRotationAngles
METHOD	bcd	a	(Lpk;FFFFFF)V	render
METHOD	bce	a	(FFFFFFLpk;)V	setRotationAngles
METHOD	bce	a	(Lpk;FFFFFF)V	render
METHOD	bcf	a	(FFFFFFLpk;)V	setRotationAngles
METHOD	bcf	a	(Lpk;FFFFFF)V	render
METHOD	bcg	a	(FF)Lbcg;	setTexturePosition
METHOD	bch	a	(FF)F	func_78172_a
METHOD	bch	a	(FFFFFFLpk;)V	setRotationAngles
METHOD	bch	a	(Lpk;FFFFFF)V	render
METHOD	bch	a	(Lpr;FFF)V	setLivingAnimations
METHOD	bci	a	(FFFFFFLpk;)V	setRotationAngles
METHOD	bci	a	(Lpk;FFFFFF)V	render
METHOD	bcj	a	(FFFFFFLpk;)V	setRotationAngles
METHOD	bck	a	(FFFFFFLpk;)V	setRotationAngles
METHOD	bcl	a	(FFFFFFLpk;)V	setRotationAngles
METHOD	bcl	a	(Lpk;FFFFFF)V	render
METHOD	bcl	a	(Lpr;FFF)V	setLivingAnimations
METHOD	bcm	a	(FFFFFFLpk;)V	setRotationAngles
METHOD	bcm	a	(Lpk;FFFFFF)V	render
METHOD	bcm	a	(Lpr;FFF)V	setLivingAnimations
METHOD	bcn	a	(FFFFFFLpk;)V	setRotationAngles
METHOD	bco	a	(D)F	updateRotations
METHOD	bco	a	(Lpk;FFFFFF)V	render
METHOD	bco	a	(Lpr;FFF)V	setLivingAnimations
METHOD	bcp	a	(Lpk;FFFFFF)V	render
METHOD	bcr	a	(Lbfd;F)V	render
METHOD	bcr	a	(Ljava/lang/String;)Lbcr;	setBoxName
METHOD	bct	a	(F)V	render
METHOD	bct	a	(FFF)V	setRotationPoint
METHOD	bct	a	(FFFIII)Lbct;	addBox
METHOD	bct	a	(FFFIIIF)V	addBox
METHOD	bct	a	(FFFIIIZ)Lbct;	addBox
METHOD	bct	a	(II)Lbct;	setTextureOffset
METHOD	bct	a	(Lbct;)V	addChild
METHOD	bct	a	(Ljava/lang/String;FFFIII)Lbct;	addBox
METHOD	bct	b	(F)V	renderWithRotation
METHOD	bct	b	(II)Lbct;	setTextureSize
METHOD	bct	c	(F)V	postRender
METHOD	bct	d	(F)V	compileDisplayList
METHOD	bcx$1	operationComplete	(Lio/netty/util/concurrent/Future;)V	operationComplete
METHOD	bcx	a	(Lbcx;)Lek;	access$000
METHOD	bcx	a	(Leu;)V	onDisconnect
METHOD	bcx	a	(Ljg;)V	handleLoginSuccess
METHOD	bcx	a	(Ljh;)V	handleEncryptionRequest
METHOD	bcx	a	(Lji;)V	handleEnableCompression
METHOD	bcx	a	(Ljj;)V	handleDisconnect
METHOD	bcx	b	()Lcom/mojang/authlib/minecraft/MinecraftSessionService;	getSessionService
METHOD	bcy$1	onFailure	(Ljava/lang/Throwable;)V	onFailure
METHOD	bcy$1	onSuccess	(Ljava/lang/Object;)V	onSuccess
METHOD	bcy$2	onFailure	(Ljava/lang/Throwable;)V	onFailure
METHOD	bcy$2	onSuccess	(Ljava/lang/Object;)V	onSuccess
METHOD	bcy$3$1$1	onFailure	(Ljava/lang/Throwable;)V	onFailure
METHOD	bcy$3$1$1	onSuccess	(Ljava/lang/Object;)V	onSuccess
METHOD	bcy$3$1	a	(ZI)V	confirmClicked
METHOD	bcy$3	run	()V	run
METHOD	bcy	a	()Lek;	getNetworkManager
METHOD	bcy	a	(Lbcy;)Lek;	access$000
METHOD	bcy	a	(Lbcy;Lave;)Lave;	access$102
METHOD	bcy	a	(Leu;)V	onDisconnect
METHOD	bcy	a	(Lff;)V	addToSendQueue
METHOD	bcy	a	(Lfi;)V	handlePlayerPosLook
METHOD	bcy	a	(Lfk;)V	handleSpawnObject
METHOD	bcy	a	(Lfl;)V	handleSpawnExperienceOrb
METHOD	bcy	a	(Lfm;)V	handleSpawnGlobalEntity
METHOD	bcy	a	(Lfn;)V	handleSpawnMob
METHOD	bcy	a	(Lfo;)V	handleSpawnPainting
METHOD	bcy	a	(Lfp;)V	handleSpawnPlayer
METHOD	bcy	a	(Lfq;)V	handleAnimation
METHOD	bcy	a	(Lfr;)V	handleStatistics
METHOD	bcy	a	(Lfs;)V	handleBlockBreakAnim
METHOD	bcy	a	(Lft;)V	handleUpdateTileEntity
METHOD	bcy	a	(Lfu;)V	handleBlockAction
METHOD	bcy	a	(Lfv;)V	handleBlockChange
METHOD	bcy	a	(Lfw;)V	handleServerDifficulty
METHOD	bcy	a	(Lfx;)V	handleTabComplete
METHOD	bcy	a	(Lfy;)V	handleChat
METHOD	bcy	a	(Lfz;)V	handleMultiBlockChange
METHOD	bcy	a	(Lga;)V	handleConfirmTransaction
METHOD	bcy	a	(Lgb;)V	handleCloseWindow
METHOD	bcy	a	(Lgc;)V	handleOpenWindow
METHOD	bcy	a	(Lgd;)V	handleWindowItems
METHOD	bcy	a	(Lge;)V	handleWindowProperty
METHOD	bcy	a	(Lgf;)V	handleSetSlot
METHOD	bcy	a	(Lgg;)V	handleCustomPayload
METHOD	bcy	a	(Lgh;)V	handleDisconnect
METHOD	bcy	a	(Lgi;)V	handleEntityStatus
METHOD	bcy	a	(Lgj;)V	handleEntityNBT
METHOD	bcy	a	(Lgk;)V	handleExplosion
METHOD	bcy	a	(Lgl;)V	handleSetCompressionLevel
METHOD	bcy	a	(Lgm;)V	handleChangeGameState
METHOD	bcy	a	(Lgn;)V	handleKeepAlive
METHOD	bcy	a	(Lgo;)V	handleChunkData
METHOD	bcy	a	(Lgp;)V	handleMapChunkBulk
METHOD	bcy	a	(Lgq;)V	handleEffect
METHOD	bcy	a	(Lgr;)V	handleParticles
METHOD	bcy	a	(Lgs;)V	handleSoundEffect
METHOD	bcy	a	(Lgt;)V	handleJoinGame
METHOD	bcy	a	(Lgu;)V	handleMaps
METHOD	bcy	a	(Lgv;)V	handleEntityMovement
METHOD	bcy	a	(Lgw;)V	handleSignEditorOpen
METHOD	bcy	a	(Lgx;)V	handlePlayerAbilities
METHOD	bcy	a	(Lgy;)V	handleCombatEvent
METHOD	bcy	a	(Lgz;)V	handlePlayerListItem
METHOD	bcy	a	(Lha;)V	handleUseBed
METHOD	bcy	a	(Lhb;)V	handleDestroyEntities
METHOD	bcy	a	(Lhc;)V	handleRemoveEntityEffect
METHOD	bcy	a	(Lhd;)V	handleResourcePack
METHOD	bcy	a	(Lhe;)V	handleRespawn
METHOD	bcy	a	(Lhf;)V	handleEntityHeadLook
METHOD	bcy	a	(Lhg;)V	handleWorldBorder
METHOD	bcy	a	(Lhh;)V	handleCamera
METHOD	bcy	a	(Lhi;)V	handleHeldItemChange
METHOD	bcy	a	(Lhj;)V	handleDisplayScoreboard
METHOD	bcy	a	(Lhk;)V	handleEntityMetadata
METHOD	bcy	a	(Lhl;)V	handleEntityAttach
METHOD	bcy	a	(Lhm;)V	handleEntityVelocity
METHOD	bcy	a	(Lhn;)V	handleEntityEquipment
METHOD	bcy	a	(Lho;)V	handleSetExperience
METHOD	bcy	a	(Lhp;)V	handleUpdateHealth
METHOD	bcy	a	(Lhq;)V	handleScoreboardObjective
METHOD	bcy	a	(Lhr;)V	handleTeams
METHOD	bcy	a	(Lhs;)V	handleUpdateScore
METHOD	bcy	a	(Lht;)V	handleSpawnPosition
METHOD	bcy	a	(Lhu;)V	handleTimeUpdate
METHOD	bcy	a	(Lhv;)V	handleTitle
METHOD	bcy	a	(Lhw;)V	handleUpdateSign
METHOD	bcy	a	(Lhx;)V	handlePlayerListHeaderFooter
METHOD	bcy	a	(Lhy;)V	handleCollectItem
METHOD	bcy	a	(Lhz;)V	handleEntityTeleport
METHOD	bcy	a	(Lia;)V	handleEntityProperties
METHOD	bcy	a	(Lib;)V	handleEntityEffect
METHOD	bcy	a	(Ljava/lang/String;)Lbdc;	getPlayerInfo
METHOD	bcy	a	(Ljava/util/UUID;)Lbdc;	getPlayerInfo
METHOD	bcy	b	()V	cleanup
METHOD	bcy	b	(Lbcy;)Lave;	access$100
METHOD	bcy	d	()Ljava/util/Collection;	getPlayerInfoMap
METHOD	bcy	e	()Lcom/mojang/authlib/GameProfile;	getGameProfile
METHOD	bcz	a	(II)Z	chunkExists
METHOD	bcz	a	(Ladm;Ljava/lang/String;Lcj;)Lcj;	getStrongholdGen
METHOD	bcz	a	(Lamv;II)V	populate
METHOD	bcz	a	(Lamv;Lamy;II)Z	populateChunk
METHOD	bcz	a	(Lamy;II)V	recreateStructures
METHOD	bcz	a	(Lcj;)Lamy;	provideChunk
METHOD	bcz	a	(Lpt;Lcj;)Ljava/util/List;	getPossibleCreatures
METHOD	bcz	a	(ZLnu;)Z	saveChunks
METHOD	bcz	b	(II)V	unloadChunk
METHOD	bcz	c	()V	saveExtraData
METHOD	bcz	c	(II)Lamy;	loadChunk
METHOD	bcz	d	()Z	unloadQueuedChunks
METHOD	bcz	d	(II)Lamy;	provideChunk
METHOD	bcz	e	()Z	canSave
METHOD	bcz	f	()Ljava/lang/String;	makeString
METHOD	bcz	g	()I	getLoadedChunkCount
METHOD	bd	a	(Lm;Lk;ILjava/lang/String;[Ljava/lang/Object;)V	notifyOperators
METHOD	bda	a	()Z	isSpectator
METHOD	bda	a	(II)V	sendEnchantPacket
METHOD	bda	a	(IIIILwn;)Lzx;	windowClick
METHOD	bda	a	(Ladm;Lnb;)Lbew;	func_178892_a
METHOD	bda	a	(Ladp$a;)V	setGameType
METHOD	bda	a	(Lave;Lbda;Lcj;Lcq;)V	clickBlockCreative
METHOD	bda	a	(Lbew;Lbdb;Lzx;Lcj;Lcq;Laui;)Z	onPlayerRightClick
METHOD	bda	a	(Lcj;)Z	isHittingPosition
METHOD	bda	a	(Lcj;Lcq;)Z	onPlayerDestroyBlock
METHOD	bda	a	(Lwn;)V	setPlayerCapabilities
METHOD	bda	a	(Lwn;Ladm;Lzx;)Z	sendUseItem
METHOD	bda	a	(Lwn;Lpk;)V	attackEntity
METHOD	bda	a	(Lwn;Lpk;Lauh;)Z	isPlayerRightClickingOnEntity
METHOD	bda	a	(Lzx;)V	sendPacketDropItem
METHOD	bda	a	(Lzx;I)V	sendSlotPacket
METHOD	bda	b	()Z	shouldDrawHUD
METHOD	bda	b	(Lcj;Lcq;)Z	clickBlock
METHOD	bda	b	(Lwn;)V	flipPlayer
METHOD	bda	b	(Lwn;Lpk;)Z	interactWithEntitySendPacket
METHOD	bda	c	()V	resetBlockRemoving
METHOD	bda	c	(Lcj;Lcq;)Z	onPlayerDamageBlock
METHOD	bda	c	(Lwn;)V	onStoppedUsingItem
METHOD	bda	d	()F	getBlockReachDistance
METHOD	bda	e	()V	updateController
METHOD	bda	f	()Z	gameIsSurvivalOrAdventure
METHOD	bda	g	()Z	isNotCreative
METHOD	bda	h	()Z	isInCreativeMode
METHOD	bda	i	()Z	extendedReach
METHOD	bda	j	()Z	isRidingHorse
METHOD	bda	k	()Z	isSpectatorMode
METHOD	bda	l	()Ladp$a;	getCurrentGameType
METHOD	bda	m	()Z	getIsHittingBlock
METHOD	bda	n	()V	syncCurrentPlayItem
METHOD	bdb$1	a	()Ljava/lang/String;	call
METHOD	bdb$1	call	()Ljava/lang/Object;	call
METHOD	bdb$2	a	()Ljava/lang/String;	call
METHOD	bdb$2	call	()Ljava/lang/Object;	call
METHOD	bdb$3	a	()Ljava/lang/String;	call
METHOD	bdb$3	call	()Ljava/lang/Object;	call
METHOD	bdb$4	a	()Ljava/lang/String;	call
METHOD	bdb$4	call	()Ljava/lang/Object;	call
METHOD	bdb	H	()V	sendQuittingDisconnectingPacket
METHOD	bdb	a	()V	removeAllEntities
METHOD	bdb	a	(DDDDDDLdn;)V	makeFireworks
METHOD	bdb	a	(DDDLjava/lang/String;FFZ)V	playSound
METHOD	bdb	a	(I)Lpk;	getEntityByID
METHOD	bdb	a	(IIIIII)V	invalidateBlockReceiveRegion
METHOD	bdb	a	(ILpk;)V	addEntityToWorld
METHOD	bdb	a	(Lauo;)V	setWorldScoreboard
METHOD	bdb	a	(Lb;)Lc;	addWorldInfoToCrashReport
METHOD	bdb	a	(Lbdb;)Ljava/util/Set;	access$000
METHOD	bdb	a	(Lcj;Ljava/lang/String;FFZ)V	playSoundAtPos
METHOD	bdb	a	(Lpk;)V	onEntityAdded
METHOD	bdb	b	(III)V	doVoidFogParticles
METHOD	bdb	b	(IIZ)V	doPreChunk
METHOD	bdb	b	(J)V	setWorldTime
METHOD	bdb	b	(Lbdb;)Ljava/util/Set;	access$100
METHOD	bdb	b	(Lcj;Lalz;)Z	invalidateRegionAndSetBlock
METHOD	bdb	b	(Lpk;)V	onEntityRemoved
METHOD	bdb	c	()V	tick
METHOD	bdb	c	(Lbdb;)Lave;	access$200
METHOD	bdb	d	(Lpk;)Z	spawnEntityInWorld
METHOD	bdb	e	(I)Lpk;	removeEntityFromWorld
METHOD	bdb	e	(Lpk;)V	removeEntity
METHOD	bdb	h	()V	updateBlocks
METHOD	bdb	k	()Lamv;	createChunkProvider
METHOD	bdb	p	()V	updateWeather
METHOD	bdb	q	()I	getRenderDistanceChunks
METHOD	bdc$1	a	(Lcom/mojang/authlib/minecraft/MinecraftProfileTexture$Type;Ljy;Lcom/mojang/authlib/minecraft/MinecraftProfileTexture;)V	skinAvailable
METHOD	bdc	a	()Lcom/mojang/authlib/GameProfile;	getGameProfile
METHOD	bdc	a	(I)V	setResponseTime
METHOD	bdc	a	(J)V	func_178846_a
METHOD	bdc	a	(Ladp$a;)V	setGameType
METHOD	bdc	a	(Lbdc;)Ljava/lang/String;	access$100
METHOD	bdc	a	(Lbdc;Ljava/lang/String;)Ljava/lang/String;	access$102
METHOD	bdc	a	(Lbdc;Ljy;)Ljy;	access$002
METHOD	bdc	a	(Leu;)V	setDisplayName
METHOD	bdc	b	()Ladp$a;	getGameType
METHOD	bdc	b	(I)V	func_178836_b
METHOD	bdc	b	(J)V	func_178844_b
METHOD	bdc	b	(Lbdc;Ljy;)Ljy;	access$202
METHOD	bdc	c	()I	getResponseTime
METHOD	bdc	c	(I)V	func_178857_c
METHOD	bdc	c	(J)V	func_178843_c
METHOD	bdc	e	()Z	hasLocationSkin
METHOD	bdc	f	()Ljava/lang/String;	getSkinType
METHOD	bdc	g	()Ljy;	getLocationSkin
METHOD	bdc	h	()Ljy;	getLocationCape
METHOD	bdc	i	()Laul;	getPlayerTeam
METHOD	bdc	j	()V	loadPlayerTextures
METHOD	bdc	k	()Leu;	getDisplayName
METHOD	bdc	l	()I	func_178835_l
METHOD	bdc	m	()I	func_178860_m
METHOD	bdc	n	()J	func_178847_n
METHOD	bdc	o	()J	func_178858_o
METHOD	bdc	p	()J	func_178855_p
METHOD	bdd	a	()Ljava/lang/String;	getIP
METHOD	bdd	a	(Ljava/lang/String;)Lbdd;	fromString
METHOD	bdd	a	(Ljava/lang/String;I)I	parseIntWithDefault
METHOD	bdd	b	()I	getPort
METHOD	bdd	b	(Ljava/lang/String;)[Ljava/lang/String;	getServerAddress
METHOD	bde$a	a	()Leu;	getMotd
METHOD	bde$a	values	()[Lbde$a;	values
METHOD	bde	a	()Ldn;	getNBTCompound
METHOD	bde	a	(Lbde$a;)V	setResourceMode
METHOD	bde	a	(Lbde;)V	copyFrom
METHOD	bde	a	(Ldn;)Lbde;	getServerDataFromNBTCompound
METHOD	bde	a	(Ljava/lang/String;)V	setBase64EncodedIconData
METHOD	bde	b	()Lbde$a;	getResourceMode
METHOD	bde	c	()Ljava/lang/String;	getBase64EncodedIconData
METHOD	bde	d	()Z	isOnLAN
METHOD	bdf	a	()V	loadServerList
METHOD	bdf	a	(I)Lbde;	getServerData
METHOD	bdf	a	(II)V	swapServers
METHOD	bdf	a	(ILbde;)V	func_147413_a
METHOD	bdf	a	(Lbde;)V	addServerData
METHOD	bdf	b	()V	saveServerList
METHOD	bdf	b	(I)V	removeServerData
METHOD	bdf	b	(Lbde;)V	func_147414_b
METHOD	bdf	c	()I	countServers
METHOD	bdg$1	a	(Leu;)V	onDisconnect
METHOD	bdg$1	a	(Ljq;)V	handlePong
METHOD	bdg$1	a	(Ljr;)V	handleServerInfo
METHOD	bdg$2$1	a	(Lio/netty/channel/ChannelHandlerContext;Lio/netty/buffer/ByteBuf;)V	channelRead0
METHOD	bdg$2$1	channelActive	(Lio/netty/channel/ChannelHandlerContext;)V	channelActive
METHOD	bdg$2$1	channelRead0	(Lio/netty/channel/ChannelHandlerContext;Ljava/lang/Object;)V	channelRead0
METHOD	bdg$2$1	exceptionCaught	(Lio/netty/channel/ChannelHandlerContext;Ljava/lang/Throwable;)V	exceptionCaught
METHOD	bdg$2	initChannel	(Lio/netty/channel/Channel;)V	initChannel
METHOD	bdg	a	()V	pingPendingNetworks
METHOD	bdg	a	(Lbde;)V	ping
METHOD	bdg	a	(Lbdg;Lbde;)V	access$100
METHOD	bdg	b	()V	clearPendingNetworks
METHOD	bdg	b	(Lbde;)V	tryCompatibilityPing
METHOD	bdg	c	()Lorg/apache/logging/log4j/Logger;	access$000
METHOD	bdg	d	()Lcom/google/common/base/Splitter;	access$200
METHOD	bdj$a	a	(ILadm;DDDDDD[I)Lbeb;	getEntityFX
METHOD	bdj	a	()I	getFXLayer
METHOD	bdj	a	(Lbfd;Lpk;FFFFFF)V	renderParticle
METHOD	bdk$a	a	(ILadm;DDDDDD[I)Lbeb;	getEntityFX
METHOD	bdk$b	a	(ILadm;DDDDDD[I)Lbeb;	getEntityFX
METHOD	bdk$c	a	(ILadm;DDDDDD[I)Lbeb;	getEntityFX
METHOD	bdk	a	()I	getFXLayer
METHOD	bdk	a	(Lbfd;Lpk;FFFFFF)V	renderParticle
METHOD	bdl$a	a	(ILadm;DDDDDD[I)Lbeb;	getEntityFX
METHOD	bdl	t_	()V	onUpdate
METHOD	bdm$a	a	(ILadm;DDDDDD[I)Lbeb;	getEntityFX
METHOD	bdm$b	a	(ILadm;DDDDDD[I)Lbeb;	getEntityFX
METHOD	bdm	a	(Lbfd;Lpk;FFFFFF)V	renderParticle
METHOD	bdm	t_	()V	onUpdate
METHOD	bdn$a	a	(ILadm;DDDDDD[I)Lbeb;	getEntityFX
METHOD	bdn$b	a	(ILadm;DDDDDD[I)Lbeb;	getEntityFX
METHOD	bdn	b	(F)I	getBrightnessForRender
METHOD	bdn	c	(F)F	getBrightness
METHOD	bdn	t_	()V	onUpdate
METHOD	bdo$a	a	(ILadm;DDDDDD[I)Lbeb;	getEntityFX
METHOD	bdo	b	(F)I	getBrightnessForRender
METHOD	bdo	c	(F)F	getBrightness
METHOD	bdo	t_	()V	onUpdate
METHOD	bdp$a	a	(ILadm;DDDDDD[I)Lbeb;	getEntityFX
METHOD	bdp	t_	()V	onUpdate
METHOD	bdq$a	a	(Lbfd;Lpk;FFFFFF)V	renderParticle
METHOD	bdq$b	S	()Laug;	getCollisionBoundingBox
METHOD	bdq$b	a	(I)V	setColour
METHOD	bdq$b	a	(Lbfd;Lpk;FFFFFF)V	renderParticle
METHOD	bdq$b	a	(Z)V	setTrail
METHOD	bdq$b	ae	()Z	canBePushed
METHOD	bdq$b	b	(F)I	getBrightnessForRender
METHOD	bdq$b	b	(I)V	setFadeColour
METHOD	bdq$b	c	(F)F	getBrightness
METHOD	bdq$b	i	(Z)V	setTwinkle
METHOD	bdq$b	t_	()V	onUpdate
METHOD	bdq$c	a	()I	getFXLayer
METHOD	bdq$c	a	(DDDDDD[I[IZZ)V	createParticle
METHOD	bdq$c	a	(DI[I[IZZ)V	createBall
METHOD	bdq$c	a	(D[[D[I[IZZZ)V	createShaped
METHOD	bdq$c	a	(Lbfd;Lpk;FFFFFF)V	renderParticle
METHOD	bdq$c	a	([I[IZZ)V	createBurst
METHOD	bdq$c	l	()Z	func_92037_i
METHOD	bdq$c	t_	()V	onUpdate
METHOD	bdq$d	a	(ILadm;DDDDDD[I)Lbeb;	getEntityFX
METHOD	bdr$a	a	(ILadm;DDDDDD[I)Lbeb;	getEntityFX
METHOD	bdr	a	(Lbfd;Lpk;FFFFFF)V	renderParticle
METHOD	bdr	b	(F)I	getBrightnessForRender
METHOD	bdr	c	(F)F	getBrightness
METHOD	bdr	t_	()V	onUpdate
METHOD	bds$a	a	(ILadm;DDDDDD[I)Lbeb;	getEntityFX
METHOD	bds	a	()I	getFXLayer
METHOD	bds	a	(Lbfd;Lpk;FFFFFF)V	renderParticle
METHOD	bds	t_	()V	onUpdate
METHOD	bdt$a	a	(ILadm;DDDDDD[I)Lbeb;	getEntityFX
METHOD	bdt$b	a	(ILadm;DDDDDD[I)Lbeb;	getEntityFX
METHOD	bdt	a	(Lbfd;Lpk;FFFFFF)V	renderParticle
METHOD	bdt	t_	()V	onUpdate
METHOD	bdu$a	a	(ILadm;DDDDDD[I)Lbeb;	getEntityFX
METHOD	bdu	a	()I	getFXLayer
METHOD	bdu	a	(Lbfd;Lpk;FFFFFF)V	renderParticle
METHOD	bdu	b	(F)I	getBrightnessForRender
METHOD	bdu	t_	()V	onUpdate
METHOD	bdv$a	a	(ILadm;DDDDDD[I)Lbeb;	getEntityFX
METHOD	bdv	a	()I	getFXLayer
METHOD	bdv	a	(Lbfd;Lpk;FFFFFF)V	renderParticle
METHOD	bdv	t_	()V	onUpdate
METHOD	bdw	a	()I	getFXLayer
METHOD	bdw	a	(Lbfd;Lpk;FFFFFF)V	renderParticle
METHOD	bdw	t_	()V	onUpdate
METHOD	bdx$a	a	(ILadm;DDDDDD[I)Lbeb;	getEntityFX
METHOD	bdy$a	a	(ILadm;DDDDDD[I)Lbeb;	getEntityFX
METHOD	bdy	a	(Lbfd;Lpk;FFFFFF)V	renderParticle
METHOD	bdy	b	(F)I	getBrightnessForRender
METHOD	bdy	c	(F)F	getBrightness
METHOD	bdy	t_	()V	onUpdate
METHOD	bdz$a	a	(ILadm;DDDDDD[I)Lbeb;	getEntityFX
METHOD	bdz	a	()I	getFXLayer
METHOD	bdz	a	(Lbfd;Lpk;FFFFFF)V	renderParticle
METHOD	bdz	t_	()V	onUpdate
METHOD	be	a	()I	getRequiredPermissionLevel
METHOD	be	a	(Lm;[Ljava/lang/String;)V	processCommand
METHOD	be	a	(Lm;[Ljava/lang/String;Lcj;)Ljava/util/List;	addTabCompletionOptions
METHOD	be	c	()Ljava/lang/String;	getCommandName
METHOD	be	c	(Lm;)Ljava/lang/String;	getCommandUsage
METHOD	bea$a	a	(ILadm;DDDDDD[I)Lbeb;	getEntityFX
METHOD	bea	a	(Lbfd;Lpk;FFFFFF)V	renderParticle
METHOD	bea	t_	()V	onUpdate
METHOD	beb	a	()I	getFXLayer
METHOD	beb	a	(F)Lbeb;	multiplyVelocity
METHOD	beb	a	(Lbfd;Lpk;FFFFFF)V	renderParticle
METHOD	beb	a	(Lbmi;)V	setParticleIcon
METHOD	beb	a	(Ldn;)V	readEntityFromNBT
METHOD	beb	aD	()Z	canAttackWithItem
METHOD	beb	b	()F	getRedColorF
METHOD	beb	b	(FFF)V	setRBGColorF
METHOD	beb	b	(Ldn;)V	writeEntityToNBT
METHOD	beb	g	()F	getGreenColorF
METHOD	beb	h	()V	entityInit
METHOD	beb	h	(F)Lbeb;	multipleParticleScaleBy
METHOD	beb	i	()F	getBlueColorF
METHOD	beb	i	(F)V	setAlphaF
METHOD	beb	j	()F	getAlpha
METHOD	beb	k	()V	nextTextureIndexX
METHOD	beb	k	(I)V	setParticleTextureIndex
METHOD	beb	s_	()Z	canTriggerWalking
METHOD	beb	t_	()V	onUpdate
METHOD	beb	toString	()Ljava/lang/String;	toString
METHOD	bec$1	a	()Ljava/lang/String;	call
METHOD	bec$1	call	()Ljava/lang/Object;	call
METHOD	bec$2	a	()Ljava/lang/String;	call
METHOD	bec$2	call	()Ljava/lang/Object;	call
METHOD	bec$3	a	()Ljava/lang/String;	call
METHOD	bec$3	call	()Ljava/lang/Object;	call
METHOD	bec$4	a	()Ljava/lang/String;	call
METHOD	bec$4	call	()Ljava/lang/Object;	call
METHOD	bec	a	()V	updateEffects
METHOD	bec	a	(I)V	updateEffectLayer
METHOD	bec	a	(IDDDDDD[I)Lbeb;	spawnEffectParticle
METHOD	bec	a	(ILbed;)V	registerParticle
METHOD	bec	a	(Ladm;)V	clearEffects
METHOD	bec	a	(Lbeb;)V	addEffect
METHOD	bec	a	(Lbeb;II)V	moveToLayer
METHOD	bec	a	(Lcj;Lalz;)V	addBlockDestroyEffects
METHOD	bec	a	(Lcj;Lcq;)V	addBlockHitEffects
METHOD	bec	a	(Ljava/util/List;)V	updateEffectAlphaLayer
METHOD	bec	a	(Lpk;F)V	renderParticles
METHOD	bec	a	(Lpk;Lcy;)V	emitParticleAtEntity
METHOD	bec	b	()Ljava/lang/String;	getStatistics
METHOD	bec	b	(Lbeb;)V	moveToAlphaLayer
METHOD	bec	b	(Lpk;F)V	renderLitParticles
METHOD	bec	c	()V	registerVanillaParticles
METHOD	bec	c	(Lbeb;)V	moveToNoAlphaLayer
METHOD	bec	d	(Lbeb;)V	tickParticle
METHOD	bed	a	(ILadm;DDDDDD[I)Lbeb;	getEntityFX
METHOD	bee$a	a	(ILadm;DDDDDD[I)Lbeb;	getEntityFX
METHOD	bee	a	(Lbfd;Lpk;FFFFFF)V	renderParticle
METHOD	bee	t_	()V	onUpdate
METHOD	bef$a	a	(ILadm;DDDDDD[I)Lbeb;	getEntityFX
METHOD	bef	a	(Lbfd;Lpk;FFFFFF)V	renderParticle
METHOD	bef	b	(F)I	getBrightnessForRender
METHOD	bef	c	(F)F	getBrightness
METHOD	bef	t_	()V	onUpdate
METHOD	beg$a	a	(ILadm;DDDDDD[I)Lbeb;	getEntityFX
METHOD	beg	a	(Lbfd;Lpk;FFFFFF)V	renderParticle
METHOD	beg	t_	()V	onUpdate
METHOD	beh$a	a	(ILadm;DDDDDD[I)Lbeb;	getEntityFX
METHOD	beh	a	(Lbfd;Lpk;FFFFFF)V	renderParticle
METHOD	beh	t_	()V	onUpdate
METHOD	bei$a	a	(ILadm;DDDDDD[I)Lbeb;	getEntityFX
METHOD	bei	a	(Lbfd;Lpk;FFFFFF)V	renderParticle
METHOD	bei	t_	()V	onUpdate
METHOD	bej$a	a	(ILadm;DDDDDD[I)Lbeb;	getEntityFX
METHOD	bej$b	a	(ILadm;DDDDDD[I)Lbeb;	getEntityFX
METHOD	bej$c	a	(ILadm;DDDDDD[I)Lbeb;	getEntityFX
METHOD	bej$d	a	(ILadm;DDDDDD[I)Lbeb;	getEntityFX
METHOD	bej$e	a	(ILadm;DDDDDD[I)Lbeb;	getEntityFX
METHOD	bej	a	(I)V	setBaseSpellTextureIndex
METHOD	bej	a	(Lbfd;Lpk;FFFFFF)V	renderParticle
METHOD	bej	t_	()V	onUpdate
METHOD	bek$a	a	(ILadm;DDDDDD[I)Lbeb;	getEntityFX
METHOD	bel$a	a	(ILadm;DDDDDD[I)Lbeb;	getEntityFX
METHOD	bel	t_	()V	onUpdate
METHOD	bem$a	a	(ILadm;DDDDDD[I)Lbeb;	getEntityFX
METHOD	bem$b	a	(ILadm;DDDDDD[I)Lbeb;	getEntityFX
METHOD	bem	t_	()V	onUpdate
METHOD	ben$a	a	(ILadm;DDDDDD[I)Lbeb;	getEntityFX
METHOD	beo$a	a	(ILadm;DDDDDD[I)Lbeb;	getEntityFX
METHOD	beo	a	()I	getFXLayer
METHOD	beo	a	(Lbfd;Lpk;FFFFFF)V	renderParticle
METHOD	beo	a	(Lcj;)Lbeo;	setBlockPos
METHOD	beo	b	(F)I	getBrightnessForRender
METHOD	beo	l	()Lbeo;	func_174845_l
METHOD	bep	a	()I	getFXLayer
METHOD	bep	a	(Lbfd;Lpk;FFFFFF)V	renderParticle
METHOD	bep	t_	()V	onUpdate
METHOD	beq$a	a	(ILadm;DDDDDD[I)Lbeb;	getEntityFX
METHOD	beq	t_	()V	onUpdate
METHOD	ber$a	a	(ILadm;DDDDDD[I)Lbeb;	getEntityFX
METHOD	ber	t_	()V	onUpdate
METHOD	bet	a	()Z	hasPlayerInfo
METHOD	bet	a	(Ljy;Ljava/lang/String;)Lbma;	getDownloadImageSkin
METHOD	bet	b	()Lbdc;	getPlayerInfo
METHOD	bet	c	(Ljava/lang/String;)Ljy;	getLocationSkin
METHOD	bet	g	()Z	hasSkin
METHOD	bet	i	()Ljy;	getLocationSkin
METHOD	bet	k	()Ljy;	getLocationCape
METHOD	bet	l	()Ljava/lang/String;	getSkinType
METHOD	bet	o	()F	getFovModifier
METHOD	bet	v	()Z	isSpectator
METHOD	beu	a	()V	updatePlayerMoveState
METHOD	bev	a	()V	updatePlayerMoveState
METHOD	bew	A	()Z	isCurrentViewEntity
METHOD	bew	a	(FII)V	setXPStats
METHOD	bew	a	(ILjava/lang/String;)Z	canCommandSenderUseCommand
METHOD	bew	a	(Lacy;)V	displayVillagerTradeGui
METHOD	bew	a	(Ladc;)V	openEditCommandBlock
METHOD	bew	a	(Laln;)V	openEditSign
METHOD	bew	a	(Leu;)V	addChatMessage
METHOD	bew	a	(Ljava/lang/String;FF)V	playSound
METHOD	bew	a	(Lmw;I)V	addStat
METHOD	bew	a	(Log;)V	displayGUIChest
METHOD	bew	a	(Lol;)V	displayGui
METHOD	bew	a	(Low;F)Z	attackEntityFrom
METHOD	bew	a	(Lpk;)V	mountEntity
METHOD	bew	a	(Ltp;Log;)V	displayGUIHorse
METHOD	bew	a	(Luz;)V	joinEntityItemWithWorld
METHOD	bew	a	(Lzx;)V	displayGUIBook
METHOD	bew	a	(Z)Luz;	dropOneItem
METHOD	bew	av	()Z	isSneaking
METHOD	bew	b	(Leu;)V	addChatComponentMessage
METHOD	bew	b	(Lpk;)V	onCriticalHit
METHOD	bew	bK	()V	updateEntityActionState
METHOD	bew	bM	()Z	isServerWorld
METHOD	bew	bw	()V	swingItem
METHOD	bew	c	()Lcj;	getPosition
METHOD	bew	c	(Lpk;)V	onEnchantmentCritical
METHOD	bew	cb	()V	respawnPlayer
METHOD	bew	cc	()Z	isUser
METHOD	bew	d	(Low;F)V	damageEntity
METHOD	bew	d	(Z)V	setSprinting
METHOD	bew	e	(Lcj;)Z	isOpenBlockSpace
METHOD	bew	e	(Ljava/lang/String;)V	sendChatMessage
METHOD	bew	f	(Ljava/lang/String;)V	setClientBrand
METHOD	bew	h	(F)V	heal
METHOD	bew	j	(DDD)Z	pushOutOfBlocks
METHOD	bew	m	()V	onLivingUpdate
METHOD	bew	n	()V	closeScreen
METHOD	bew	n	(F)V	setPlayerSPHealth
METHOD	bew	p	()V	onUpdateWalkingPlayer
METHOD	bew	q	()V	closeScreenAndDropStack
METHOD	bew	r	()V	sendHorseJump
METHOD	bew	t	()V	sendPlayerAbilities
METHOD	bew	t_	()V	onUpdate
METHOD	bew	u	()V	sendHorseInventory
METHOD	bew	w	()Ljava/lang/String;	getClientBrand
METHOD	bew	x	()Lnb;	getStatFileWriter
METHOD	bew	y	()Z	isRidingHorse
METHOD	bew	z	()F	getHorseJumpPower
METHOD	bex	a	(DDDFFIZ)V	setPositionAndRotation2
METHOD	bex	a	(ILjava/lang/String;)Z	canCommandSenderUseCommand
METHOD	bex	a	(Leu;)V	addChatMessage
METHOD	bex	a	(Low;F)Z	attackEntityFrom
METHOD	bex	c	()Lcj;	getPosition
METHOD	bex	c	(ILzx;)V	setCurrentItemOrArmor
METHOD	bex	m	()V	onLivingUpdate
METHOD	bex	t_	()V	onUpdate
METHOD	bey	a	(Lwm;Lwn;)Lxi;	createContainer
METHOD	bey	e_	()Ljava/lang/String;	getName
METHOD	bey	f_	()Leu;	getDisplayName
METHOD	bey	k	()Ljava/lang/String;	getGuiID
METHOD	bey	l_	()Z	hasCustomName
METHOD	bez	a	(Lon;)V	setLockCode
METHOD	bez	a	(Lwm;Lwn;)Lxi;	createContainer
METHOD	bez	a_	(I)I	getField
METHOD	bez	b	(II)V	setField
METHOD	bez	g	()I	getFieldCount
METHOD	bez	i	()Lon;	getLockCode
METHOD	bez	k	()Ljava/lang/String;	getGuiID
METHOD	bez	r_	()Z	isLocked
METHOD	bf	a	()I	getRequiredPermissionLevel
METHOD	bf	a	(Lm;[Ljava/lang/String;)V	processCommand
METHOD	bf	a	(Lm;[Ljava/lang/String;Lcj;)Ljava/util/List;	addTabCompletionOptions
METHOD	bf	c	()Ljava/lang/String;	getCommandName
METHOD	bf	c	(Lm;)Ljava/lang/String;	getCommandUsage
METHOD	bfc	a	(Luc;Z)V	setBossStatus
METHOD	bfd$1	a	(Ljava/lang/Integer;Ljava/lang/Integer;)I	compare
METHOD	bfd$1	compare	(Ljava/lang/Object;Ljava/lang/Object;)I	compare
METHOD	bfd$a	a	()[I	getRawBuffer
METHOD	bfd$a	b	()I	getVertexCount
METHOD	bfd$a	c	()Lbmu;	getVertexFormat
METHOD	bfd	a	()Lbfd$a;	getVertexState
METHOD	bfd	a	(DD)Lbfd;	tex
METHOD	bfd	a	(DDD)V	putPosition
METHOD	bfd	a	(FFF)V	sortVertexData
METHOD	bfd	a	(FFFF)Lbfd;	color
METHOD	bfd	a	(FFFI)V	putColorMultiplier
METHOD	bfd	a	(I)V	putColor4
METHOD	bfd	a	(II)Lbfd;	lightmap
METHOD	bfd	a	(IIII)V	putBrightness4
METHOD	bfd	a	(IIIII)V	putColorRGBA
METHOD	bfd	a	(ILbmu;)V	begin
METHOD	bfd	a	(Lbfd$a;)V	setVertexState
METHOD	bfd	a	(Ljava/nio/FloatBuffer;FFFII)F	getDistanceSq
METHOD	bfd	a	([I)V	addVertexData
METHOD	bfd	b	()V	reset
METHOD	bfd	b	(DDD)Lbfd;	pos
METHOD	bfd	b	(FFF)V	putNormal
METHOD	bfd	b	(FFFI)V	putColorRGB_F
METHOD	bfd	b	(I)V	growBuffer
METHOD	bfd	b	(II)V	putColor
METHOD	bfd	b	(IIII)Lbfd;	color
METHOD	bfd	c	()V	noColor
METHOD	bfd	c	(DDD)V	setTranslation
METHOD	bfd	c	(FFF)Lbfd;	normal
METHOD	bfd	c	(I)I	getColorIndex
METHOD	bfd	d	()V	endVertex
METHOD	bfd	d	(FFF)V	putColorRGB_F4
METHOD	bfd	e	()V	finishDrawing
METHOD	bfd	f	()Ljava/nio/ByteBuffer;	getByteBuffer
METHOD	bfd	g	()Lbmu;	getVertexFormat
METHOD	bfd	h	()I	getVertexCount
METHOD	bfd	i	()I	getDrawMode
METHOD	bfd	j	()I	getBufferSize
METHOD	bfd	k	()V	nextVertexFormatIndex
METHOD	bfe	a	(Lbfd;)V	draw
METHOD	bff	b	(Lcj;I)I	getCombinedLight
METHOD	bff	c	(Lcj;)Lalz;	getBlockStateRaw
METHOD	bff	e	(Lcj;)I	getPositionIndex
METHOD	bff	p	(Lcj;)Lalz;	getBlockState
METHOD	bff	s	(Lcj;)Lakw;	getTileEntity
METHOD	bfg	a	(I)Lbfd;	getWorldRendererByLayerId
METHOD	bfg	a	(Ladf;)Lbfd;	getWorldRendererByLayer
METHOD	bfh	a	(DDD)V	initialize
METHOD	bfh	a	(Ladf;)V	renderChunkLayer
METHOD	bfh	a	(Lbht;)V	preRenderChunk
METHOD	bfh	a	(Lbht;Ladf;)V	addRenderChunk
METHOD	bfi	a	(Lzx;)V	renderByItem
METHOD	bfj	a	(I)Lbfj$b;	getVertexInformation
METHOD	bfj	a	(Lcq;)Lbfj;	getFacing
METHOD	bfj	values	()[Lbfj;	values
METHOD	bfk$1	a	(Lpk;)Z	apply
METHOD	bfk$1	apply	(Ljava/lang/Object;)Z	apply
METHOD	bfk$2	a	()Ljava/lang/String;	call
METHOD	bfk$2	call	()Ljava/lang/Object;	call
METHOD	bfk$3	a	()Ljava/lang/String;	call
METHOD	bfk$3	call	()Ljava/lang/Object;	call
METHOD	bfk$4	a	()Ljava/lang/String;	call
METHOD	bfk$4	call	()Ljava/lang/Object;	call
METHOD	bfk	a	()Z	isShaderActive
METHOD	bfk	a	(F)V	getMouseOver
METHOD	bfk	a	(FFFF)Ljava/nio/FloatBuffer;	setFogColorBuffer
METHOD	bfk	a	(FI)V	setupCameraTransform
METHOD	bfk	a	(FJ)V	updateCameraAndRender
METHOD	bfk	a	(FZ)F	getFOVModifier
METHOD	bfk	a	(IF)V	setupFog
METHOD	bfk	a	(IFJ)V	renderWorldPass
METHOD	bfk	a	(II)V	updateShaderGroupSize
METHOD	bfk	a	(Lbfk;)Lave;	access$000
METHOD	bfk	a	(Lbfr;FI)V	renderCloudsCheck
METHOD	bfk	a	(Lbni;)V	onResourceManagerReload
METHOD	bfk	a	(Ljy;)V	loadShader
METHOD	bfk	a	(Lpk;)V	loadEntityShader
METHOD	bfk	a	(Lpr;F)F	getNightVisionBrightness
METHOD	bfk	b	()V	stopUseShader
METHOD	bfk	b	(F)V	renderStreamIndicator
METHOD	bfk	b	(FI)V	renderHand
METHOD	bfk	b	(FJ)V	renderWorld
METHOD	bfk	c	()V	switchUseShader
METHOD	bfk	c	(F)V	renderRainSnow
METHOD	bfk	d	()V	activateNextShader
METHOD	bfk	d	(F)V	hurtCameraEffect
METHOD	bfk	e	()V	updateRenderer
METHOD	bfk	e	(F)V	setupViewBobbing
METHOD	bfk	f	()Lblr;	getShaderGroup
METHOD	bfk	f	(F)V	orientCamera
METHOD	bfk	g	(F)V	updateLightmap
METHOD	bfk	h	()V	disableLightmap
METHOD	bfk	h	(F)V	renderWorldDirections
METHOD	bfk	i	()V	enableLightmap
METHOD	bfk	i	(F)V	updateFogColor
METHOD	bfk	j	()V	setupOverlayRendering
METHOD	bfk	k	()Lavq;	getMapItemRenderer
METHOD	bfk	l	()V	updateFovModifierHand
METHOD	bfk	m	()V	updateTorchFlicker
METHOD	bfk	n	()Z	isDrawBlockOutline
METHOD	bfk	o	()V	addRainParticles
METHOD	bfl$c	a	()V	setDisabled
METHOD	bfl$c	a	(Z)V	setState
METHOD	bfl$c	b	()V	setEnabled
METHOD	bfl$o	values	()[Lbfl$o;	values
METHOD	bfl	A	()V	disableNormalize
METHOD	bfl	B	()V	enableRescaleNormal
METHOD	bfl	C	()V	disableRescaleNormal
METHOD	bfl	D	()V	loadIdentity
METHOD	bfl	E	()V	pushMatrix
METHOD	bfl	F	()V	popMatrix
METHOD	bfl	G	()V	resetColor
METHOD	bfl	a	()V	pushAttrib
METHOD	bfl	a	(D)V	clearDepth
METHOD	bfl	a	(DDD)V	scale
METHOD	bfl	a	(DDDDDD)V	ortho
METHOD	bfl	a	(F)V	setFogDensity
METHOD	bfl	a	(FF)V	doPolygonOffset
METHOD	bfl	a	(FFF)V	scale
METHOD	bfl	a	(FFFF)V	clearColor
METHOD	bfl	a	(I)V	enableLight
METHOD	bfl	a	(IF)V	alphaFunc
METHOD	bfl	a	(II)V	colorMaterial
METHOD	bfl	a	(IIII)V	tryBlendFuncSeparate
METHOD	bfl	a	(ILjava/nio/FloatBuffer;)V	getFloat
METHOD	bfl	a	(Lbfl$o;)V	enableTexGenCoord
METHOD	bfl	a	(Lbfl$o;I)V	texGen
METHOD	bfl	a	(Lbfl$o;ILjava/nio/FloatBuffer;)V	texGen
METHOD	bfl	a	(Ljava/nio/FloatBuffer;)V	multMatrix
METHOD	bfl	a	(Z)V	depthMask
METHOD	bfl	a	(ZZZZ)V	colorMask
METHOD	bfl	b	()V	popAttrib
METHOD	bfl	b	(DDD)V	translate
METHOD	bfl	b	(F)V	setFogStart
METHOD	bfl	b	(FFF)V	translate
METHOD	bfl	b	(FFFF)V	rotate
METHOD	bfl	b	(I)V	disableLight
METHOD	bfl	b	(II)V	blendFunc
METHOD	bfl	b	(IIII)V	viewport
METHOD	bfl	b	(Lbfl$o;)V	disableTexGenCoord
METHOD	bfl	c	()V	disableAlpha
METHOD	bfl	c	(F)V	setFogEnd
METHOD	bfl	c	(FFF)V	color
METHOD	bfl	c	(FFFF)V	color
METHOD	bfl	c	(I)V	depthFunc
METHOD	bfl	c	(Lbfl$o;)Lbfl$p;	texGenCoord
METHOD	bfl	d	()V	enableAlpha
METHOD	bfl	d	(I)V	setFog
METHOD	bfl	e	()V	enableLighting
METHOD	bfl	e	(I)V	cullFace
METHOD	bfl	f	()V	disableLighting
METHOD	bfl	f	(I)V	colorLogicOp
METHOD	bfl	g	()V	enableColorMaterial
METHOD	bfl	g	(I)V	setActiveTexture
METHOD	bfl	h	()V	disableColorMaterial
METHOD	bfl	h	(I)V	deleteTexture
METHOD	bfl	i	()V	disableDepth
METHOD	bfl	i	(I)V	bindTexture
METHOD	bfl	j	()V	enableDepth
METHOD	bfl	j	(I)V	shadeModel
METHOD	bfl	k	()V	disableBlend
METHOD	bfl	l	()V	enableBlend
METHOD	bfl	m	()V	enableFog
METHOD	bfl	m	(I)V	clear
METHOD	bfl	n	()V	disableFog
METHOD	bfl	n	(I)V	matrixMode
METHOD	bfl	o	()V	enableCull
METHOD	bfl	o	(I)V	callList
METHOD	bfl	p	()V	disableCull
METHOD	bfl	q	()V	enablePolygonOffset
METHOD	bfl	r	()V	disablePolygonOffset
METHOD	bfl	u	()V	enableColorLogic
METHOD	bfl	v	()V	disableColorLogic
METHOD	bfl	w	()V	enableTexture2D
METHOD	bfl	x	()V	disableTexture2D
METHOD	bfl	y	()I	generateTexture
METHOD	bfl	z	()V	enableNormalize
METHOD	bfm	a	()V	skinAvailable
METHOD	bfm	a	(Ljava/awt/image/BufferedImage;)Ljava/awt/image/BufferedImage;	parseUserSkin
METHOD	bfn	a	()V	updateEquippedItem
METHOD	bfn	a	(F)V	renderItemInFirstPerson
METHOD	bfn	a	(FF)V	rotateArroundXAndY
METHOD	bfn	a	(FLbet;)V	doBowTransformations
METHOD	bfn	a	(FLbmi;)V	renderBlockInHand
METHOD	bfn	a	(Lafh;)Z	isBlockTranslucent
METHOD	bfn	a	(Lbet;)V	setLightMapFromPlayer
METHOD	bfn	a	(Lbet;F)V	performDrinking
METHOD	bfn	a	(Lbet;FF)V	renderPlayerArm
METHOD	bfn	a	(Lbet;FFF)V	renderItemMap
METHOD	bfn	a	(Lbew;F)V	rotateWithPlayerRotations
METHOD	bfn	a	(Lbln;)V	renderRightArm
METHOD	bfn	a	(Lpr;Lzx;Lbgr$b;)V	renderItem
METHOD	bfn	b	()V	resetEquippedProgress
METHOD	bfn	b	(F)V	renderOverlays
METHOD	bfn	b	(FF)V	transformFirstPersonItem
METHOD	bfn	b	(Lbet;)V	renderPlayerArms
METHOD	bfn	b	(Lbln;)V	renderLeftArm
METHOD	bfn	c	()V	resetEquippedProgress2
METHOD	bfn	c	(F)F	getMapAngleFromPitch
METHOD	bfn	d	()V	doBlockTransformations
METHOD	bfn	d	(F)V	doItemUsedTransformations
METHOD	bfn	e	(F)V	renderWaterOverlayTexture
METHOD	bfn	f	(F)V	renderFireInFirstPerson
METHOD	bfo	a	()Lbou;	getModelManager
METHOD	bfo	a	(Lzw;)Lbmi;	getParticleIcon
METHOD	bfo	a	(Lzw;I)Lbmi;	getParticleIcon
METHOD	bfo	a	(Lzw;ILbov;)V	register
METHOD	bfo	a	(Lzw;Lbfp;)V	register
METHOD	bfo	a	(Lzx;)Lboq;	getItemModel
METHOD	bfo	b	()V	rebuildCache
METHOD	bfo	b	(Lzw;I)Lboq;	getItemModel
METHOD	bfo	b	(Lzx;)I	getMetadata
METHOD	bfo	c	(Lzw;I)I	getIndex
METHOD	bfp	a	(Lzx;)Lbov;	getModelLocation
METHOD	bfr$1	a	()Ljava/lang/String;	call
METHOD	bfr$1	call	()Ljava/lang/Object;	call
METHOD	bfr	a	()V	loadRenderers
METHOD	bfr	a	(DDD)V	fixTerrainFrustum
METHOD	bfr	a	(DDDF)Z	hasCloudFog
METHOD	bfr	a	(FI)V	renderSky
METHOD	bfr	a	(II)V	createBindEntityOutlineFbs
METHOD	bfr	a	(IIIIII)V	markBlockRangeForRenderUpdate
METHOD	bfr	a	(ILcj;I)V	broadcastSound
METHOD	bfr	a	(IZDDDDDD[I)V	spawnParticle
METHOD	bfr	a	(J)V	updateChunks
METHOD	bfr	a	(Ladf;)V	renderBlockLayer
METHOD	bfr	a	(Ladf;DILpk;)I	renderBlockLayer
METHOD	bfr	a	(Laug;)V	drawSelectionBoundingBox
METHOD	bfr	a	(Laug;IIII)V	drawOutlinedBoundingBox
METHOD	bfr	a	(Lbdb;)V	setWorldAndLoadRenderers
METHOD	bfr	a	(Lbfd;)V	renderStars
METHOD	bfr	a	(Lbfd;FZ)V	renderSky
METHOD	bfr	a	(Lbfx;Lbfd;Lpk;F)V	drawBlockDamageTexture
METHOD	bfr	a	(Lbni;)V	onResourceManagerReload
METHOD	bfr	a	(Lcj;)V	markBlockForUpdate
METHOD	bfr	a	(Lcj;Lbht;)Z	isPositionInRenderChunk
METHOD	bfr	a	(Lcj;Lbht;Lcq;)Lbht;	getRenderChunkOffset
METHOD	bfr	a	(Lcy;DDDDDD[I)V	spawnParticle
METHOD	bfr	a	(Ljava/lang/String;DDDFF)V	playSound
METHOD	bfr	a	(Ljava/lang/String;Lcj;)V	playRecord
METHOD	bfr	a	(Ljava/util/Collection;Ljava/util/Collection;)V	updateTileEntities
METHOD	bfr	a	(Ljava/util/Iterator;)V	cleanupDamagedBlocks
METHOD	bfr	a	(Lpk;)V	onEntityAdded
METHOD	bfr	a	(Lpk;D)Lorg/lwjgl/util/vector/Vector3f;	getViewVector
METHOD	bfr	a	(Lpk;DLbia;IZ)V	setupTerrain
METHOD	bfr	a	(Lpk;F)V	renderWorldBorder
METHOD	bfr	a	(Lpk;Lbia;F)V	renderEntities
METHOD	bfr	a	(Lwn;ILcj;I)V	playAuxSFX
METHOD	bfr	a	(Lwn;Lauh;IF)V	drawSelectionBox
METHOD	bfr	a	(Lwn;Ljava/lang/String;DDDFF)V	playSoundToNearExcept
METHOD	bfr	b	()V	makeEntityOutlineShader
METHOD	bfr	b	(FI)V	renderClouds
METHOD	bfr	b	(IIIIII)V	markBlocksForUpdate
METHOD	bfr	b	(ILcj;I)V	sendBlockBreakProgress
METHOD	bfr	b	(IZDDDDDD[I)Lbeb;	spawnEntityFX
METHOD	bfr	b	(Lcj;)V	notifyLightSet
METHOD	bfr	b	(Lpk;)V	onEntityRemoved
METHOD	bfr	c	()V	renderEntityOutlineFramebuffer
METHOD	bfr	c	(FI)V	renderCloudsFancy
METHOD	bfr	c	(Lcj;)Ljava/util/Set;	getVisibleFacings
METHOD	bfr	d	()Z	isRenderEntityOutlines
METHOD	bfr	e	()V	stopChunkUpdates
METHOD	bfr	f	()Ljava/lang/String;	getDebugInfoRenders
METHOD	bfr	g	()Ljava/lang/String;	getDebugInfoEntities
METHOD	bfr	j	()V	updateClouds
METHOD	bfr	k	()V	deleteAllDisplayLists
METHOD	bfr	m	()V	setDisplayListEntitiesDirty
METHOD	bfr	n	()V	updateDestroyBlockIcons
METHOD	bfr	o	()V	generateSky2
METHOD	bfr	p	()V	generateSky
METHOD	bfr	q	()V	generateStars
METHOD	bfr	r	()V	renderSkyEnd
METHOD	bfr	s	()V	preRenderDamagedBlocks
METHOD	bfr	t	()V	postRenderDamagedBlocks
METHOD	bfs	a	()V	skinAvailable
METHOD	bfs	a	(IIII)V	setAreaTransparent
METHOD	bfs	a	(Ljava/awt/image/BufferedImage;)Ljava/awt/image/BufferedImage;	parseUserSkin
METHOD	bfs	b	(IIII)V	setAreaOpaque
METHOD	bfs	c	(IIII)Z	hasTransparency
METHOD	bft	a	(Ladf;)V	renderChunkLayer
METHOD	bfw	a	()V	deleteFramebuffer
METHOD	bfw	a	(FFFF)V	setFramebufferColor
METHOD	bfw	a	(I)V	setFramebufferFilter
METHOD	bfw	a	(II)V	createBindFramebuffer
METHOD	bfw	a	(IIZ)V	framebufferRenderExt
METHOD	bfw	a	(Z)V	bindFramebuffer
METHOD	bfw	b	()V	checkFramebufferComplete
METHOD	bfw	b	(II)V	createFramebuffer
METHOD	bfw	c	()V	bindFramebufferTexture
METHOD	bfw	c	(II)V	framebufferRender
METHOD	bfw	d	()V	unbindFramebufferTexture
METHOD	bfw	e	()V	unbindFramebuffer
METHOD	bfw	f	()V	framebufferClear
METHOD	bfx	a	()Lbfx;	getInstance
METHOD	bfx	b	()V	draw
METHOD	bfx	c	()Lbfd;	getWorldRenderer
METHOD	bfy	a	()V	setupArrayPointers
METHOD	bfy	a	(Ladf;)V	renderChunkLayer
METHOD	bfz	a	(Lbfd;)V	draw
METHOD	bfz	a	(Lbmt;)V	setVertexBuffer
METHOD	bg	a	()I	getRequiredPermissionLevel
METHOD	bg	a	(Lm;[Ljava/lang/String;)V	processCommand
METHOD	bg	c	()Ljava/lang/String;	getCommandName
METHOD	bg	c	(Lm;)Ljava/lang/String;	getCommandUsage
METHOD	bga	a	()V	deleteGlResources
METHOD	bga	a	(DD)V	updateChunkPositions
METHOD	bga	a	(I)V	setCountChunksXYZ
METHOD	bga	a	(III)I	func_178157_a
METHOD	bga	a	(IIIIII)V	markBlocksForUpdate
METHOD	bga	a	(Lbhu;)V	createRenderChunks
METHOD	bga	a	(Lcj;)Lbht;	getRenderChunk
METHOD	bgb	a	(Lafh;F)V	renderChestBrightness
METHOD	bgc$1	a	(Lalz;)Lbov;	getModelResourceLocation
METHOD	bgc$2	a	(Lalz;)Lbov;	getModelResourceLocation
METHOD	bgc$3	a	(Lalz;)Lbov;	getModelResourceLocation
METHOD	bgc$4	a	(Lalz;)Lbov;	getModelResourceLocation
METHOD	bgc$5	a	(Lalz;)Lbov;	getModelResourceLocation
METHOD	bgc$6	a	(Lalz;)Lbov;	getModelResourceLocation
METHOD	bgc$7	a	(Lalz;)Lbov;	getModelResourceLocation
METHOD	bgc	a	()Lbgv;	getBlockStateMapper
METHOD	bgc	a	(Lafh;Lbgy;)V	registerBlockWithStateMapper
METHOD	bgc	a	(Lalz;)Lbmi;	getTexture
METHOD	bgc	a	([Lafh;)V	registerBuiltInBlocks
METHOD	bgc	b	()Lbou;	getModelManager
METHOD	bgc	b	(Lalz;)Lboq;	getModelForState
METHOD	bgc	c	()V	reloadModels
METHOD	bgc	d	()V	registerAllBlocks
METHOD	bgd	a	()Lbgc;	getBlockModelShapes
METHOD	bgd	a	(Lafh;I)Z	isRenderTypeChest
METHOD	bgd	a	(Lalz;F)V	renderBlockBrightness
METHOD	bgd	a	(Lalz;Ladq;Lcj;)Lboq;	getModelFromBlockState
METHOD	bgd	a	(Lalz;Lcj;)Lboq;	getBakedModel
METHOD	bgd	a	(Lalz;Lcj;Ladq;Lbfd;)Z	renderBlock
METHOD	bgd	a	(Lalz;Lcj;Lbmi;Ladq;)V	renderBlockDamage
METHOD	bgd	a	(Lbni;)V	onResourceManagerReload
METHOD	bgd	b	()Lbgf;	getBlockModelRenderer
METHOD	bge	a	()V	initAtlasSprites
METHOD	bge	a	(Ladq;Lalz;Lcj;Lbfd;)Z	renderFluid
METHOD	bge	a	(Ladq;Lcj;Larm;)F	getFluidHeight
METHOD	bgf$a	a	(Lcq;)Lbgf$a;	getNeighbourInfo
METHOD	bgf$a	values	()[Lbgf$a;	values
METHOD	bgf$b	a	(IIII)I	getAoBrightness
METHOD	bgf$b	a	(IIIIFFFF)I	getVertexBrightness
METHOD	bgf$b	a	(Ladq;Lafh;Lcj;Lcq;[FLjava/util/BitSet;)V	updateVertexBrightness
METHOD	bgf$b	a	(Lbgf$b;)[I	access$000
METHOD	bgf$b	b	(Lbgf$b;)[F	access$100
METHOD	bgf$c	a	(Lbgf$c;)I	access$200
METHOD	bgf$c	a	(Lcq;)Lbgf$c;	getVertexTranslations
METHOD	bgf$c	b	(Lbgf$c;)I	access$300
METHOD	bgf$c	c	(Lbgf$c;)I	access$400
METHOD	bgf$c	d	(Lbgf$c;)I	access$500
METHOD	bgf$c	values	()[Lbgf$c;	values
METHOD	bgf$d	values	()[Lbgf$d;	values
METHOD	bgf	a	(FFFFLjava/util/List;)V	renderModelBrightnessColorQuads
METHOD	bgf	a	(Ladq;Lafh;Lcj;Lbfd;Ljava/util/List;[FLjava/util/BitSet;Lbgf$b;)V	renderModelAmbientOcclusionQuads
METHOD	bgf	a	(Ladq;Lafh;Lcj;Lcq;IZLbfd;Ljava/util/List;Ljava/util/BitSet;)V	renderModelStandardQuads
METHOD	bgf	a	(Ladq;Lboq;Lafh;Lcj;Lbfd;Z)Z	renderModelAmbientOcclusion
METHOD	bgf	a	(Ladq;Lboq;Lalz;Lcj;Lbfd;)Z	renderModel
METHOD	bgf	a	(Ladq;Lboq;Lalz;Lcj;Lbfd;Z)Z	renderModel
METHOD	bgf	a	(Lafh;[ILcq;[FLjava/util/BitSet;)V	fillQuadBounds
METHOD	bgf	a	(Lboq;FFFF)V	renderModelBrightnessColor
METHOD	bgf	a	(Lboq;Lalz;FZ)V	renderModelBrightness
METHOD	bgf	b	(Ladq;Lboq;Lafh;Lcj;Lbfd;Z)Z	renderModelStandard
METHOD	bgg	a	()[I	getVertexData
METHOD	bgg	b	()Z	hasTintIndex
METHOD	bgg	c	()I	getTintIndex
METHOD	bgg	d	()Lcq;	getFace
METHOD	bgh$a	a	(Lcom/google/gson/JsonDeserializationContext;Lcom/google/gson/JsonObject;)Ljava/util/Map;	parseFacesCheck
METHOD	bgh$a	a	(Lcom/google/gson/JsonElement;Ljava/lang/reflect/Type;Lcom/google/gson/JsonDeserializationContext;)Lbgh;	deserialize
METHOD	bgh$a	a	(Lcom/google/gson/JsonObject;)Lbgj;	parseRotation
METHOD	bgh$a	a	(Lcom/google/gson/JsonObject;Ljava/lang/String;)Lorg/lwjgl/util/vector/Vector3f;	parsePosition
METHOD	bgh$a	a	(Ljava/lang/String;)Lcq;	parseEnumFacing
METHOD	bgh$a	b	(Lcom/google/gson/JsonDeserializationContext;Lcom/google/gson/JsonObject;)Ljava/util/Map;	parseFaces
METHOD	bgh$a	b	(Lcom/google/gson/JsonObject;)F	parseAngle
METHOD	bgh$a	c	(Lcom/google/gson/JsonObject;)Lcq$a;	parseAxis
METHOD	bgh$a	d	(Lcom/google/gson/JsonObject;)Lorg/lwjgl/util/vector/Vector3f;	parsePositionTo
METHOD	bgh$a	deserialize	(Lcom/google/gson/JsonElement;Ljava/lang/reflect/Type;Lcom/google/gson/JsonDeserializationContext;)Ljava/lang/Object;	deserialize
METHOD	bgh$a	e	(Lcom/google/gson/JsonObject;)Lorg/lwjgl/util/vector/Vector3f;	parsePositionFrom
METHOD	bgh	a	()V	setDefaultUvs
METHOD	bgh	a	(Lcq;)[F	getFaceUvs
METHOD	bgi$a	a	(Lcom/google/gson/JsonElement;Ljava/lang/reflect/Type;Lcom/google/gson/JsonDeserializationContext;)Lbgi;	deserialize
METHOD	bgi$a	a	(Lcom/google/gson/JsonObject;)I	parseTintIndex
METHOD	bgi$a	b	(Lcom/google/gson/JsonObject;)Ljava/lang/String;	parseTexture
METHOD	bgi$a	c	(Lcom/google/gson/JsonObject;)Lcq;	parseCullFace
METHOD	bgi$a	deserialize	(Lcom/google/gson/JsonElement;Ljava/lang/reflect/Type;Lcom/google/gson/JsonDeserializationContext;)Ljava/lang/Object;	deserialize
METHOD	bgk$a	a	(Lcom/google/gson/JsonElement;Ljava/lang/reflect/Type;Lcom/google/gson/JsonDeserializationContext;)Lbgk;	deserialize
METHOD	bgk$a	a	(Lcom/google/gson/JsonObject;)I	parseRotation
METHOD	bgk$a	b	(Lcom/google/gson/JsonObject;)[F	parseUV
METHOD	bgk$a	deserialize	(Lcom/google/gson/JsonElement;Ljava/lang/reflect/Type;Lcom/google/gson/JsonDeserializationContext;)Ljava/lang/Object;	deserialize
METHOD	bgk	a	(I)F	func_178348_a
METHOD	bgk	a	([F)V	setUvs
METHOD	bgk	b	(I)F	func_178346_b
METHOD	bgk	c	(I)I	func_178345_c
METHOD	bgk	d	(I)I	func_178347_d
METHOD	bgl$b	a	(Lcom/google/gson/JsonDeserializationContext;Lcom/google/gson/JsonObject;)Ljava/util/List;	getModelElements
METHOD	bgl$b	a	(Lcom/google/gson/JsonElement;Ljava/lang/reflect/Type;Lcom/google/gson/JsonDeserializationContext;)Lbgl;	deserialize
METHOD	bgl$b	a	(Lcom/google/gson/JsonObject;)Z	getAmbientOcclusionEnabled
METHOD	bgl$b	b	(Lcom/google/gson/JsonObject;)Ljava/util/Map;	getTextures
METHOD	bgl$b	c	(Lcom/google/gson/JsonObject;)Ljava/lang/String;	getParent
METHOD	bgl$b	deserialize	(Lcom/google/gson/JsonElement;Ljava/lang/reflect/Type;Lcom/google/gson/JsonDeserializationContext;)Ljava/lang/Object;	deserialize
METHOD	bgl	a	()Ljava/util/List;	getElements
METHOD	bgl	a	(Lbgr$b;)Lbgq;	getTransform
METHOD	bgl	a	(Ljava/io/Reader;)Lbgl;	deserialize
METHOD	bgl	a	(Ljava/lang/String;)Lbgl;	deserialize
METHOD	bgl	a	(Ljava/lang/String;Lbgl$a;)Ljava/lang/String;	resolveTextureName
METHOD	bgl	a	(Ljava/util/Map;)V	getParentFromMap
METHOD	bgl	b	()Z	isAmbientOcclusion
METHOD	bgl	b	(Ljava/lang/String;)Z	isTexturePresent
METHOD	bgl	b	(Ljava/util/Map;)V	checkModelHierarchy
METHOD	bgl	c	()Z	isGui3d
METHOD	bgl	c	(Ljava/lang/String;)Ljava/lang/String;	resolveTextureName
METHOD	bgl	d	()Z	isResolved
METHOD	bgl	d	(Ljava/lang/String;)Z	startsWithHash
METHOD	bgl	e	()Ljy;	getParentLocation
METHOD	bgl	f	()Lbgl;	getRootModel
METHOD	bgl	g	()Lbgr;	getAllTransforms
METHOD	bgl	h	()Z	hasParent
METHOD	bgm$a	a	(Lcom/google/gson/JsonDeserializationContext;Lcom/google/gson/JsonObject;)Ljava/util/List;	parseVariantsList
METHOD	bgm$a	a	(Lcom/google/gson/JsonDeserializationContext;Ljava/util/Map$Entry;)Lbgm$d;	parseVariants
METHOD	bgm$a	a	(Lcom/google/gson/JsonElement;Ljava/lang/reflect/Type;Lcom/google/gson/JsonDeserializationContext;)Lbgm;	deserialize
METHOD	bgm$a	deserialize	(Lcom/google/gson/JsonElement;Ljava/lang/reflect/Type;Lcom/google/gson/JsonDeserializationContext;)Ljava/lang/Object;	deserialize
METHOD	bgm$c$a	a	(Lcom/google/gson/JsonElement;Ljava/lang/reflect/Type;Lcom/google/gson/JsonDeserializationContext;)Lbgm$c;	deserialize
METHOD	bgm$c$a	a	(Lcom/google/gson/JsonObject;)Lbor;	parseRotation
METHOD	bgm$c$a	a	(Ljava/lang/String;)Ljy;	makeModelLocation
METHOD	bgm$c$a	b	(Lcom/google/gson/JsonObject;)Ljava/lang/String;	parseModel
METHOD	bgm$c$a	c	(Lcom/google/gson/JsonObject;)I	parseWeight
METHOD	bgm$c$a	d	(Lcom/google/gson/JsonObject;)Z	parseUvLock
METHOD	bgm$c$a	deserialize	(Lcom/google/gson/JsonElement;Ljava/lang/reflect/Type;Lcom/google/gson/JsonDeserializationContext;)Ljava/lang/Object;	deserialize
METHOD	bgm$c	a	()Ljy;	getModelLocation
METHOD	bgm$c	b	()Lbor;	getRotation
METHOD	bgm$c	c	()Z	isUvLocked
METHOD	bgm$c	d	()I	getWeight
METHOD	bgm$c	equals	(Ljava/lang/Object;)Z	equals
METHOD	bgm$c	hashCode	()I	hashCode
METHOD	bgm$d	a	(Lbgm$d;)Ljava/lang/String;	access$000
METHOD	bgm$d	b	()Ljava/util/List;	getVariants
METHOD	bgm$d	equals	(Ljava/lang/Object;)Z	equals
METHOD	bgm$d	hashCode	()I	hashCode
METHOD	bgm	a	(Ljava/io/Reader;)Lbgm;	parseFromReader
METHOD	bgm	b	(Ljava/lang/String;)Lbgm$d;	getVariants
METHOD	bgm	equals	(Ljava/lang/Object;)Z	equals
METHOD	bgm	hashCode	()I	hashCode
METHOD	bgn	a	(I)V	remapVert
METHOD	bgn	e	()V	remapQuad
METHOD	bgo	a	()Lorg/lwjgl/util/vector/Matrix4f;	getMatrixIdentity
METHOD	bgo	a	(I[ILcq;Lbgk;Lbmi;)V	lockVertexUv
METHOD	bgo	a	(Lbgi;Lbmi;Lcq;[FLbor;Lbgj;ZZ)[I	makeQuadVertexData
METHOD	bgo	a	(Lcq;)I	getFaceShadeColor
METHOD	bgo	a	(Lorg/lwjgl/util/vector/Vector3f;Lbgj;)V	rotatePart
METHOD	bgo	a	(Lorg/lwjgl/util/vector/Vector3f;Lcq;ILbor;Z)I	rotateVertex
METHOD	bgo	a	(Lorg/lwjgl/util/vector/Vector3f;Lorg/lwjgl/util/vector/Vector3f;)[F	getPositionsDiv16
METHOD	bgo	a	(Lorg/lwjgl/util/vector/Vector3f;Lorg/lwjgl/util/vector/Vector3f;Lbgi;Lbmi;Lcq;Lbor;Lbgj;ZZ)Lbgg;	makeBakedQuad
METHOD	bgo	a	(Lorg/lwjgl/util/vector/Vector3f;Lorg/lwjgl/util/vector/Vector3f;Lorg/lwjgl/util/vector/Matrix4f;Lorg/lwjgl/util/vector/Vector3f;)V	rotateScale
METHOD	bgo	a	([I)Lcq;	getFacingFromVertexData
METHOD	bgo	a	([IIILorg/lwjgl/util/vector/Vector3f;ILbmi;Lbgk;)V	storeVertexData
METHOD	bgo	a	([IILcq;Lbgi;[FLbmi;Lbor;Lbgj;ZZ)V	fillVertexData
METHOD	bgo	a	([ILcq;)V	applyFacing
METHOD	bgo	a	([ILcq;Lbgk;Lbmi;)V	lockUv
METHOD	bgo	b	(Lcq;)F	getFaceBrightness
METHOD	bgp$a	a	()Lbgp$b;	func_178383_a
METHOD	bgp$a	a	(I)V	func_178382_a
METHOD	bgp$a	b	()I	func_178385_b
METHOD	bgp$a	c	()I	func_178384_c
METHOD	bgp$a	d	()I	func_178381_d
METHOD	bgp$b	a	()Lcq;	getFacing
METHOD	bgp$b	a	(Lbgp$b;)Z	access$000
METHOD	bgp$b	b	()I	func_178372_b
METHOD	bgp$b	c	()I	func_178371_c
METHOD	bgp$b	d	()Z	func_178369_d
METHOD	bgp$b	values	()[Lbgp$b;	values
METHOD	bgp	a	(ILjava/lang/String;Lbmi;)Ljava/util/List;	func_178394_a
METHOD	bgp	a	(Lbgp$b;Ljava/util/List;[IIIIIZ)V	func_178396_a
METHOD	bgp	a	(Lbmh;Lbgl;)Lbgl;	makeItemModel
METHOD	bgp	a	(Lbmi;)Ljava/util/List;	func_178393_a
METHOD	bgp	a	(Lbmi;Ljava/lang/String;I)Ljava/util/List;	func_178397_a
METHOD	bgp	a	(Ljava/util/List;Lbgp$b;II)V	func_178395_a
METHOD	bgp	a	([IIIII)Z	func_178391_a
METHOD	bgq$a	a	(Lcom/google/gson/JsonElement;Ljava/lang/reflect/Type;Lcom/google/gson/JsonDeserializationContext;)Lbgq;	deserialize
METHOD	bgq$a	a	(Lcom/google/gson/JsonObject;Ljava/lang/String;Lorg/lwjgl/util/vector/Vector3f;)Lorg/lwjgl/util/vector/Vector3f;	parseVector3f
METHOD	bgq$a	deserialize	(Lcom/google/gson/JsonElement;Ljava/lang/reflect/Type;Lcom/google/gson/JsonDeserializationContext;)Ljava/lang/Object;	deserialize
METHOD	bgq	equals	(Ljava/lang/Object;)Z	equals
METHOD	bgq	hashCode	()I	hashCode
METHOD	bgr$a	a	(Lcom/google/gson/JsonDeserializationContext;Lcom/google/gson/JsonObject;Ljava/lang/String;)Lbgq;	func_181683_a
METHOD	bgr$a	a	(Lcom/google/gson/JsonElement;Ljava/lang/reflect/Type;Lcom/google/gson/JsonDeserializationContext;)Lbgr;	deserialize
METHOD	bgr$a	deserialize	(Lcom/google/gson/JsonElement;Ljava/lang/reflect/Type;Lcom/google/gson/JsonDeserializationContext;)Ljava/lang/Object;	deserialize
METHOD	bgr$b	values	()[Lbgr$b;	values
METHOD	bgr	a	(Lbgr$b;)V	applyTransform
METHOD	bgr	b	(Lbgr$b;)Lbgq;	getTransform
METHOD	bgr	c	(Lbgr$b;)Z	func_181687_c
METHOD	bgu	a	(Lafh;)Ljava/util/Map;	putStateModelLocations
METHOD	bgu	a	(Lalz;)Lbov;	getModelResourceLocation
METHOD	bgu	a	(Ljava/util/Map;)Ljava/lang/String;	getPropertyString
METHOD	bgv	a	()Ljava/util/Map;	putAllStateModelLocations
METHOD	bgv	a	(Lafh;Lbgy;)V	registerBlockStateMapper
METHOD	bgv	a	([Lafh;)V	registerBuiltInBlocks
METHOD	bgw	a	(Lalz;)Lbov;	getModelResourceLocation
METHOD	bgx$a	a	()Lbgx;	build
METHOD	bgx$a	a	(Lamo;)Lbgx$a;	withName
METHOD	bgx$a	a	(Ljava/lang/String;)Lbgx$a;	withSuffix
METHOD	bgx$a	a	([Lamo;)Lbgx$a;	ignore
METHOD	bgx	a	(Lalz;)Lbov;	getModelResourceLocation
METHOD	bgy	a	(Lafh;)Ljava/util/Map;	putStateModelLocations
METHOD	bh	a	()I	getRequiredPermissionLevel
METHOD	bh	a	(Lm;[Ljava/lang/String;)V	processCommand
METHOD	bh	a	(Lm;[Ljava/lang/String;Lcj;)Ljava/util/List;	addTabCompletionOptions
METHOD	bh	b	([Ljava/lang/String;I)Z	isUsernameIndex
METHOD	bh	c	()Ljava/lang/String;	getCommandName
METHOD	bh	c	(Lm;)Ljava/lang/String;	getCommandUsage
METHOD	bha	a	(Laku;)Ljy;	func_178463_a
METHOD	bha	a	(Laku;DDDFI)V	renderTileEntityAt
METHOD	bha	a	(Lakw;DDDFI)V	renderTileEntityAt
METHOD	bhb	a	()Z	forceTileEntityRender
METHOD	bhb	a	(Lakv;DDDFI)V	renderTileEntityAt
METHOD	bhb	a	(Lakw;DDDFI)V	renderTileEntityAt
METHOD	bhc	a	()Lavn;	getFontRenderer
METHOD	bhc	a	(Ladm;)V	setWorld
METHOD	bhc	a	(Ladm;Lbmj;Lavn;Lpk;F)V	cacheActiveRenderInfo
METHOD	bhc	a	(Lakw;DDDF)V	renderTileEntityAt
METHOD	bhc	a	(Lakw;DDDFI)V	renderTileEntityAt
METHOD	bhc	a	(Lakw;FI)V	renderTileEntity
METHOD	bhc	a	(Ljava/lang/Class;)Lbhd;	getSpecialRendererByClass
METHOD	bhc	b	(Lakw;)Lbhd;	getSpecialRenderer
METHOD	bhd	a	()Z	forceTileEntityRender
METHOD	bhd	a	(Lakw;DDDFI)V	renderTileEntityAt
METHOD	bhd	a	(Lbhc;)V	setRendererDispatcher
METHOD	bhd	a	(Ljy;)V	bindTexture
METHOD	bhd	b	()Ladm;	getWorld
METHOD	bhd	c	()Lavn;	getFontRenderer
METHOD	bhe	a	(Lakw;DDDFI)V	renderTileEntityAt
METHOD	bhe	a	(Laky;DDDFI)V	renderTileEntityAt
METHOD	bhf	a	(Lakw;DDDFI)V	renderTileEntityAt
METHOD	bhf	a	(Lale;DDDFI)V	renderTileEntityAt
METHOD	bhg	a	(Lakw;DDDFI)V	renderTileEntityAt
METHOD	bhg	a	(Lalf;DDDFI)V	renderTileEntityAt
METHOD	bhh	a	(Ladd;DDDF)V	renderMob
METHOD	bhh	a	(Lakw;DDDFI)V	renderTileEntityAt
METHOD	bhh	a	(Lall;DDDFI)V	renderTileEntityAt
METHOD	bhi	a	(Lakw;DDDFI)V	renderTileEntityAt
METHOD	bhi	a	(Lalu;DDDFI)V	renderTileEntityAt
METHOD	bhj	a	(Lakw;DDDFI)V	renderTileEntityAt
METHOD	bhj	a	(Laln;DDDFI)V	renderTileEntityAt
METHOD	bhk	a	(FFFLcq;FILcom/mojang/authlib/GameProfile;I)V	renderSkull
METHOD	bhk	a	(Lakw;DDDFI)V	renderTileEntityAt
METHOD	bhk	a	(Lalo;DDDFI)V	renderTileEntityAt
METHOD	bhk	a	(Lbhc;)V	setRendererDispatcher
METHOD	bhl	a	(FFFF)Ljava/nio/FloatBuffer;	func_147525_a
METHOD	bhl	a	(Lakw;DDDFI)V	renderTileEntityAt
METHOD	bhl	a	(Lalp;DDDFI)V	renderTileEntityAt
METHOD	bhn$a	values	()[Lbhn$a;	values
METHOD	bhn$b	values	()[Lbhn$b;	values
METHOD	bhn	a	()Lbhn$a;	getStatus
METHOD	bhn	a	(Lbfg;)V	setRegionRenderCacheBuilder
METHOD	bhn	a	(Lbhn$a;)V	setStatus
METHOD	bhn	a	(Lbhq;)V	setCompiledChunk
METHOD	bhn	a	(Ljava/lang/Runnable;)V	addFinishRunnable
METHOD	bhn	b	()Lbht;	getRenderChunk
METHOD	bhn	c	()Lbhq;	getCompiledChunk
METHOD	bhn	d	()Lbfg;	getRegionRenderCacheBuilder
METHOD	bhn	e	()V	finish
METHOD	bhn	f	()Ljava/util/concurrent/locks/ReentrantLock;	getLock
METHOD	bhn	g	()Lbhn$b;	getType
METHOD	bhn	h	()Z	isFinished
METHOD	bho$1	run	()V	run
METHOD	bho$2	run	()V	run
METHOD	bho$3	run	()V	run
METHOD	bho	a	()Ljava/lang/String;	getDebugInfo
METHOD	bho	a	(J)Z	runChunkUploads
METHOD	bho	a	(Ladf;Lbfd;Lbht;Lbhq;)Lcom/google/common/util/concurrent/ListenableFuture;	uploadChunk
METHOD	bho	a	(Lbfd;ILbht;)V	uploadDisplayList
METHOD	bho	a	(Lbfd;Lbmt;)V	uploadVertexBuffer
METHOD	bho	a	(Lbfg;)V	freeRenderBuilder
METHOD	bho	a	(Lbho;)Ljava/util/concurrent/BlockingQueue;	access$000
METHOD	bho	a	(Lbht;)Z	updateChunkLater
METHOD	bho	b	()V	stopChunkUpdates
METHOD	bho	b	(Lbht;)Z	updateChunkNow
METHOD	bho	c	()Lbfg;	allocateRenderBuilder
METHOD	bho	c	(Lbht;)Z	updateTransparencyLater
METHOD	bho	d	()Lbhn;	getNextChunkUpdate
METHOD	bho	e	()V	clearChunkUpdates
METHOD	bhp$1	run	()V	run
METHOD	bhp$2	a	(Ljava/util/List;)V	onSuccess
METHOD	bhp$2	onFailure	(Ljava/lang/Throwable;)V	onFailure
METHOD	bhp$2	onSuccess	(Ljava/lang/Object;)V	onSuccess
METHOD	bhp	a	()Lorg/apache/logging/log4j/Logger;	access$100
METHOD	bhp	a	(Lbhn;)V	processTask
METHOD	bhp	a	(Lbhp;Lbhn;)V	access$000
METHOD	bhp	b	()Lbfg;	getRegionRenderCacheBuilder
METHOD	bhp	b	(Lbhn;)V	freeRenderBuilder
METHOD	bhp	run	()V	run
METHOD	bhq$1	a	(Ladf;)V	setLayerUsed
METHOD	bhq$1	a	(Lcq;Lcq;)Z	isVisible
METHOD	bhq$1	c	(Ladf;)V	setLayerStarted
METHOD	bhq	a	()Z	isEmpty
METHOD	bhq	a	(Ladf;)V	setLayerUsed
METHOD	bhq	a	(Lakw;)V	addTileEntity
METHOD	bhq	a	(Lbfd$a;)V	setState
METHOD	bhq	a	(Lbhx;)V	setVisibility
METHOD	bhq	a	(Lcq;Lcq;)Z	isVisible
METHOD	bhq	b	()Ljava/util/List;	getTileEntities
METHOD	bhq	b	(Ladf;)Z	isLayerEmpty
METHOD	bhq	c	()Lbfd$a;	getState
METHOD	bhq	c	(Ladf;)V	setLayerStarted
METHOD	bhq	d	(Ladf;)Z	isLayerStarted
METHOD	bhr	a	(Ladm;Lbfr;Lcj;I)Lbht;	makeRenderChunk
METHOD	bhs	a	()V	deleteGlResources
METHOD	bhs	a	(Ladf;Lbhq;)I	getDisplayList
METHOD	bht	a	()V	deleteGlResources
METHOD	bht	a	(FFFLbhn;)V	resortTransparency
METHOD	bht	a	(I)Z	setFrameIndex
METHOD	bht	a	(Ladf;FFFLbfd;Lbhq;)V	postRenderBlocks
METHOD	bht	a	(Lbfd;Lcj;)V	preRenderBlocks
METHOD	bht	a	(Lbhq;)V	setCompiledChunk
METHOD	bht	a	(Lcj;)V	setPosition
METHOD	bht	a	(Lcq;)Lcj;	getBlockPosOffset16
METHOD	bht	a	(Z)V	setNeedsUpdate
METHOD	bht	b	()V	finishCompileTask
METHOD	bht	b	(FFFLbhn;)V	rebuildChunk
METHOD	bht	b	(I)Lbmt;	getVertexBufferByLayer
METHOD	bht	c	()Ljava/util/concurrent/locks/ReentrantLock;	getLockCompileTask
METHOD	bht	d	()Lbhn;	makeCompileTaskChunk
METHOD	bht	e	()Lbhn;	makeCompileTaskTransparency
METHOD	bht	f	()V	multModelviewMatrix
METHOD	bht	g	()Lbhq;	getCompiledChunk
METHOD	bht	h	()V	stopCompileTask
METHOD	bht	j	()Lcj;	getPosition
METHOD	bht	l	()Z	isNeedsUpdate
METHOD	bht	m	()V	initModelviewMatrix
METHOD	bhu	a	(Ladm;Lbfr;Lcj;I)Lbht;	makeRenderChunk
METHOD	bhv	a	(Ladm;Lbfr;Lcj;I)Lbht;	makeRenderChunk
METHOD	bhw	a	()Lbhx;	computeVisibility
METHOD	bhw	a	(I)Ljava/util/Set;	func_178604_a
METHOD	bhw	a	(III)I	getIndex
METHOD	bhw	a	(ILcq;)I	func_178603_a
METHOD	bhw	a	(ILjava/util/Set;)V	func_178610_a
METHOD	bhw	a	(Lcj;)V	func_178606_a
METHOD	bhw	b	(Lcj;)Ljava/util/Set;	func_178609_b
METHOD	bhw	c	(Lcj;)I	getIndex
METHOD	bhx	a	(Lcq;Lcq;)Z	isVisible
METHOD	bhx	a	(Lcq;Lcq;Z)V	setVisible
METHOD	bhx	a	(Ljava/util/Set;)V	setManyVisible
METHOD	bhx	a	(Z)V	setAllVisible
METHOD	bhx	toString	()Ljava/lang/String;	toString
METHOD	bi	a	()I	getRequiredPermissionLevel
METHOD	bi	a	(Lm;)Z	canCommandSenderUseCommand
METHOD	bi	a	(Lm;[Ljava/lang/String;)V	processCommand
METHOD	bi	c	()Ljava/lang/String;	getCommandName
METHOD	bi	c	(Lm;)Ljava/lang/String;	getCommandUsage
METHOD	bia	a	(DDD)V	setPosition
METHOD	bia	a	(Laug;)Z	isBoundingBoxInFrustum
METHOD	bib	a	()Lbid;	getInstance
METHOD	bib	a	([F)V	normalize
METHOD	bib	b	()V	init
METHOD	bic	a	(DDD)V	setPosition
METHOD	bic	a	(Laug;)Z	isBoundingBoxInFrustum
METHOD	bic	b	(DDDDDD)Z	isBoxInFrustum
METHOD	bid	a	([FDDD)D	dot
METHOD	bid	b	(DDDDDD)Z	isBoxInFrustum
METHOD	big$1	a	()V	initArmor
METHOD	big	a	()Lbat;	getMainModel
METHOD	big	a	(Lpk;)Ljy;	getEntityTexture
METHOD	big	a	(Lpr;)Z	canRenderName
METHOD	big	a	(Lpr;FFF)V	rotateCorpse
METHOD	big	a	(Lum;)Ljy;	getEntityTexture
METHOD	big	a	(Lum;FFF)V	rotateCorpse
METHOD	big	b	()Lbbo;	getMainModel
METHOD	big	b	(Lpk;)Z	canRenderName
METHOD	big	b	(Lum;)Z	canRenderName
METHOD	bih	a	(Lpk;)Ljy;	getEntityTexture
METHOD	bih	a	(Lpk;DDDFF)V	doRender
METHOD	bih	a	(Lwq;)Ljy;	getEntityTexture
METHOD	bih	a	(Lwq;DDDFF)V	doRender
METHOD	bii	a	(Lpk;)Ljy;	getEntityTexture
METHOD	bii	a	(Lpr;F)V	preRenderCallback
METHOD	bii	a	(Lpr;FFF)V	rotateCorpse
METHOD	bii	a	(Ltk;)Ljy;	getEntityTexture
METHOD	bii	a	(Ltk;F)V	preRenderCallback
METHOD	bii	a	(Ltk;FFF)V	rotateCorpse
METHOD	bij	a	(Lpk;)Ljy;	getEntityTexture
METHOD	bij	a	(Lvl;)Ljy;	getEntityTexture
METHOD	bik	a	(Lpk;)Ljy;	getEntityTexture
METHOD	bik	a	(Lpk;DDDFF)V	doRender
METHOD	bik	a	(Lux;)Ljy;	getEntityTexture
METHOD	bik	a	(Lux;DDDFF)V	doRender
METHOD	bil	a	(Lpk;)Ljy;	getEntityTexture
METHOD	bil	a	(Lpr;F)V	preRenderCallback
METHOD	bil	a	(Lvm;)Ljy;	getEntityTexture
METHOD	bil	a	(Lvm;F)V	preRenderCallback
METHOD	bil	a	(Lwc;)Ljy;	getEntityTexture
METHOD	bim	a	(Lpk;)Ljy;	getEntityTexture
METHOD	bim	a	(Ltn;)Ljy;	getEntityTexture
METHOD	bim	a	(Ltn;F)F	handleRotationFloat
METHOD	bim	b	(Lpr;F)F	handleRotationFloat
METHOD	bin	a	(Lpk;)Ljy;	getEntityTexture
METHOD	bin	a	(Lto;)Ljy;	getEntityTexture
METHOD	bio	a	(Lpk;)Ljy;	getEntityTexture
METHOD	bio	a	(Lpr;F)V	preRenderCallback
METHOD	bio	a	(Lpr;FF)I	getColorMultiplier
METHOD	bio	a	(Lvn;)Ljy;	getEntityTexture
METHOD	bio	a	(Lvn;F)V	preRenderCallback
METHOD	bio	a	(Lvn;FF)I	getColorMultiplier
METHOD	bip	a	(Lpk;)Ljy;	getEntityTexture
METHOD	bip	a	(Lpk;DDDFF)V	doRender
METHOD	biq	a	(Lpk;)Ljy;	getEntityTexture
METHOD	biq	a	(Lpk;DDDFF)V	doRender
METHOD	biq	a	(Luf;)Ljy;	getEntityTexture
METHOD	biq	a	(Luf;DDDFF)V	doRender
METHOD	bir	a	(Lpk;)Ljy;	getEntityTexture
METHOD	bir	a	(Lpk;DDDFF)V	doRender
METHOD	bir	a	(Lpr;DDDFF)V	doRender
METHOD	bir	a	(Lpr;FFF)V	rotateCorpse
METHOD	bir	a	(Lpr;FFFFFF)V	renderModel
METHOD	bir	a	(Lps;DDDFF)V	doRender
METHOD	bir	a	(Lug;)Ljy;	getEntityTexture
METHOD	bir	a	(Lug;DDDF)V	drawRechargeRay
METHOD	bir	a	(Lug;DDDFF)V	doRender
METHOD	bir	a	(Lug;FFF)V	rotateCorpse
METHOD	bir	a	(Lug;FFFFFF)V	renderModel
METHOD	bis	a	(Lpk;)Ljy;	getEntityTexture
METHOD	bis	a	(Lpk;DDDFF)V	doRender
METHOD	bis	a	(Lpr;DDDFF)V	doRender
METHOD	bis	a	(Lps;DDDFF)V	doRender
METHOD	bis	a	(Lvo;)Ljy;	getEntityTexture
METHOD	bis	a	(Lvo;DDDFF)V	doRender
METHOD	bit	a	(Lpk;)Ljy;	getEntityTexture
METHOD	bit	a	(Lvp;)F	getDeathMaxRotation
METHOD	bit	b	(Lpr;)F	getDeathMaxRotation
METHOD	bit	b	(Lvp;)Ljy;	getEntityTexture
METHOD	biu	a	()Z	isRenderShadow
METHOD	biu	a	(DDD)V	setRenderPosition
METHOD	biu	a	(F)V	setPlayerViewY
METHOD	biu	a	(Ladm;)V	set
METHOD	biu	a	(Ladm;Lavn;Lpk;Lpk;Lavh;F)V	cacheActiveRenderInfo
METHOD	biu	a	(Ljava/lang/Class;)Lbiv;	getEntityClassRenderObject
METHOD	biu	a	(Lpk;)Lbiv;	getEntityRenderObject
METHOD	biu	a	(Lpk;DDDFF)Z	renderEntityWithPosYaw
METHOD	biu	a	(Lpk;DDDFFZ)Z	doRenderEntity
METHOD	biu	a	(Lpk;F)Z	renderEntitySimple
METHOD	biu	a	(Lpk;FZ)Z	renderEntityStatic
METHOD	biu	a	(Lpk;Lbia;DDD)Z	shouldRender
METHOD	biu	a	(Z)V	setRenderShadow
METHOD	biu	b	()Z	isDebugBoundingBox
METHOD	biu	b	(DDD)D	getDistanceToCamera
METHOD	biu	b	(Lpk;DDDFF)V	renderDebugBoundingBox
METHOD	biu	b	(Lpk;F)V	renderWitherSkull
METHOD	biu	b	(Z)V	setDebugBoundingBox
METHOD	biu	c	()Lavn;	getFontRenderer
METHOD	biu	c	(Z)V	setRenderOutlines
METHOD	biv	a	()Ladm;	getWorldFromRenderManager
METHOD	biv	a	(Lafh;DDDLcj;FFDDD)V	renderShadowBlock
METHOD	biv	a	(Laug;DDD)V	renderOffsetAABB
METHOD	biv	a	(Ljy;)V	bindTexture
METHOD	biv	a	(Lpk;)Ljy;	getEntityTexture
METHOD	biv	a	(Lpk;DDD)V	renderName
METHOD	biv	a	(Lpk;DDDF)V	renderEntityOnFire
METHOD	biv	a	(Lpk;DDDFF)V	doRender
METHOD	biv	a	(Lpk;DDDLjava/lang/String;FD)V	renderOffsetLivingLabel
METHOD	biv	a	(Lpk;Lbia;DDD)Z	shouldRender
METHOD	biv	a	(Lpk;Ljava/lang/String;DDDI)V	renderLivingLabel
METHOD	biv	b	(Lpk;)Z	canRenderName
METHOD	biv	b	(Lpk;DDDFF)V	doRenderShadowAndFire
METHOD	biv	c	()Lavn;	getFontRendererFromRenderManager
METHOD	biv	c	(Lpk;)Z	bindEntityTexture
METHOD	biv	c	(Lpk;DDDFF)V	renderShadow
METHOD	biv	d	()Lbiu;	getRenderManager
METHOD	biw	a	(Lpk;)Ljy;	getEntityTexture
METHOD	biw	a	(Lpk;DDDFF)V	doRender
METHOD	biw	a	(Lpp;)Ljy;	getEntityTexture
METHOD	biw	a	(Lpp;DDDFF)V	doRender
METHOD	bix	a	(Lpk;)Ljy;	getEntityTexture
METHOD	bix	a	(Lpk;DDDFF)V	doRender
METHOD	bix	a	(Luy;)Ljy;	getEntityTexture
METHOD	bix	a	(Luy;DDDFF)V	doRender
METHOD	biy	a	(Lpk;)Ljy;	getEntityTexture
METHOD	biy	a	(Lpk;DDDFF)V	doRender
METHOD	biy	a	(Lws;)Ljy;	getEntityTexture
METHOD	biy	a	(Lws;DDDFF)V	doRender
METHOD	biz	a	(Lpk;)Ljy;	getEntityTexture
METHOD	biz	a	(Lpk;DDDFF)V	doRender
METHOD	biz	a	(Lur;)Ljy;	getEntityTexture
METHOD	biz	a	(Lur;DDDFF)V	doRender
METHOD	bj$a	a	()V	func_111095_a
METHOD	bj$a	a	(DDDD)Z	func_111093_a
METHOD	bj$a	a	(Ladm;)I	func_111092_a
METHOD	bj$a	a	(Lbj$a;)D	func_111099_a
METHOD	bj$a	a	(Ljava/util/Random;DDDD)V	func_111097_a
METHOD	bj$a	b	()F	func_111096_b
METHOD	bj$a	b	(Ladm;)Z	func_111098_b
METHOD	bj$a	b	(Lbj$a;)V	func_111094_b
METHOD	bj	a	()I	getRequiredPermissionLevel
METHOD	bj	a	(Lbj$a;DLadm;Ljava/util/Random;DDDD[Lbj$a;Z)I	func_110668_a
METHOD	bj	a	(Ljava/util/List;Ladm;[Lbj$a;Z)D	func_110671_a
METHOD	bj	a	(Ljava/util/Random;IDDDD)[Lbj$a;	func_110670_a
METHOD	bj	a	(Lm;Ljava/util/List;Lbj$a;DDLadm;Z)V	func_110669_a
METHOD	bj	a	(Lm;[Ljava/lang/String;)V	processCommand
METHOD	bj	a	(Lm;[Ljava/lang/String;Lcj;)Ljava/util/List;	addTabCompletionOptions
METHOD	bj	b	(Ljava/util/List;)I	func_110667_a
METHOD	bj	c	()Ljava/lang/String;	getCommandName
METHOD	bj	c	(Lm;)Ljava/lang/String;	getCommandUsage
METHOD	bja	a	(Lpk;)Ljy;	getEntityTexture
METHOD	bja	a	(Lpr;F)V	preRenderCallback
METHOD	bja	a	(Lvr;)Ljy;	getEntityTexture
METHOD	bja	a	(Lvr;F)V	preRenderCallback
METHOD	bjb$1	a	()V	initArmor
METHOD	bjb	C_	()V	transformHeldFull3DItemLayer
METHOD	bjb	a	(Lpk;)Ljy;	getEntityTexture
METHOD	bjb	a	(Lpr;F)V	preRenderCallback
METHOD	bjb	a	(Lvs;)Ljy;	getEntityTexture
METHOD	bjb	a	(Lvs;F)V	preRenderCallback
METHOD	bjc	a	(Lpk;)Ljy;	getEntityTexture
METHOD	bjc	a	(Lpk;DDDFF)V	doRender
METHOD	bjc	a	(Lpk;Lbia;DDD)Z	shouldRender
METHOD	bjc	a	(Lpr;DDDFF)V	doRender
METHOD	bjc	a	(Lpr;DF)Laui;	func_177110_a
METHOD	bjc	a	(Lpr;F)V	preRenderCallback
METHOD	bjc	a	(Lps;DDDFF)V	doRender
METHOD	bjc	a	(Lps;Lbia;DDD)Z	shouldRender
METHOD	bjc	a	(Lvt;)Ljy;	getEntityTexture
METHOD	bjc	a	(Lvt;DDDFF)V	doRender
METHOD	bjc	a	(Lvt;F)V	preRenderCallback
METHOD	bjc	a	(Lvt;Lbia;DDD)Z	shouldRender
METHOD	bjd	a	(Lpk;)Ljy;	getEntityTexture
METHOD	bjd	a	(Lpr;F)V	preRenderCallback
METHOD	bjd	a	(Ltp;)Ljy;	getEntityTexture
METHOD	bjd	a	(Ltp;F)V	preRenderCallback
METHOD	bjd	b	(Ltp;)Ljy;	func_110848_b
METHOD	bje	C_	()V	transformHeldFull3DItemLayer
METHOD	bje	a	(Lpk;)Ljy;	getEntityTexture
METHOD	bje	a	(Lps;)Ljy;	getEntityTexture
METHOD	bjf	a	(Lpk;)Ljy;	getEntityTexture
METHOD	bjf	a	(Lpk;DDDFF)V	doRender
METHOD	bjf	a	(Luz;)Ljy;	getEntityTexture
METHOD	bjf	a	(Luz;DDDFF)V	doRender
METHOD	bjf	a	(Luz;DDDFLboq;)I	func_177077_a
METHOD	bjf	a	(Lzx;)I	func_177078_a
METHOD	bjg	a	(Lpk;)Ljy;	getEntityTexture
METHOD	bjg	a	(Lpk;DDD)V	renderName
METHOD	bjg	a	(Lpk;DDDFF)V	doRender
METHOD	bjg	a	(Luo;)Ljy;	getEntityTexture
METHOD	bjg	a	(Luo;DDD)V	renderName
METHOD	bjg	a	(Luo;DDDFF)V	doRender
METHOD	bjg	b	(Luo;)V	renderItem
METHOD	bjh$1	a	()Ljava/lang/String;	call
METHOD	bjh$1	call	()Ljava/lang/Object;	call
METHOD	bjh$2	a	()Ljava/lang/String;	call
METHOD	bjh$2	call	()Ljava/lang/Object;	call
METHOD	bjh$3	a	()Ljava/lang/String;	call
METHOD	bjh$3	call	()Ljava/lang/Object;	call
METHOD	bjh$4	a	()Ljava/lang/String;	call
METHOD	bjh$4	call	()Ljava/lang/Object;	call
METHOD	bjh$5	a	(Lzx;)Lbov;	getModelLocation
METHOD	bjh$6	a	(Lzx;)Lbov;	getModelLocation
METHOD	bjh$7	a	(Lzx;)Lbov;	getModelLocation
METHOD	bjh$8	a	(Lzx;)Lbov;	getModelLocation
METHOD	bjh$9	a	(Lzx;)Lbov;	getModelLocation
METHOD	bjh	a	()Lbfo;	getItemModelMesher
METHOD	bjh	a	(IIZ)V	setupGuiTransform
METHOD	bjh	a	(Lafh;ILjava/lang/String;)V	registerBlock
METHOD	bjh	a	(Lafh;Ljava/lang/String;)V	registerBlock
METHOD	bjh	a	(Lavn;Lzx;II)V	renderItemOverlays
METHOD	bjh	a	(Lavn;Lzx;IILjava/lang/String;)V	renderItemOverlayIntoGUI
METHOD	bjh	a	(Lbfd;IIIIIIII)V	draw
METHOD	bjh	a	(Lbfd;Lbgg;)V	putQuadNormal
METHOD	bjh	a	(Lbfd;Lbgg;I)V	renderQuad
METHOD	bjh	a	(Lbfd;Ljava/util/List;ILzx;)V	renderQuads
METHOD	bjh	a	(Lbgq;)Z	isThereOneNegativeScale
METHOD	bjh	a	(Lbni;)V	onResourceManagerReload
METHOD	bjh	a	(Lboq;)V	renderEffect
METHOD	bjh	a	(Lboq;I)V	renderModel
METHOD	bjh	a	(Lboq;ILzx;)V	renderModel
METHOD	bjh	a	(Lboq;Lzx;)V	renderModel
METHOD	bjh	a	(Lzw;ILjava/lang/String;)V	registerItem
METHOD	bjh	a	(Lzw;Ljava/lang/String;)V	registerItem
METHOD	bjh	a	(Lzx;)Z	shouldRenderItemIn3D
METHOD	bjh	a	(Lzx;II)V	renderItemIntoGUI
METHOD	bjh	a	(Lzx;Lbgr$b;)V	renderItem
METHOD	bjh	a	(Lzx;Lboq;)V	renderItem
METHOD	bjh	a	(Lzx;Lboq;Lbgr$b;)V	renderItemModelTransform
METHOD	bjh	a	(Lzx;Lpr;Lbgr$b;)V	renderItemModelForEntity
METHOD	bjh	a	(Z)V	isNotRenderingEffectsInGUI
METHOD	bjh	b	()V	registerItems
METHOD	bjh	b	(Lzx;)V	preTransform
METHOD	bjh	b	(Lzx;II)V	renderItemAndEffectIntoGUI
METHOD	bji	a	(Lpk;)Ljy;	getEntityTexture
METHOD	bji	a	(Lpr;F)V	preRenderCallback
METHOD	bji	a	(Lvu;)Ljy;	getEntityTexture
METHOD	bji	a	(Lvu;F)V	preRenderCallback
METHOD	bjj	a	(Lpk;)Ljy;	getEntityTexture
METHOD	bjj	a	(Lpk;DDDFF)V	doRender
METHOD	bjj	a	(Lup;)Ljy;	getEntityTexture
METHOD	bjj	a	(Lup;DDDFF)V	doRender
METHOD	bjk	a	(Lpk;)Ljy;	getEntityTexture
METHOD	bjk	a	(Lpk;DDDFF)V	doRender
METHOD	bjk	a	(Luv;)Ljy;	getEntityTexture
METHOD	bjk	a	(Luv;DDDFF)V	doRender
METHOD	bjl	C_	()V	transformHeldFull3DItemLayer
METHOD	bjl	a	(FFF)F	interpolateRotation
METHOD	bjl	a	(Lblb;)Z	addLayer
METHOD	bjl	a	(Lpk;DDD)V	renderName
METHOD	bjl	a	(Lpk;DDDFF)V	doRender
METHOD	bjl	a	(Lpr;)Z	canRenderName
METHOD	bjl	a	(Lpr;DDD)V	renderLivingAt
METHOD	bjl	a	(Lpr;DDDFF)V	doRender
METHOD	bjl	a	(Lpr;F)V	preRenderCallback
METHOD	bjl	a	(Lpr;FF)I	getColorMultiplier
METHOD	bjl	a	(Lpr;FFF)V	rotateCorpse
METHOD	bjl	a	(Lpr;FFFFFF)V	renderModel
METHOD	bjl	a	(Lpr;FFFFFFF)V	renderLayers
METHOD	bjl	a	(Lpr;FZ)Z	setBrightness
METHOD	bjl	a	(Z)V	setRenderOutlines
METHOD	bjl	b	()Lbbo;	getMainModel
METHOD	bjl	b	(Lblb;)Z	removeLayer
METHOD	bjl	b	(Lpk;)Z	canRenderName
METHOD	bjl	b	(Lpr;)F	getDeathMaxRotation
METHOD	bjl	b	(Lpr;DDD)V	renderName
METHOD	bjl	b	(Lpr;F)F	handleRotationFloat
METHOD	bjl	c	(Lpr;)Z	setScoreTeamColor
METHOD	bjl	c	(Lpr;F)Z	setDoRenderBrightness
METHOD	bjl	d	(Lpr;F)F	getSwingProgress
METHOD	bjl	e	()V	unsetScoreTeamColor
METHOD	bjl	f	()V	unsetBrightness
METHOD	bjm	a	(Lpk;)Ljy;	getEntityTexture
METHOD	bjm	a	(Lpk;DDDFF)V	doRender
METHOD	bjm	a	(Lva;)Ljy;	getEntityTexture
METHOD	bjm	a	(Lva;DDDFF)V	doRender
METHOD	bjm	a	(Lva;FLalz;)V	func_180560_a
METHOD	bjn	a	(Lva;FLalz;)V	func_180560_a
METHOD	bjn	a	(Lvh;FLalz;)V	func_180560_a
METHOD	bjo	a	(DDD)D	interpolateValue
METHOD	bjo	a	(Lpk;DDDFF)V	doRender
METHOD	bjo	a	(Lpk;Lbia;DDD)Z	shouldRender
METHOD	bjo	a	(Lpr;)Z	canRenderName
METHOD	bjo	a	(Lpr;DDDFF)V	doRender
METHOD	bjo	a	(Lps;DDDFF)V	doRender
METHOD	bjo	a	(Lps;F)V	setLightmap
METHOD	bjo	a	(Lps;Lbia;DDD)Z	shouldRender
METHOD	bjo	b	(Lpk;)Z	canRenderName
METHOD	bjo	b	(Lps;)Z	canRenderName
METHOD	bjo	b	(Lps;DDDFF)V	renderLeash
METHOD	bjp	a	(Lpk;)Ljy;	getEntityTexture
METHOD	bjp	a	(Ltr;)Ljy;	getEntityTexture
METHOD	bjq	a	(Lpk;)Ljy;	getEntityTexture
METHOD	bjq	a	(Lpr;F)V	preRenderCallback
METHOD	bjq	a	(Lts;)Ljy;	getEntityTexture
METHOD	bjq	a	(Lts;F)V	preRenderCallback
METHOD	bjr	a	(Lpk;)Ljy;	getEntityTexture
METHOD	bjr	a	(Lpk;DDDFF)V	doRender
METHOD	bjr	a	(Luq;)Ljy;	getEntityTexture
METHOD	bjr	a	(Luq;DDDFF)V	doRender
METHOD	bjr	a	(Luq;FF)V	setLightmap
METHOD	bjr	a	(Luq;IIII)V	renderPainting
METHOD	bjs	a	(Lpk;)Ljy;	getEntityTexture
METHOD	bjs	a	(Ltt;)Ljy;	getEntityTexture
METHOD	bjt$1	a	()V	initArmor
METHOD	bjt	a	(Lpk;)Ljy;	getEntityTexture
METHOD	bjt	a	(Lps;)Ljy;	getEntityTexture
METHOD	bjt	a	(Lvw;)Ljy;	getEntityTexture
METHOD	bju	a	(Lpk;)Ljy;	getEntityTexture
METHOD	bju	a	(Ltu;)Ljy;	getEntityTexture
METHOD	bjv	a	(Lpk;)Ljy;	getEntityTexture
METHOD	bjv	a	(Ltv;)Ljy;	getEntityTexture
METHOD	bjw	a	(Lpk;)Ljy;	getEntityTexture
METHOD	bjw	a	(Lvz;)F	getDeathMaxRotation
METHOD	bjw	b	(Lpr;)F	getDeathMaxRotation
METHOD	bjw	b	(Lvz;)Ljy;	getEntityTexture
METHOD	bjx$1	a	()V	initArmor
METHOD	bjx	C_	()V	transformHeldFull3DItemLayer
METHOD	bjx	a	(Lpk;)Ljy;	getEntityTexture
METHOD	bjx	a	(Lpr;F)V	preRenderCallback
METHOD	bjx	a	(Lps;)Ljy;	getEntityTexture
METHOD	bjx	a	(Lwa;)Ljy;	getEntityTexture
METHOD	bjx	a	(Lwa;F)V	preRenderCallback
METHOD	bjy	a	(Lpk;)Ljy;	getEntityTexture
METHOD	bjy	a	(Lpk;DDDFF)V	doRender
METHOD	bjy	a	(Lpr;DDDFF)V	doRender
METHOD	bjy	a	(Lpr;F)V	preRenderCallback
METHOD	bjy	a	(Lps;DDDFF)V	doRender
METHOD	bjy	a	(Lwb;)Ljy;	getEntityTexture
METHOD	bjy	a	(Lwb;DDDFF)V	doRender
METHOD	bjy	a	(Lwb;F)V	preRenderCallback
METHOD	bjz	a	(Lpk;)Ljy;	getEntityTexture
METHOD	bjz	a	(Ltw;)Ljy;	getEntityTexture
METHOD	bjz	b	()Lbbo;	getMainModel
METHOD	bjz	g	()Lbcd;	getMainModel
METHOD	bk	a	()I	getRequiredPermissionLevel
METHOD	bk	a	(Lm;[Ljava/lang/String;)V	processCommand
METHOD	bk	a	(Lm;[Ljava/lang/String;Lcj;)Ljava/util/List;	addTabCompletionOptions
METHOD	bk	b	([Ljava/lang/String;I)Z	isUsernameIndex
METHOD	bk	c	()Ljava/lang/String;	getCommandName
METHOD	bk	c	(Lm;)Ljava/lang/String;	getCommandUsage
METHOD	bk	d	()[Ljava/lang/String;	func_175776_d
METHOD	bk	e	()Ljava/util/List;	func_175777_e
METHOD	bka	a	(Lpk;)Ljy;	getEntityTexture
METHOD	bka	a	(Lwc;)Ljy;	getEntityTexture
METHOD	bka	b	(Lpr;)F	getDeathMaxRotation
METHOD	bka	b	(Lwc;)F	getDeathMaxRotation
METHOD	bkb	a	(Lpk;)Ljy;	getEntityTexture
METHOD	bkb	a	(Lpr;FFF)V	rotateCorpse
METHOD	bkb	a	(Ltx;)Ljy;	getEntityTexture
METHOD	bkb	a	(Ltx;F)F	handleRotationFloat
METHOD	bkb	a	(Ltx;FFF)V	rotateCorpse
METHOD	bkb	b	(Lpr;F)F	handleRotationFloat
METHOD	bkc	a	(Lpk;)Ljy;	getEntityTexture
METHOD	bkc	a	(Lpk;DDDFF)V	doRender
METHOD	bkc	d	(Lpk;)Lzx;	func_177082_d
METHOD	bkd	a	(Lxc;)Lzx;	func_177082_d
METHOD	bkd	d	(Lpk;)Lzx;	func_177082_d
METHOD	bke	a	(Lva;FLalz;)V	func_180560_a
METHOD	bke	a	(Lvi;FLalz;)V	func_180560_a
METHOD	bkf	a	(Lpk;)Ljy;	getEntityTexture
METHOD	bkf	a	(Lpk;DDDFF)V	doRender
METHOD	bkf	a	(Lvj;)Ljy;	getEntityTexture
METHOD	bkf	a	(Lvj;DDDFF)V	doRender
METHOD	bkg	a	(Lpk;)Ljy;	getEntityTexture
METHOD	bkg	a	(Lpr;FFF)V	rotateCorpse
METHOD	bkg	a	(Lty;)Ljy;	getEntityTexture
METHOD	bkg	a	(Lty;FFF)V	rotateCorpse
METHOD	bkh	a	(Lpk;)Ljy;	getEntityTexture
METHOD	bkh	a	(Lpr;F)V	preRenderCallback
METHOD	bkh	a	(Lwi;)Ljy;	getEntityTexture
METHOD	bkh	a	(Lwi;F)V	preRenderCallback
METHOD	bkh	b	()Lbbo;	getMainModel
METHOD	bkh	g	()Lbci;	getMainModel
METHOD	bki	C_	()V	transformHeldFull3DItemLayer
METHOD	bki	a	(Lpk;)Ljy;	getEntityTexture
METHOD	bki	a	(Lpk;DDDFF)V	doRender
METHOD	bki	a	(Lpr;DDDFF)V	doRender
METHOD	bki	a	(Lpr;F)V	preRenderCallback
METHOD	bki	a	(Lps;DDDFF)V	doRender
METHOD	bki	a	(Lwd;)Ljy;	getEntityTexture
METHOD	bki	a	(Lwd;DDDFF)V	doRender
METHOD	bki	a	(Lwd;F)V	preRenderCallback
METHOD	bkj	a	(Lpk;)Ljy;	getEntityTexture
METHOD	bkj	a	(Lpk;DDDFF)V	doRender
METHOD	bkj	a	(Lpr;DDDFF)V	doRender
METHOD	bkj	a	(Lpr;F)V	preRenderCallback
METHOD	bkj	a	(Lps;DDDFF)V	doRender
METHOD	bkj	a	(Luk;)Ljy;	getEntityTexture
METHOD	bkj	a	(Luk;DDDFF)V	doRender
METHOD	bkj	a	(Luk;F)V	preRenderCallback
METHOD	bkk	a	(FFF)F	func_82400_a
METHOD	bkk	a	(Lpk;)Ljy;	getEntityTexture
METHOD	bkk	a	(Lpk;DDDFF)V	doRender
METHOD	bkk	a	(Lxd;)Ljy;	getEntityTexture
METHOD	bkk	a	(Lxd;DDDFF)V	doRender
METHOD	bkl	a	(Lpk;)Ljy;	getEntityTexture
METHOD	bkl	a	(Lpk;DDDFF)V	doRender
METHOD	bkl	a	(Lpr;DDDFF)V	doRender
METHOD	bkl	a	(Lps;DDDFF)V	doRender
METHOD	bkl	a	(Lua;)Ljy;	getEntityTexture
METHOD	bkl	a	(Lua;DDDFF)V	doRender
METHOD	bkl	a	(Lua;F)F	handleRotationFloat
METHOD	bkl	b	(Lpr;F)F	handleRotationFloat
METHOD	bkm$1	a	()V	initArmor
METHOD	bkm	a	(Lpk;)Ljy;	getEntityTexture
METHOD	bkm	a	(Lpk;DDDFF)V	doRender
METHOD	bkm	a	(Lpr;DDDFF)V	doRender
METHOD	bkm	a	(Lpr;FFF)V	rotateCorpse
METHOD	bkm	a	(Lps;)Ljy;	getEntityTexture
METHOD	bkm	a	(Lps;DDDFF)V	doRender
METHOD	bkm	a	(Lwe;)Ljy;	getEntityTexture
METHOD	bkm	a	(Lwe;DDDFF)V	doRender
METHOD	bkm	a	(Lwe;FFF)V	rotateCorpse
METHOD	bkm	b	(Lwe;)V	func_82427_a
METHOD	bkn	a	()V	initArmor
METHOD	bkn	a	(I)Lbbo;	getArmorModel
METHOD	bkn	a	(Lbbo;I)V	setModelPartVisible
METHOD	bkn	a	(Lpr;FFFFFFF)V	doRenderLayer
METHOD	bkn	a	(Lpr;FFFFFFFI)V	renderLayer
METHOD	bkn	a	(Lpr;I)Lzx;	getCurrentArmor
METHOD	bkn	a	(Lpr;Lbbo;FFFFFFF)V	renderGlint
METHOD	bkn	a	(Lyj;Z)Ljy;	getArmorResource
METHOD	bkn	a	(Lyj;ZLjava/lang/String;)Ljy;	getArmorResource
METHOD	bkn	b	()Z	shouldCombineTextures
METHOD	bkn	b	(I)Z	isSlotForLeggings
METHOD	bko	a	(Lpr;FFFFFFF)V	doRenderLayer
METHOD	bko	b	()Z	shouldCombineTextures
METHOD	bkp	a	(Lbet;FFFFFFF)V	doRenderLayer
METHOD	bkp	a	(Lpr;FFFFFFF)V	doRenderLayer
METHOD	bkp	b	()Z	shouldCombineTextures
METHOD	bkq	a	(Lpr;FFFFFFF)V	doRenderLayer
METHOD	bkq	a	(Lvo;FFFFFFF)V	doRenderLayer
METHOD	bkq	b	()Z	shouldCombineTextures
METHOD	bkr	a	(Lpr;FFFFFFF)V	doRenderLayer
METHOD	bkr	a	(Lvn;FFFFFFF)V	doRenderLayer
METHOD	bkr	b	()Z	shouldCombineTextures
METHOD	bks	a	(Lpr;FFFFFFF)V	doRenderLayer
METHOD	bks	b	()Z	shouldCombineTextures
METHOD	bkt	a	(Lbet;FFFFFFF)V	doRenderLayer
METHOD	bkt	a	(Lpr;FFFFFFF)V	doRenderLayer
METHOD	bkt	b	()Z	shouldCombineTextures
METHOD	bku	a	(Lpr;FFFFFFF)V	doRenderLayer
METHOD	bku	a	(Lug;FFFFFFF)V	doRenderLayer
METHOD	bku	b	()Z	shouldCombineTextures
METHOD	bkv	a	(Lpr;FFFFFFF)V	doRenderLayer
METHOD	bkv	a	(Lug;FFFFFFF)V	doRenderLayer
METHOD	bkv	b	()Z	shouldCombineTextures
METHOD	bkw	a	(Lpr;FFFFFFF)V	doRenderLayer
METHOD	bkw	a	(Lvo;FFFFFFF)V	doRenderLayer
METHOD	bkw	b	()Z	shouldCombineTextures
METHOD	bkx	a	()V	initArmor
METHOD	bkx	a	(Lbbj;)V	setModelVisible
METHOD	bkx	a	(Lbbj;I)V	setModelPartVisible
METHOD	bkx	a	(Lbbo;I)V	setModelPartVisible
METHOD	bky	a	(Lpr;FFFFFFF)V	doRenderLayer
METHOD	bky	b	()Z	shouldCombineTextures
METHOD	bkz	a	(Lpr;FFFFFFF)V	doRenderLayer
METHOD	bkz	a	(Ltr;FFFFFFF)V	doRenderLayer
METHOD	bkz	b	()Z	shouldCombineTextures
METHOD	bl	a	(Lm;[Ljava/lang/String;)V	processCommand
METHOD	bl	c	()Ljava/lang/String;	getCommandName
METHOD	bl	c	(Lm;)Ljava/lang/String;	getCommandUsage
METHOD	bla	a	(Lpr;FFFFFFF)V	doRenderLayer
METHOD	bla	a	(Ltt;FFFFFFF)V	doRenderLayer
METHOD	bla	b	()Z	shouldCombineTextures
METHOD	blb	a	(Lpr;FFFFFFF)V	doRenderLayer
METHOD	blb	b	()Z	shouldCombineTextures
METHOD	blc	a	(Lpr;FFFFFFF)V	doRenderLayer
METHOD	blc	a	(Ltv;FFFFFFF)V	doRenderLayer
METHOD	blc	b	()Z	shouldCombineTextures
METHOD	bld	a	(Lpr;FFFFFFF)V	doRenderLayer
METHOD	bld	a	(Lwb;FFFFFFF)V	doRenderLayer
METHOD	bld	b	()Z	shouldCombineTextures
METHOD	ble	a	(Lpr;FFFFFFF)V	doRenderLayer
METHOD	ble	a	(Ltw;FFFFFFF)V	doRenderLayer
METHOD	ble	b	()Z	shouldCombineTextures
METHOD	blf	a	(Lpr;FFFFFFF)V	doRenderLayer
METHOD	blf	a	(Lwc;FFFFFFF)V	doRenderLayer
METHOD	blf	b	()Z	shouldCombineTextures
METHOD	blg	a	()V	initArmor
METHOD	blh	a	(Lpr;FFFFFFF)V	doRenderLayer
METHOD	blh	a	(Lty;FFFFFFF)V	doRenderLayer
METHOD	blh	b	()Z	shouldCombineTextures
METHOD	bli	a	(Lpr;FFFFFFF)V	doRenderLayer
METHOD	bli	a	(Lwd;FFFFFFF)V	doRenderLayer
METHOD	bli	b	()Z	shouldCombineTextures
METHOD	blj	a	(Lpr;FFFFFFF)V	doRenderLayer
METHOD	blj	a	(Luk;FFFFFFF)V	doRenderLayer
METHOD	blj	b	()Z	shouldCombineTextures
METHOD	blk	a	(Lpr;FFFFFFF)V	doRenderLayer
METHOD	blk	a	(Lua;FFFFFFF)V	doRenderLayer
METHOD	blk	b	()Z	shouldCombineTextures
METHOD	bln	C_	()V	transformHeldFull3DItemLayer
METHOD	bln	a	(Lbet;)Ljy;	getEntityTexture
METHOD	bln	a	(Lbet;DDD)V	renderLivingAt
METHOD	bln	a	(Lbet;DDDFF)V	doRender
METHOD	bln	a	(Lbet;DDDLjava/lang/String;FD)V	renderOffsetLivingLabel
METHOD	bln	a	(Lbet;F)V	preRenderCallback
METHOD	bln	a	(Lbet;FFF)V	rotateCorpse
METHOD	bln	a	(Lpk;)Ljy;	getEntityTexture
METHOD	bln	a	(Lpk;DDDFF)V	doRender
METHOD	bln	a	(Lpk;DDDLjava/lang/String;FD)V	renderOffsetLivingLabel
METHOD	bln	a	(Lpr;DDD)V	renderLivingAt
METHOD	bln	a	(Lpr;DDDFF)V	doRender
METHOD	bln	a	(Lpr;F)V	preRenderCallback
METHOD	bln	a	(Lpr;FFF)V	rotateCorpse
METHOD	bln	b	()Lbbo;	getMainModel
METHOD	bln	b	(Lbet;)V	renderRightArm
METHOD	bln	c	(Lbet;)V	renderLeftArm
METHOD	bln	d	(Lbet;)V	setModelVisibilities
METHOD	bln	g	()Lbbr;	getMainModel
METHOD	blo	a	()V	func_148109_a
METHOD	blo	a	(Lcom/google/gson/JsonObject;)Lblo;	func_148110_a
METHOD	blo	a	(Ljava/lang/String;)I	func_148108_a
METHOD	blo	b	()Z	func_148111_b
METHOD	blo	b	(Ljava/lang/String;)I	func_148107_b
METHOD	blo	equals	(Ljava/lang/Object;)Z	equals
METHOD	blo	hashCode	()I	hashCode
METHOD	blp	a	(F)V	set
METHOD	blp	a	(FF)V	set
METHOD	blp	a	(FFF)V	set
METHOD	blp	a	(FFFF)V	set
METHOD	blp	a	(FFFFFFFFFFFFFFFF)V	set
METHOD	blp	a	(IIII)V	set
METHOD	blp	a	(Lorg/lwjgl/util/vector/Matrix4f;)V	set
METHOD	blp	a	([F)V	set
METHOD	blp	b	(FFFF)V	func_148092_b
METHOD	blq	a	()V	deleteShader
METHOD	blq	a	(Lcom/google/gson/JsonElement;)V	parseSampler
METHOD	blq	a	(Ljava/lang/String;)Lblv;	getShaderUniform
METHOD	blq	a	(Ljava/lang/String;Ljava/lang/Object;)V	addSamplerTexture
METHOD	blq	b	()V	endShader
METHOD	blq	b	(Lcom/google/gson/JsonElement;)V	parseUniform
METHOD	blq	b	(Ljava/lang/String;)Lblv;	getShaderUniformOrDefault
METHOD	blq	c	()V	useShader
METHOD	blq	d	()V	markDirty
METHOD	blq	e	()Lblt;	getVertexShaderLoader
METHOD	blq	f	()Lblt;	getFragmentShaderLoader
METHOD	blq	h	()I	getProgram
METHOD	blq	i	()V	setupUniforms
METHOD	blr	a	()V	deleteShaderGroup
METHOD	blr	a	(F)V	loadShaderGroup
METHOD	blr	a	(II)V	createBindFramebuffers
METHOD	blr	a	(Lbmj;Lcom/google/gson/JsonElement;)V	parsePass
METHOD	blr	a	(Lbmj;Ljy;)V	parseGroup
METHOD	blr	a	(Lcom/google/gson/JsonElement;)V	initTarget
METHOD	blr	a	(Ljava/lang/String;)Lbfw;	getFramebufferRaw
METHOD	blr	a	(Ljava/lang/String;II)V	addFramebuffer
METHOD	blr	a	(Ljava/lang/String;Lbfw;Lbfw;)Lbls;	addShader
METHOD	blr	b	()Ljava/lang/String;	getShaderGroupName
METHOD	blr	b	(Lcom/google/gson/JsonElement;)V	initUniform
METHOD	blr	b	(Ljava/lang/String;)Lbfw;	getFramebuffer
METHOD	blr	c	()V	resetProjectionMatrix
METHOD	bls	a	(F)V	loadShader
METHOD	bls	a	(Ljava/lang/String;Ljava/lang/Object;II)V	addAuxFramebuffer
METHOD	bls	a	(Lorg/lwjgl/util/vector/Matrix4f;)V	setProjectionMatrix
METHOD	bls	b	()V	deleteShader
METHOD	bls	c	()Lblq;	getShaderManager
METHOD	bls	d	()V	preLoadShader
METHOD	blt$a	a	()Ljava/lang/String;	getShaderName
METHOD	blt$a	b	()Ljava/lang/String;	getShaderExtension
METHOD	blt$a	c	()I	getShaderMode
METHOD	blt$a	d	()Ljava/util/Map;	getLoadedShaders
METHOD	blt$a	values	()[Lblt$a;	values
METHOD	blt	a	()Ljava/lang/String;	getShaderFilename
METHOD	blt	a	(Lblq;)V	attachShader
METHOD	blt	a	(Lbni;Lblt$a;Ljava/lang/String;)Lblt;	loadShader
METHOD	blt	a	(Ljava/io/BufferedInputStream;)[B	toByteArray
METHOD	blt	b	(Lblq;)V	deleteShader
METHOD	blu	a	()V	setNewStaticShaderLinkHelper
METHOD	blu	a	(Lblq;)V	deleteShader
METHOD	blu	b	()Lblu;	getStaticShaderLinkHelper
METHOD	blu	b	(Lblq;)V	linkProgram
METHOD	blu	c	()I	createProgram
METHOD	blv	a	()Ljava/lang/String;	getShaderName
METHOD	blv	a	(F)V	set
METHOD	blv	a	(FF)V	set
METHOD	blv	a	(FFF)V	set
METHOD	blv	a	(FFFF)V	set
METHOD	blv	a	(FFFFFFFFFFFFFFFF)V	set
METHOD	blv	a	(IIII)V	set
METHOD	blv	a	(Ljava/lang/String;)I	parseType
METHOD	blv	a	(Lorg/lwjgl/util/vector/Matrix4f;)V	set
METHOD	blv	a	([F)V	set
METHOD	blv	b	()V	upload
METHOD	blv	b	(FFFF)V	func_148092_b
METHOD	blv	b	(I)V	setUniformLocation
METHOD	blv	h	()V	markDirty
METHOD	blv	i	()V	uploadInt
METHOD	blv	j	()V	uploadFloat
METHOD	blv	k	()V	uploadFloatMatrix
METHOD	bly	a	()V	restoreLastBlurMipmap
METHOD	bly	a	(ZZ)V	setBlurMipmapDirect
METHOD	bly	b	()I	getGlTextureId
METHOD	bly	b	(ZZ)V	setBlurMipmap
METHOD	bly	c	()V	deleteGlTexture
METHOD	blz	a	(Lbni;)V	loadTexture
METHOD	blz	d	()V	updateDynamicTexture
METHOD	blz	e	()[I	getTextureData
METHOD	bm	a	()I	getRequiredPermissionLevel
METHOD	bm	a	(Lm;[Ljava/lang/String;)V	processCommand
METHOD	bm	a	(Lm;[Ljava/lang/String;Lcj;)Ljava/util/List;	addTabCompletionOptions
METHOD	bm	c	()Ljava/lang/String;	getCommandName
METHOD	bm	c	(Lm;)Ljava/lang/String;	getCommandUsage
METHOD	bma$1	run	()V	run
METHOD	bma	a	(Lbma;)Ljava/lang/String;	access$000
METHOD	bma	a	(Lbni;)V	loadTexture
METHOD	bma	a	(Ljava/awt/image/BufferedImage;)V	setBufferedImage
METHOD	bma	b	()I	getGlTextureId
METHOD	bma	b	(Lbma;)Ljava/io/File;	access$100
METHOD	bma	c	(Lbma;)Lbfm;	access$300
METHOD	bma	d	()V	loadTextureFromServer
METHOD	bma	f	()Lorg/apache/logging/log4j/Logger;	access$200
METHOD	bma	g	()V	checkTextureUploaded
METHOD	bmb	a	(Lbmh;)V	registerSprites
METHOD	bmc	a	(Lbni;)V	loadTexture
METHOD	bmd	a	(Lbni;)V	loadTexture
METHOD	bme	a	(Lbni;)V	loadTexture
METHOD	bmf$a	a	()Lbmi;	getAtlasSprite
METHOD	bmf$a	a	(I)V	setNewDimension
METHOD	bmf$a	a	(Lbmf$a;)I	compareTo
METHOD	bmf$a	b	()I	getWidth
METHOD	bmf$a	c	()I	getHeight
METHOD	bmf$a	compareTo	(Ljava/lang/Object;)I	compareTo
METHOD	bmf$a	d	()V	rotate
METHOD	bmf$a	e	()Z	isRotated
METHOD	bmf$a	toString	()Ljava/lang/String;	toString
METHOD	bmf$b	a	()Lbmf$a;	getStitchHolder
METHOD	bmf$b	a	(Lbmf$a;)Z	addSlot
METHOD	bmf$b	a	(Ljava/util/List;)V	getAllStitchSlots
METHOD	bmf$b	b	()I	getOriginX
METHOD	bmf$b	c	()I	getOriginY
METHOD	bmf$b	toString	()Ljava/lang/String;	toString
METHOD	bmf	a	()I	getCurrentWidth
METHOD	bmf	a	(II)I	access$000
METHOD	bmf	a	(Lbmf$a;)Z	allocateSlot
METHOD	bmf	a	(Lbmi;)V	addSprite
METHOD	bmf	b	()I	getCurrentHeight
METHOD	bmf	b	(II)I	getMipmapDimension
METHOD	bmf	b	(Lbmf$a;)Z	expandAndAllocateSlot
METHOD	bmf	c	()V	doStitch
METHOD	bmf	d	()Ljava/util/List;	getStichSlots
METHOD	bmh$1	a	()Ljava/lang/String;	call
METHOD	bmh$1	call	()Ljava/lang/Object;	call
METHOD	bmh$2	a	()Ljava/lang/String;	call
METHOD	bmh$2	call	()Ljava/lang/Object;	call
METHOD	bmh$3	a	()Ljava/lang/String;	call
METHOD	bmh$3	call	()Ljava/lang/Object;	call
METHOD	bmh	a	(I)V	setMipmapLevels
METHOD	bmh	a	(Lbni;)V	loadTexture
METHOD	bmh	a	(Lbni;Lbmb;)V	loadSprites
METHOD	bmh	a	(Ljava/lang/String;)Lbmi;	getAtlasSprite
METHOD	bmh	a	(Ljy;)Lbmi;	registerSprite
METHOD	bmh	a	(Ljy;I)Ljy;	completeResourceLocation
METHOD	bmh	b	(Lbni;)V	loadTextureAtlas
METHOD	bmh	d	()V	updateAnimations
METHOD	bmh	e	()V	tick
METHOD	bmh	f	()Lbmi;	getMissingSprite
METHOD	bmh	g	()V	initMissingImage
METHOD	bmi$1	a	()Ljava/lang/String;	call
METHOD	bmi$1	call	()Ljava/lang/Object;	call
METHOD	bmi	a	()I	getOriginX
METHOD	bmi	a	(D)F	getInterpolatedU
METHOD	bmi	a	(I)[[I	getFrameTextureData
METHOD	bmi	a	(IIIIZ)V	initSprite
METHOD	bmi	a	(Lbmi;)V	copyFrom
METHOD	bmi	a	(Ljava/lang/String;)V	setLocationNameClock
METHOD	bmi	a	(Ljava/util/List;)V	setFramesTextureData
METHOD	bmi	a	(Ljy;)Lbmi;	makeAtlasSprite
METHOD	bmi	a	([Ljava/awt/image/BufferedImage;Lboa;)V	loadSprite
METHOD	bmi	a	([[IIII)[[I	getFrameTextureData
METHOD	bmi	b	()I	getOriginY
METHOD	bmi	b	(D)F	getInterpolatedV
METHOD	bmi	b	(I)V	setIconWidth
METHOD	bmi	b	(Ljava/lang/String;)V	setLocationNameCompass
METHOD	bmi	c	()I	getIconWidth
METHOD	bmi	c	(I)V	setIconHeight
METHOD	bmi	d	()I	getIconHeight
METHOD	bmi	d	(I)V	generateMipmaps
METHOD	bmi	e	()F	getMinU
METHOD	bmi	e	(I)V	allocateFrameTextureData
METHOD	bmi	f	()F	getMaxU
METHOD	bmi	g	()F	getMinV
METHOD	bmi	h	()F	getMaxV
METHOD	bmi	i	()Ljava/lang/String;	getIconName
METHOD	bmi	j	()V	updateAnimation
METHOD	bmi	k	()I	getFrameCount
METHOD	bmi	l	()V	clearFramesTextureData
METHOD	bmi	m	()Z	hasAnimationMetadata
METHOD	bmi	n	()V	updateAnimationInterpolated
METHOD	bmi	o	()V	resetSprite
METHOD	bmi	toString	()Ljava/lang/String;	toString
METHOD	bmj$1	a	()Ljava/lang/String;	call
METHOD	bmj$1	call	()Ljava/lang/Object;	call
METHOD	bmj	a	(Lbni;)V	onResourceManagerReload
METHOD	bmj	a	(Ljava/lang/String;Lblz;)Ljy;	getDynamicTextureLocation
METHOD	bmj	a	(Ljy;)V	bindTexture
METHOD	bmj	a	(Ljy;Lbmk;)Z	loadTexture
METHOD	bmj	a	(Ljy;Lbmn;)Z	loadTickableTexture
METHOD	bmj	b	(Ljy;)Lbmk;	getTexture
METHOD	bmj	c	(Ljy;)V	deleteTexture
METHOD	bmj	e	()V	tick
METHOD	bmk	a	()V	restoreLastBlurMipmap
METHOD	bmk	a	(Lbni;)V	loadTexture
METHOD	bmk	b	()I	getGlTextureId
METHOD	bmk	b	(ZZ)V	setBlurMipmap
METHOD	bml	a	()I	glGenTextures
METHOD	bml	a	(I)V	deleteTexture
METHOD	bml	a	(III)V	allocateTexture
METHOD	bml	a	(IIII)V	allocateTextureImpl
METHOD	bml	a	(IIIII)I	blendColorComponent
METHOD	bml	a	(IIIIZ)I	blendColors
METHOD	bml	a	(II[[I)[[I	generateMipmapData
METHOD	bml	a	(ILjava/awt/image/BufferedImage;)I	uploadTextureImage
METHOD	bml	a	(ILjava/awt/image/BufferedImage;IIZZ)I	uploadTextureImageSub
METHOD	bml	a	(ILjava/awt/image/BufferedImage;ZZ)I	uploadTextureImageAllocate
METHOD	bml	a	(I[III)V	uploadTexture
METHOD	bml	a	(I[IIIIIZZZ)V	uploadTextureSub
METHOD	bml	a	(Lbni;Ljy;)[I	readImageData
METHOD	bml	a	(Ljava/awt/image/BufferedImage;IIZZ)V	uploadTextureImageSubImpl
METHOD	bml	a	(Ljava/io/InputStream;)Ljava/awt/image/BufferedImage;	readBufferedImage
METHOD	bml	a	(Z)V	setTextureClamped
METHOD	bml	a	(ZZ)V	setTextureBlurMipmap
METHOD	bml	a	([I)[I	updateAnaglyph
METHOD	bml	a	([II)V	copyToBuffer
METHOD	bml	a	([III)V	processPixelValues
METHOD	bml	a	([[IIIIIZZ)V	uploadTextureMipmap
METHOD	bml	b	(I)V	bindTexture
METHOD	bml	b	(Z)V	setTextureBlurred
METHOD	bml	b	([III)V	copyToBufferPos
METHOD	bml	c	(I)I	anaglyphColor
METHOD	bmm	e	()V	tick
METHOD	bmo	j	()V	updateAnimation
METHOD	bmp	a	(Ladm;DDDZZ)V	updateCompass
METHOD	bmp	j	()V	updateAnimation
METHOD	bmt	a	()V	bindBuffer
METHOD	bmt	a	(I)V	drawArrays
METHOD	bmt	a	(Ljava/nio/ByteBuffer;)V	bufferData
METHOD	bmt	b	()V	unbindBuffer
METHOD	bmt	c	()V	deleteGlBuffers
METHOD	bmu	a	()V	clear
METHOD	bmu	a	(I)Z	hasUvOffset
METHOD	bmu	a	(Lbmv;)Lbmu;	addElement
METHOD	bmu	b	()Z	hasNormal
METHOD	bmu	b	(I)I	getUvOffsetById
METHOD	bmu	c	()I	getNormalOffset
METHOD	bmu	c	(I)Lbmv;	getElement
METHOD	bmu	d	()Z	hasColor
METHOD	bmu	d	(I)I	getOffset
METHOD	bmu	e	()I	getColorOffset
METHOD	bmu	equals	(Ljava/lang/Object;)Z	equals
METHOD	bmu	f	()I	getIntegerSize
METHOD	bmu	g	()I	getNextOffset
METHOD	bmu	h	()Ljava/util/List;	getElements
METHOD	bmu	hashCode	()I	hashCode
METHOD	bmu	i	()I	getElementCount
METHOD	bmu	j	()Z	hasPosition
METHOD	bmu	toString	()Ljava/lang/String;	toString
METHOD	bmv$a	a	()I	getSize
METHOD	bmv$a	b	()Ljava/lang/String;	getDisplayName
METHOD	bmv$a	c	()I	getGlConstant
METHOD	bmv$a	values	()[Lbmv$a;	values
METHOD	bmv$b	a	()Ljava/lang/String;	getDisplayName
METHOD	bmv$b	values	()[Lbmv$b;	values
METHOD	bmv	a	()Lbmv$a;	getType
METHOD	bmv	a	(ILbmv$b;)Z	func_177372_a
METHOD	bmv	b	()Lbmv$b;	getUsage
METHOD	bmv	c	()I	getElementCount
METHOD	bmv	d	()I	getIndex
METHOD	bmv	e	()I	getSize
METHOD	bmv	equals	(Ljava/lang/Object;)Z	equals
METHOD	bmv	f	()Z	isPositionElement
METHOD	bmv	hashCode	()I	hashCode
METHOD	bmv	toString	()Ljava/lang/String;	toString
METHOD	bmx	a	()Ljava/awt/image/BufferedImage;	getPackImage
METHOD	bmx	a	(Lbny;Ljava/io/InputStream;Ljava/lang/String;)Lbnw;	readMetadata
METHOD	bmx	a	(Lbny;Ljava/lang/String;)Lbnw;	getPackMetadata
METHOD	bmx	a	(Ljava/io/File;Ljava/io/File;)Ljava/lang/String;	getRelativeName
METHOD	bmx	a	(Ljava/lang/String;)Ljava/io/InputStream;	getInputStreamByName
METHOD	bmx	a	(Ljy;)Ljava/io/InputStream;	getInputStream
METHOD	bmx	b	()Ljava/lang/String;	getPackName
METHOD	bmx	b	(Ljava/lang/String;)Z	hasResourceName
METHOD	bmx	b	(Ljy;)Z	resourceExists
METHOD	bmx	c	(Ljava/lang/String;)V	logNameNotLowercase
METHOD	bmx	c	(Ljy;)Ljava/lang/String;	locationToName
METHOD	bmy	a	()Ljava/util/Map;	getResourceMap
METHOD	bmz	a	()Ljy;	getDefaultSkinLegacy
METHOD	bmz	a	(Ljava/util/UUID;)Ljy;	getDefaultSkin
METHOD	bmz	b	(Ljava/util/UUID;)Ljava/lang/String;	getSkinType
METHOD	bmz	c	(Ljava/util/UUID;)Z	isSlimSkin
METHOD	bn	a	()I	getRequiredPermissionLevel
METHOD	bn	a	(Lm;[Ljava/lang/String;)V	processCommand
METHOD	bn	a	(Lm;[Ljava/lang/String;Lcj;)Ljava/util/List;	addTabCompletionOptions
METHOD	bn	b	([Ljava/lang/String;I)Z	isUsernameIndex
METHOD	bn	c	()Ljava/lang/String;	getCommandName
METHOD	bn	c	(Lm;)Ljava/lang/String;	getCommandUsage
METHOD	bna	a	()Ljava/awt/image/BufferedImage;	getPackImage
METHOD	bna	a	(Lbny;Ljava/lang/String;)Lbnw;	getPackMetadata
METHOD	bna	a	(Ljy;)Ljava/io/InputStream;	getInputStream
METHOD	bna	b	()Ljava/lang/String;	getPackName
METHOD	bna	b	(Ljy;)Z	resourceExists
METHOD	bna	c	()Ljava/util/Set;	getResourceDomains
METHOD	bna	c	(Ljy;)Ljava/io/InputStream;	getInputStreamAssets
METHOD	bna	d	(Ljy;)Ljava/io/InputStream;	getResourceStream
METHOD	bnb$a	close	()V	close
METHOD	bnb$a	finalize	()V	finalize
METHOD	bnb$a	read	()I	read
METHOD	bnb	a	()Ljava/util/Set;	getResourceDomains
METHOD	bnb	a	(Lbnk;)V	addResourcePack
METHOD	bnb	a	(Ljy;)Lbnh;	getResource
METHOD	bnb	a	(Ljy;Lbnk;)Ljava/io/InputStream;	getInputStream
METHOD	bnb	b	()Lorg/apache/logging/log4j/Logger;	access$000
METHOD	bnb	b	(Ljy;)Ljava/util/List;	getAllResources
METHOD	bnb	c	(Ljy;)Ljy;	getLocationMcmeta
METHOD	bnc	a	(Ljava/lang/String;)Ljava/io/InputStream;	getInputStreamByName
METHOD	bnc	b	(Ljava/lang/String;)Z	hasResourceName
METHOD	bnc	c	()Ljava/util/Set;	getResourceDomains
METHOD	bnc	close	()V	close
METHOD	bnc	d	()Ljava/util/zip/ZipFile;	getResourcePackZipFile
METHOD	bnc	finalize	()V	finalize
METHOD	bnd	a	(Ljava/lang/String;)Ljava/io/InputStream;	getInputStreamByName
METHOD	bnd	b	(Ljava/lang/String;)Z	hasResourceName
METHOD	bnd	c	()Ljava/util/Set;	getResourceDomains
METHOD	bne	a	(Lbni;)V	onResourceManagerReload
METHOD	bnf	a	(Lbni;)V	onResourceManagerReload
METHOD	bng	a	(Lbnj;)V	registerReloadListener
METHOD	bng	a	(Ljava/util/List;)V	reloadResources
METHOD	bnh	a	()Ljy;	getResourceLocation
METHOD	bnh	a	(Ljava/lang/String;)Lbnw;	getMetadata
METHOD	bnh	b	()Ljava/io/InputStream;	getInputStream
METHOD	bnh	c	()Z	hasMetadata
METHOD	bnh	d	()Ljava/lang/String;	getResourcePackName
METHOD	bni	a	()Ljava/util/Set;	getResourceDomains
METHOD	bni	a	(Ljy;)Lbnh;	getResource
METHOD	bni	b	(Ljy;)Ljava/util/List;	getAllResources
METHOD	bnj	a	(Lbni;)V	onResourceManagerReload
METHOD	bnk	a	()Ljava/awt/image/BufferedImage;	getPackImage
METHOD	bnk	a	(Lbny;Ljava/lang/String;)Lbnw;	getPackMetadata
METHOD	bnk	a	(Ljy;)Ljava/io/InputStream;	getInputStream
METHOD	bnk	b	()Ljava/lang/String;	getPackName
METHOD	bnk	b	(Ljy;)Z	resourceExists
METHOD	bnk	c	()Ljava/util/Set;	getResourceDomains
METHOD	bnm$1	accept	(Ljava/io/File;)Z	accept
METHOD	bnm$2	run	()V	run
METHOD	bnm$3	onFailure	(Ljava/lang/Throwable;)V	onFailure
METHOD	bnm$3	onSuccess	(Ljava/lang/Object;)V	onSuccess
METHOD	bnm$a	a	()V	updateResourcePack
METHOD	bnm$a	a	(Lbmj;)V	bindTexturePackIcon
METHOD	bnm$a	b	()V	closeResourcePack
METHOD	bnm$a	c	()Lbnk;	getResourcePack
METHOD	bnm$a	d	()Ljava/lang/String;	getResourcePackName
METHOD	bnm$a	e	()Ljava/lang/String;	getTexturePackDescription
METHOD	bnm$a	equals	(Ljava/lang/Object;)Z	equals
METHOD	bnm$a	f	()I	func_183027_f
METHOD	bnm$a	hashCode	()I	hashCode
METHOD	bnm$a	toString	()Ljava/lang/String;	toString
METHOD	bnm	a	()V	updateRepositoryEntriesAll
METHOD	bnm	a	(Ljava/io/File;)Lcom/google/common/util/concurrent/ListenableFuture;	setResourcePackInstance
METHOD	bnm	a	(Ljava/lang/String;Ljava/lang/String;)Lcom/google/common/util/concurrent/ListenableFuture;	downloadResourcePack
METHOD	bnm	a	(Ljava/util/List;)V	setRepositories
METHOD	bnm	b	()Ljava/util/List;	getRepositoryEntriesAll
METHOD	bnm	c	()Ljava/util/List;	getRepositoryEntries
METHOD	bnm	d	()Ljava/io/File;	getDirResourcepacks
METHOD	bnm	e	()Lbnk;	getResourcePackInstance
METHOD	bnm	f	()V	clearResourcePack
METHOD	bnm	g	()V	fixDirResourcepacks
METHOD	bnm	h	()Ljava/util/List;	getResourcePackFiles
METHOD	bnm	i	()V	deleteOldServerResourcesPacks
METHOD	bnn$1	a	(Lbnk;)Ljava/lang/String;	apply
METHOD	bnn$1	apply	(Ljava/lang/Object;)Ljava/lang/Object;	apply
METHOD	bnn	a	()Ljava/util/Set;	getResourceDomains
METHOD	bnn	a	(Lbnj;)V	registerReloadListener
METHOD	bnn	a	(Lbnk;)V	reloadResourcePack
METHOD	bnn	a	(Ljava/util/List;)V	reloadResources
METHOD	bnn	a	(Ljy;)Lbnh;	getResource
METHOD	bnn	b	()V	clearResources
METHOD	bnn	b	(Ljy;)Ljava/util/List;	getAllResources
METHOD	bnn	c	()V	notifyReloadListeners
METHOD	bno	a	()Ljy;	getResourceLocation
METHOD	bno	a	(Ljava/lang/String;)Lbnw;	getMetadata
METHOD	bno	b	()Ljava/io/InputStream;	getInputStream
METHOD	bno	c	()Z	hasMetadata
METHOD	bno	d	()Ljava/lang/String;	getResourcePackName
METHOD	bno	equals	(Ljava/lang/Object;)Z	equals
METHOD	bno	hashCode	()I	hashCode
METHOD	bnp$1	a	(Lcom/mojang/authlib/GameProfile;)Ljava/util/Map;	load
METHOD	bnp$1	load	(Ljava/lang/Object;)Ljava/lang/Object;	load
METHOD	bnp$2	a	()V	skinAvailable
METHOD	bnp$2	a	(Ljava/awt/image/BufferedImage;)Ljava/awt/image/BufferedImage;	parseUserSkin
METHOD	bnp$3$1	run	()V	run
METHOD	bnp$3	run	()V	run
METHOD	bnp$a	a	(Lcom/mojang/authlib/minecraft/MinecraftProfileTexture$Type;Ljy;Lcom/mojang/authlib/minecraft/MinecraftProfileTexture;)V	skinAvailable
METHOD	bnp	a	(Lbnp;)Lcom/mojang/authlib/minecraft/MinecraftSessionService;	access$000
METHOD	bnp	a	(Lcom/mojang/authlib/GameProfile;)Ljava/util/Map;	loadSkinFromCache
METHOD	bnp	a	(Lcom/mojang/authlib/GameProfile;Lbnp$a;Z)V	loadProfileTextures
METHOD	bnp	a	(Lcom/mojang/authlib/minecraft/MinecraftProfileTexture;Lcom/mojang/authlib/minecraft/MinecraftProfileTexture$Type;)Ljy;	loadSkin
METHOD	bnp	a	(Lcom/mojang/authlib/minecraft/MinecraftProfileTexture;Lcom/mojang/authlib/minecraft/MinecraftProfileTexture$Type;Lbnp$a;)Ljy;	loadSkin
METHOD	bnq	a	(Lbnt;)V	setLocale
METHOD	bnq	a	(Ljava/lang/String;[Ljava/lang/Object;)Ljava/lang/String;	format
METHOD	bnr	a	()Ljava/lang/String;	getLanguageCode
METHOD	bnr	a	(Lbnr;)I	compareTo
METHOD	bnr	b	()Z	isBidirectional
METHOD	bnr	compareTo	(Ljava/lang/Object;)I	compareTo
METHOD	bnr	equals	(Ljava/lang/Object;)Z	equals
METHOD	bnr	hashCode	()I	hashCode
METHOD	bnr	toString	()Ljava/lang/String;	toString
METHOD	bns	a	()Z	isCurrentLocaleUnicode
METHOD	bns	a	(Lbni;)V	onResourceManagerReload
METHOD	bns	a	(Lbnr;)V	setCurrentLanguage
METHOD	bns	a	(Ljava/util/List;)V	parseLanguageMetadata
METHOD	bns	b	()Z	isCurrentLanguageBidirectional
METHOD	bns	c	()Lbnr;	getCurrentLanguage
METHOD	bns	d	()Ljava/util/SortedSet;	getLanguages
METHOD	bnt	a	()Z	isUnicode
METHOD	bnt	a	(Lbni;Ljava/util/List;)V	loadLocaleDataFiles
METHOD	bnt	a	(Ljava/io/InputStream;)V	loadLocaleData
METHOD	bnt	a	(Ljava/lang/String;[Ljava/lang/Object;)Ljava/lang/String;	formatMessage
METHOD	bnt	a	(Ljava/util/List;)V	loadLocaleData
METHOD	bnt	b	()V	checkUnicode
METHOD	bnt	b	(Ljava/lang/String;)Ljava/lang/String;	translateKeyPrivate
METHOD	bnx	a	()Ljava/lang/String;	getSectionName
METHOD	bny	a	()Lcom/google/gson/Gson;	getGson
METHOD	bny	a	(Lbnx;Ljava/lang/Class;)V	registerMetadataSectionType
METHOD	bny	a	(Ljava/lang/String;Lcom/google/gson/JsonObject;)Lbnw;	parseMetadataSection
METHOD	bnz	a	()Z	hasNoTime
METHOD	bnz	b	()I	getFrameTime
METHOD	bnz	c	()I	getFrameIndex
METHOD	boa	a	()I	getFrameHeight
METHOD	boa	a	(I)I	getFrameTimeSingle
METHOD	boa	b	()I	getFrameWidth
METHOD	boa	b	(I)Z	frameHasTime
METHOD	boa	c	()I	getFrameCount
METHOD	boa	c	(I)I	getFrameIndex
METHOD	boa	d	()I	getFrameTime
METHOD	boa	d	(I)Lbnz;	getAnimationFrame
METHOD	boa	e	()Z	isInterpolate
METHOD	boa	f	()Ljava/util/Set;	getFrameIndexSet
METHOD	bob	a	()Ljava/lang/String;	getSectionName
METHOD	bob	a	(ILcom/google/gson/JsonElement;)Lbnz;	parseAnimationFrame
METHOD	bob	a	(Lboa;Ljava/lang/reflect/Type;Lcom/google/gson/JsonSerializationContext;)Lcom/google/gson/JsonElement;	serialize
METHOD	bob	a	(Lcom/google/gson/JsonElement;Ljava/lang/reflect/Type;Lcom/google/gson/JsonDeserializationContext;)Lboa;	deserialize
METHOD	bob	deserialize	(Lcom/google/gson/JsonElement;Ljava/lang/reflect/Type;Lcom/google/gson/JsonDeserializationContext;)Ljava/lang/Object;	deserialize
METHOD	bob	serialize	(Ljava/lang/Object;Ljava/lang/reflect/Type;Lcom/google/gson/JsonSerializationContext;)Lcom/google/gson/JsonElement;	serialize
METHOD	boe	a	()Ljava/lang/String;	getSectionName
METHOD	boe	a	(Lcom/google/gson/JsonElement;Ljava/lang/reflect/Type;Lcom/google/gson/JsonDeserializationContext;)Lbod;	deserialize
METHOD	boe	deserialize	(Lcom/google/gson/JsonElement;Ljava/lang/reflect/Type;Lcom/google/gson/JsonDeserializationContext;)Ljava/lang/Object;	deserialize
METHOD	bog	a	()Ljava/util/Collection;	getLanguages
METHOD	boh	a	()Ljava/lang/String;	getSectionName
METHOD	boh	a	(Lcom/google/gson/JsonElement;Ljava/lang/reflect/Type;Lcom/google/gson/JsonDeserializationContext;)Lbog;	deserialize
METHOD	boh	deserialize	(Lcom/google/gson/JsonElement;Ljava/lang/reflect/Type;Lcom/google/gson/JsonDeserializationContext;)Ljava/lang/Object;	deserialize
METHOD	boj	a	()Leu;	getPackDescription
METHOD	boj	b	()I	getPackFormat
METHOD	bok	a	()Ljava/lang/String;	getSectionName
METHOD	bok	a	(Lboj;Ljava/lang/reflect/Type;Lcom/google/gson/JsonSerializationContext;)Lcom/google/gson/JsonElement;	serialize
METHOD	bok	a	(Lcom/google/gson/JsonElement;Ljava/lang/reflect/Type;Lcom/google/gson/JsonDeserializationContext;)Lboj;	deserialize
METHOD	bok	deserialize	(Lcom/google/gson/JsonElement;Ljava/lang/reflect/Type;Lcom/google/gson/JsonDeserializationContext;)Ljava/lang/Object;	deserialize
METHOD	bok	serialize	(Ljava/lang/Object;Ljava/lang/reflect/Type;Lcom/google/gson/JsonSerializationContext;)Lcom/google/gson/JsonElement;	serialize
METHOD	bon	a	()Z	getTextureBlur
METHOD	bon	b	()Z	getTextureClamp
METHOD	bon	c	()Ljava/util/List;	getListMipmaps
METHOD	boo	a	()Ljava/lang/String;	getSectionName
METHOD	boo	a	(Lcom/google/gson/JsonElement;Ljava/lang/reflect/Type;Lcom/google/gson/JsonDeserializationContext;)Lbon;	deserialize
METHOD	boo	deserialize	(Lcom/google/gson/JsonElement;Ljava/lang/reflect/Type;Lcom/google/gson/JsonDeserializationContext;)Ljava/lang/Object;	deserialize
METHOD	boq	a	()Ljava/util/List;	getGeneralQuads
METHOD	boq	a	(Lcq;)Ljava/util/List;	getFaceQuads
METHOD	boq	b	()Z	isAmbientOcclusion
METHOD	boq	c	()Z	isGui3d
METHOD	boq	d	()Z	isBuiltInRenderer
METHOD	boq	e	()Lbmi;	getParticleTexture
METHOD	boq	f	()Lbgr;	getItemCameraTransforms
METHOD	bor	a	()Lorg/lwjgl/util/vector/Matrix4f;	getMatrix4d
METHOD	bor	a	(II)Lbor;	getModelRotation
METHOD	bor	a	(Lcq;)Lcq;	rotateFace
METHOD	bor	a	(Lcq;I)I	rotateVertex
METHOD	bor	b	(II)I	combineXY
METHOD	bor	values	()[Lbor;	values
METHOD	bos	a	()Ljava/util/List;	getGeneralQuads
METHOD	bos	a	(Lcq;)Ljava/util/List;	getFaceQuads
METHOD	bos	b	()Z	isAmbientOcclusion
METHOD	bos	c	()Z	isGui3d
METHOD	bos	d	()Z	isBuiltInRenderer
METHOD	bos	e	()Lbmi;	getParticleTexture
METHOD	bos	f	()Lbgr;	getItemCameraTransforms
METHOD	bot$1	a	(Lbov;Lbov;)I	compare
METHOD	bot$1	compare	(Ljava/lang/Object;Ljava/lang/Object;)I	compare
METHOD	bot$2	a	(Lbmh;)V	registerSprites
METHOD	bot	a	()Ldb;	setupModelRegistry
METHOD	bot	a	(Lbgh;Lbgi;Lbmi;Lcq;Lbor;Z)Lbgg;	makeBakedQuad
METHOD	bot	a	(Lbgl;)Ljava/util/Set;	getTextureLocations
METHOD	bot	a	(Lbgl;Lbor;Z)Lboq;	bakeModel
METHOD	bot	a	(Lbgm;Lbov;)V	registerVariant
METHOD	bot	a	(Lbot;)Ljava/util/Map;	access$000
METHOD	bot	a	(Ljava/lang/String;)Ljy;	getItemLocation
METHOD	bot	a	(Ljava/util/Collection;)V	loadVariants
METHOD	bot	a	(Ljy;)Lbgm;	getModelBlockDefinition
METHOD	bot	a	(Lzw;)Ljava/util/List;	getVariantNames
METHOD	bot	b	()V	loadVariantItemModels
METHOD	bot	b	(Lbgl;)Z	hasItemModel
METHOD	bot	b	(Ljy;)Ljy;	getBlockStateLocation
METHOD	bot	c	()V	loadVariantModels
METHOD	bot	c	(Lbgl;)Z	isCustomRenderer
METHOD	bot	c	(Ljy;)Lbgl;	loadModel
METHOD	bot	d	()V	loadItemModels
METHOD	bot	d	(Lbgl;)Lbgl;	makeItemModel
METHOD	bot	d	(Ljy;)Ljy;	getModelLocation
METHOD	bot	e	()V	registerVariantNames
METHOD	bot	e	(Ljy;)Ljava/util/List;	getParentPath
METHOD	bot	f	()V	bakeBlockModels
METHOD	bot	f	(Ljy;)Ljy;	getParentLocation
METHOD	bot	g	()Ljava/util/Set;	getVariantsTextureLocations
METHOD	bot	h	()V	loadModelsCheck
METHOD	bot	i	()V	loadModels
METHOD	bot	j	()V	loadSprites
METHOD	bot	k	()Ljava/util/Set;	getItemsTextureLocations
METHOD	bot	l	()V	bakeItemModels
METHOD	bou	a	()Lboq;	getMissingModel
METHOD	bou	a	(Lbni;)V	onResourceManagerReload
METHOD	bou	a	(Lbov;)Lboq;	getModel
METHOD	bou	b	()Lbmh;	getTextureMap
METHOD	bou	c	()Lbgc;	getBlockModelShapes
METHOD	bov	b	(Ljava/lang/String;)[Ljava/lang/String;	parsePathString
METHOD	bov	c	()Ljava/lang/String;	getVariant
METHOD	bov	equals	(Ljava/lang/Object;)Z	equals
METHOD	bov	hashCode	()I	hashCode
METHOD	bov	toString	()Ljava/lang/String;	toString
METHOD	bow$a	a	(Lbgg;)Lbow$a;	addGeneralQuad
METHOD	bow$a	a	(Lbmi;)Lbow$a;	setTexture
METHOD	bow$a	a	(Lboq;Lbmi;)V	addGeneralBreakingFours
METHOD	bow$a	a	(Lboq;Lbmi;Lcq;)V	addFaceBreakingFours
METHOD	bow$a	a	(Lcq;Lbgg;)Lbow$a;	addFaceQuad
METHOD	bow$a	b	()Lboq;	makeBakedModel
METHOD	bow	a	()Ljava/util/List;	getGeneralQuads
METHOD	bow	a	(Lcq;)Ljava/util/List;	getFaceQuads
METHOD	bow	b	()Z	isAmbientOcclusion
METHOD	bow	c	()Z	isGui3d
METHOD	bow	d	()Z	isBuiltInRenderer
METHOD	bow	e	()Lbmi;	getParticleTexture
METHOD	bow	f	()Lbgr;	getItemCameraTransforms
METHOD	box$a	a	()Lbox;	build
METHOD	box$a	a	(Lboq;I)Lbox$a;	add
METHOD	box$a	b	()Lboq;	first
METHOD	box$b	a	()I	getCountQuads
METHOD	box$b	a	(Lbox$b;)I	compareTo
METHOD	box$b	compareTo	(Ljava/lang/Object;)I	compareTo
METHOD	box$b	toString	()Ljava/lang/String;	toString
METHOD	box	a	()Ljava/util/List;	getGeneralQuads
METHOD	box	a	(J)Lboq;	getAlternativeModel
METHOD	box	a	(Lcq;)Ljava/util/List;	getFaceQuads
METHOD	box	b	()Z	isAmbientOcclusion
METHOD	box	c	()Z	isGui3d
METHOD	box	d	()Z	isBuiltInRenderer
METHOD	box	e	()Lbmi;	getParticleTexture
METHOD	box	f	()Lbgr;	getItemCameraTransforms
METHOD	bp	a	()I	getRequiredPermissionLevel
METHOD	bp	a	(Lm;[Ljava/lang/String;)V	processCommand
METHOD	bp	a	(Lm;[Ljava/lang/String;Lcj;)Ljava/util/List;	addTabCompletionOptions
METHOD	bp	c	()Ljava/lang/String;	getCommandName
METHOD	bp	c	(Lm;)Ljava/lang/String;	getCommandUsage
METHOD	bpa	a	()Ljy;	getSoundLocation
METHOD	bpa	b	()Z	canRepeat
METHOD	bpa	d	()I	getRepeatDelay
METHOD	bpa	e	()F	getVolume
METHOD	bpa	f	()F	getPitch
METHOD	bpa	g	()F	getXPosF
METHOD	bpa	h	()F	getYPosF
METHOD	bpa	i	()F	getZPosF
METHOD	bpa	j	()Lbpj$a;	getAttenuationType
METHOD	bpb	k	()Z	isDonePlaying
METHOD	bpc	c	()V	update
METHOD	bpd	c	()V	update
METHOD	bpe	c	()V	update
METHOD	bpf	a	(Ljy;)Lbpf;	create
METHOD	bpf	a	(Ljy;F)Lbpf;	create
METHOD	bpf	a	(Ljy;FFF)Lbpf;	create
METHOD	bpg	a	()Ljava/lang/String;	getCategoryName
METHOD	bpg	a	(Ljava/lang/String;)Lbpg;	getCategory
METHOD	bpg	b	()I	getCategoryId
METHOD	bpg	values	()[Lbpg;	values
METHOD	bph$a$a	a	(Ljava/lang/String;)Lbph$a$a;	getType
METHOD	bph$a$a	values	()[Lbph$a$a;	values
METHOD	bph$a	a	()Ljava/lang/String;	getSoundEntryName
METHOD	bph$a	a	(F)V	setSoundEntryVolume
METHOD	bph$a	a	(I)V	setSoundEntryWeight
METHOD	bph$a	a	(Lbph$a$a;)V	setSoundEntryType
METHOD	bph$a	a	(Ljava/lang/String;)V	setSoundEntryName
METHOD	bph$a	a	(Z)V	setStreaming
METHOD	bph$a	b	()F	getSoundEntryVolume
METHOD	bph$a	b	(F)V	setSoundEntryPitch
METHOD	bph$a	c	()F	getSoundEntryPitch
METHOD	bph$a	d	()I	getSoundEntryWeight
METHOD	bph$a	e	()Lbph$a$a;	getSoundEntryType
METHOD	bph$a	f	()Z	isStreaming
METHOD	bph	a	()Ljava/util/List;	getSoundList
METHOD	bph	a	(Lbpg;)V	setSoundCategory
METHOD	bph	a	(Z)V	setReplaceExisting
METHOD	bph	b	()Z	canReplaceExisting
METHOD	bph	c	()Lbpg;	getSoundCategory
METHOD	bpi	a	(Lcom/google/gson/JsonElement;Ljava/lang/reflect/Type;Lcom/google/gson/JsonDeserializationContext;)Lbph;	deserialize
METHOD	bpi	deserialize	(Lcom/google/gson/JsonElement;Ljava/lang/reflect/Type;Lcom/google/gson/JsonDeserializationContext;)Ljava/lang/Object;	deserialize
METHOD	bpj$a	a	()I	getTypeInt
METHOD	bpj$a	values	()[Lbpj$a;	values
METHOD	bpj	a	()Ljy;	getSoundLocation
METHOD	bpj	b	()Z	canRepeat
METHOD	bpj	d	()I	getRepeatDelay
METHOD	bpj	e	()F	getVolume
METHOD	bpj	f	()F	getPitch
METHOD	bpj	g	()F	getXPosF
METHOD	bpj	h	()F	getYPosF
METHOD	bpj	i	()F	getZPosF
METHOD	bpj	j	()Lbpj$a;	getAttenuationType
METHOD	bpk	k	()Z	isDonePlaying
METHOD	bpn	a	(Ljava/net/SocketAddress;Lcom/mojang/authlib/GameProfile;)Ljava/lang/String;	allowUserToConnect
METHOD	bpn	b	()Lbpo;	getServerInstance
METHOD	bpn	b	(Llf;)V	writePlayerData
METHOD	bpn	c	()Lnet/minecraft/server/MinecraftServer;	getServerInstance
METHOD	bpn	t	()Ldn;	getHostPlayerData
METHOD	bpo$1	a	()Ljava/lang/String;	call
METHOD	bpo$1	call	()Ljava/lang/Object;	call
METHOD	bpo$2	a	()Ljava/lang/String;	call
METHOD	bpo$2	call	()Ljava/lang/Object;	call
METHOD	bpo$3	run	()V	run
METHOD	bpo	A	()V	tick
METHOD	bpo	a	()V	setStaticInstance
METHOD	bpo	a	(Ladp$a;)V	setGameType
METHOD	bpo	a	(Ladp$a;Z)Ljava/lang/String;	shareToLAN
METHOD	bpo	a	(Lb;)V	finalTick
METHOD	bpo	a	(Ljava/lang/String;Ljava/lang/String;JLadr;Ljava/lang/String;)V	loadAllWorlds
METHOD	bpo	a	(Loj;)V	setDifficultyForAllWorlds
METHOD	bpo	a	(Lor;)V	addServerStatsToSnooper
METHOD	bpo	ad	()Z	isSnooperEnabled
METHOD	bpo	ae	()Z	isDedicatedServer
METHOD	bpo	ai	()Z	shouldUseNativeTransport
METHOD	bpo	al	()Z	isCommandBlockEnabled
METHOD	bpo	b	()Z	getPublic
METHOD	bpo	b	(Lb;)Lb;	addServerInfoToCrashReport
METHOD	bpo	h	()Lbd;	createNewCommandManager
METHOD	bpo	i	()Z	startServer
METHOD	bpo	l	()Z	canStructuresSpawn
METHOD	bpo	m	()Ladp$a;	getGameType
METHOD	bpo	n	()Loj;	getDifficulty
METHOD	bpo	o	()Z	isHardcore
METHOD	bpo	p	()I	getOpPermissionLevel
METHOD	bpo	q	()Z	shouldBroadcastRconToOps
METHOD	bpo	r	()Z	shouldBroadcastConsoleToOps
METHOD	bpo	t	()V	stopServer
METHOD	bpo	w	()V	initiateShutdown
METHOD	bpo	y	()Ljava/io/File;	getDataDirectory
METHOD	bpq$a	a	()Ljava/lang/String;	getServerMotd
METHOD	bpq$a	b	()Ljava/lang/String;	getServerIpPort
METHOD	bpq$a	c	()V	updateLastSeen
METHOD	bpq$b	run	()V	run
METHOD	bpq$c	a	()Z	getWasUpdated
METHOD	bpq$c	a	(Ljava/lang/String;Ljava/net/InetAddress;)V	func_77551_a
METHOD	bpq$c	b	()V	setWasNotUpdated
METHOD	bpq$c	c	()Ljava/util/List;	getLanServers
METHOD	bpq	a	()Ljava/util/concurrent/atomic/AtomicInteger;	access$000
METHOD	bpq	b	()Lorg/apache/logging/log4j/Logger;	access$100
METHOD	bpr	a	(Ljava/lang/String;)Ljava/lang/String;	getMotdFromPingResponse
METHOD	bpr	a	(Ljava/lang/String;Ljava/lang/String;)Ljava/lang/String;	getPingResponse
METHOD	bpr	b	(Ljava/lang/String;)Ljava/lang/String;	getAdFromPingResponse
METHOD	bpr	interrupt	()V	interrupt
METHOD	bpr	run	()V	run
METHOD	bpv$a	a	()Ljy;	getMusicLocation
METHOD	bpv$a	b	()I	getMinDelay
METHOD	bpv$a	c	()I	getMaxDelay
METHOD	bpv$a	values	()[Lbpv$a;	values
METHOD	bpv	a	()V	func_181557_a
METHOD	bpv	a	(Lbpv$a;)V	func_181558_a
METHOD	bpv	c	()V	update
METHOD	bpw	a	()Ljy;	getSoundPoolEntryLocation
METHOD	bpw	a	(D)V	setPitch
METHOD	bpw	b	()D	getPitch
METHOD	bpw	b	(D)V	setVolume
METHOD	bpw	c	()D	getVolume
METHOD	bpw	d	()Z	isStreamingSound
METHOD	bpx$1$1	errorMessage	(Ljava/lang/String;Ljava/lang/String;I)V	errorMessage
METHOD	bpx$1$1	importantMessage	(Ljava/lang/String;I)V	importantMessage
METHOD	bpx$1$1	message	(Ljava/lang/String;I)V	message
METHOD	bpx$1	run	()V	run
METHOD	bpx$2$1	connect	()V	connect
METHOD	bpx$2$1	getInputStream	()Ljava/io/InputStream;	getInputStream
METHOD	bpx$2	openConnection	(Ljava/net/URL;)Ljava/net/URLConnection;	openConnection
METHOD	bpx$a	playing	(Ljava/lang/String;)Z	playing
METHOD	bpx	a	()V	reloadSoundSystem
METHOD	bpx	a	(Lbpg;)F	getSoundCategoryVolume
METHOD	bpx	a	(Lbpg;F)V	setSoundCategoryVolume
METHOD	bpx	a	(Lbpj;)Z	isSoundPlaying
METHOD	bpx	a	(Lbpj;I)V	playDelayedSound
METHOD	bpx	a	(Lbpj;Lbpw;)F	getNormalizedPitch
METHOD	bpx	a	(Lbpj;Lbpw;Lbpg;)F	getNormalizedVolume
METHOD	bpx	a	(Lbpx;)Lavh;	access$400
METHOD	bpx	a	(Lbpx;Lbpx$a;)Lbpx$a;	access$102
METHOD	bpx	a	(Lbpx;Z)Z	access$302
METHOD	bpx	a	(Ljy;)Ljava/net/URL;	getURLForSoundResource
METHOD	bpx	a	(Lwn;F)V	setListener
METHOD	bpx	b	()V	unloadSoundSystem
METHOD	bpx	b	(Lbpj;)V	stopSound
METHOD	bpx	b	(Lbpx;)Lbpx$a;	access$100
METHOD	bpx	c	()V	stopAllSounds
METHOD	bpx	c	(Lbpj;)V	playSound
METHOD	bpx	d	()V	updateAllSounds
METHOD	bpx	e	()V	pauseAllSounds
METHOD	bpx	f	()V	resumeAllSounds
METHOD	bpx	g	()Lorg/apache/logging/log4j/Logger;	access$000
METHOD	bpx	h	()Lorg/apache/logging/log4j/Marker;	access$500
METHOD	bpx	i	()V	loadSoundSystem
METHOD	bpy	a	()I	getWeight
METHOD	bpy	a	(Lbqb;)V	addSoundToEventPool
METHOD	bpy	b	()Lbpw;	cloneEntry
METHOD	bpy	c	()Ljy;	getSoundEventLocation
METHOD	bpy	d	()Lbpg;	getSoundCategory
METHOD	bpy	g	()Ljava/lang/Object;	cloneEntry
METHOD	bpz$1	getActualTypeArguments	()[Ljava/lang/reflect/Type;	getActualTypeArguments
METHOD	bpz$1	getOwnerType	()Ljava/lang/reflect/Type;	getOwnerType
METHOD	bpz$1	getRawType	()Ljava/lang/reflect/Type;	getRawType
METHOD	bpz$2	a	()I	getWeight
METHOD	bpz$2	b	()Lbpw;	cloneEntry
METHOD	bpz$2	g	()Ljava/lang/Object;	cloneEntry
METHOD	bpz	a	()V	pauseSounds
METHOD	bpz	a	(Lbni;)V	onResourceManagerReload
METHOD	bpz	a	(Lbpg;F)V	setSoundLevel
METHOD	bpz	a	(Lbpj;)V	playSound
METHOD	bpz	a	(Lbpj;I)V	playDelayedSound
METHOD	bpz	a	(Lbpz;)Lbqa;	access$000
METHOD	bpz	a	(Ljava/io/InputStream;)Ljava/util/Map;	getSoundMap
METHOD	bpz	a	(Ljy;)Lbpy;	getSound
METHOD	bpz	a	(Ljy;Lbph;)V	loadSoundResource
METHOD	bpz	a	(Lwn;F)V	setListener
METHOD	bpz	a	([Lbpg;)Lbpy;	getRandomSoundFromCategories
METHOD	bpz	b	()V	stopSounds
METHOD	bpz	b	(Lbpj;)V	stopSound
METHOD	bpz	c	()V	update
METHOD	bpz	c	(Lbpj;)Z	isSoundPlaying
METHOD	bpz	d	()V	unloadSounds
METHOD	bpz	e	()V	resumeSounds
METHOD	bq	a	()I	getRequiredPermissionLevel
METHOD	bq	a	(Lm;[Ljava/lang/String;)V	processCommand
METHOD	bq	a	(Lm;[Ljava/lang/String;Lcj;)Ljava/util/List;	addTabCompletionOptions
METHOD	bq	b	([Ljava/lang/String;I)Z	isUsernameIndex
METHOD	bq	c	()Ljava/lang/String;	getCommandName
METHOD	bq	c	(Lm;)Ljava/lang/String;	getCommandUsage
METHOD	bqa	a	()V	clearMap
METHOD	bqa	a	(Lbpy;)V	registerSound
METHOD	bqa	b	()Ljava/util/Map;	createUnderlyingMap
METHOD	bqb	a	()I	getWeight
METHOD	bqb	g	()Ljava/lang/Object;	cloneEntry
METHOD	bqc	a	()I	getWeight
METHOD	bqc	b	()Lbpw;	cloneEntry
METHOD	bqc	g	()Ljava/lang/Object;	cloneEntry
METHOD	bqh	a	()Ljava/lang/String;	func_152809_a
METHOD	bqh	a	(Ljava/lang/String;)V	func_152807_a
METHOD	bqh	a	(Ljava/lang/String;Ljava/lang/String;)V	func_152808_a
METHOD	bqh	b	()Ljava/lang/String;	func_152806_b
METHOD	bqh	c	()Ljava/lang/String;	func_152810_c
METHOD	bqh	toString	()Ljava/lang/String;	toString
METHOD	bqj$1	bufferUnlockCallback	(J)V	bufferUnlockCallback
METHOD	bqj$1	getArchivingStateCallback	(Ltv/twitch/ErrorCode;Ltv/twitch/broadcast/ArchivingState;)V	getArchivingStateCallback
METHOD	bqj$1	getGameNameListCallback	(Ltv/twitch/ErrorCode;Ltv/twitch/broadcast/GameInfoList;)V	getGameNameListCallback
METHOD	bqj$1	getIngestServersCallback	(Ltv/twitch/ErrorCode;Ltv/twitch/broadcast/IngestList;)V	getIngestServersCallback
METHOD	bqj$1	getStreamInfoCallback	(Ltv/twitch/ErrorCode;Ltv/twitch/broadcast/StreamInfo;)V	getStreamInfoCallback
METHOD	bqj$1	getUserInfoCallback	(Ltv/twitch/ErrorCode;Ltv/twitch/broadcast/UserInfo;)V	getUserInfoCallback
METHOD	bqj$1	loginCallback	(Ltv/twitch/ErrorCode;Ltv/twitch/broadcast/ChannelInfo;)V	loginCallback
METHOD	bqj$1	requestAuthTokenCallback	(Ltv/twitch/ErrorCode;Ltv/twitch/AuthToken;)V	requestAuthTokenCallback
METHOD	bqj$1	runCommercialCallback	(Ltv/twitch/ErrorCode;)V	runCommercialCallback
METHOD	bqj$1	sendActionMetaDataCallback	(Ltv/twitch/ErrorCode;)V	sendActionMetaDataCallback
METHOD	bqj$1	sendEndSpanMetaDataCallback	(Ltv/twitch/ErrorCode;)V	sendEndSpanMetaDataCallback
METHOD	bqj$1	sendStartSpanMetaDataCallback	(Ltv/twitch/ErrorCode;)V	sendStartSpanMetaDataCallback
METHOD	bqj$1	setStreamInfoCallback	(Ltv/twitch/ErrorCode;)V	setStreamInfoCallback
METHOD	bqj$1	startCallback	(Ltv/twitch/ErrorCode;)V	startCallback
METHOD	bqj$1	stopCallback	(Ltv/twitch/ErrorCode;)V	stopCallback
METHOD	bqj$2	statCallback	(Ltv/twitch/broadcast/StatType;J)V	statCallback
METHOD	bqj$a	values	()[Lbqj$a;	values
METHOD	bqj$b	a	()V	func_152895_a
METHOD	bqj$b	a	(Lbqj$a;)V	func_152891_a
METHOD	bqj$b	a	(Ltv/twitch/ErrorCode;)V	func_152897_a
METHOD	bqj$b	a	(Ltv/twitch/ErrorCode;Ltv/twitch/AuthToken;)V	func_152900_a
METHOD	bqj$b	a	(Ltv/twitch/ErrorCode;[Ltv/twitch/broadcast/GameInfo;)V	func_152898_a
METHOD	bqj$b	a	(Ltv/twitch/broadcast/IngestList;)V	func_152896_a
METHOD	bqj$b	a	(Ltv/twitch/broadcast/StreamInfo;)V	func_152894_a
METHOD	bqj$b	b	()V	func_152899_b
METHOD	bqj$b	b	(Ltv/twitch/ErrorCode;)V	func_152893_b
METHOD	bqj$b	c	()V	func_152901_c
METHOD	bqj$b	c	(Ltv/twitch/ErrorCode;)V	func_152892_c
METHOD	bqj	A	()Ltv/twitch/ErrorCode;	getErrorCode
METHOD	bqj	B	()Ltv/twitch/broadcast/PixelFormat;	getPixelFormat
METHOD	bqj	C	()Z	func_152817_A
METHOD	bqj	D	()Z	func_152851_B
METHOD	bqj	E	()V	statCallback
METHOD	bqj	F	()Z	func_152845_C
METHOD	bqj	G	()Z	requestCommercial
METHOD	bqj	H	()Z	stopBroadcasting
METHOD	bqj	I	()Z	func_152847_F
METHOD	bqj	J	()Z	func_152854_G
METHOD	bqj	K	()V	func_152821_H
METHOD	bqj	L	()V	func_152835_I
METHOD	bqj	M	()Lbql;	func_152838_J
METHOD	bqj	O	()Z	func_152823_L
METHOD	bqj	P	()V	func_152831_M
METHOD	bqj	Q	()Ltv/twitch/broadcast/FrameBuffer;	func_152822_N
METHOD	bqj	a	(F)V	setRecordingDeviceVolume
METHOD	bqj	a	(IIFF)Ltv/twitch/broadcast/VideoParams;	func_152834_a
METHOD	bqj	a	(Lbqj$a;)V	func_152827_a
METHOD	bqj	a	(Lbqj$b;)V	setBroadcastListener
METHOD	bqj	a	(Ljava/lang/String;)V	func_152842_a
METHOD	bqj	a	(Ljava/lang/String;JJLjava/lang/String;Ljava/lang/String;)Z	func_177947_a
METHOD	bqj	a	(Ljava/lang/String;JLjava/lang/String;Ljava/lang/String;)Z	func_152840_a
METHOD	bqj	a	(Ljava/lang/String;Ljava/lang/String;Ljava/lang/String;)Z	func_152828_a
METHOD	bqj	a	(Ljava/lang/String;Ltv/twitch/AuthToken;)Z	func_152818_a
METHOD	bqj	a	(Ltv/twitch/ErrorCode;)Z	func_152853_a
METHOD	bqj	a	(Ltv/twitch/broadcast/FrameBuffer;)V	captureFramebuffer
METHOD	bqj	a	(Ltv/twitch/broadcast/IngestServer;)V	setIngestServer
METHOD	bqj	a	(Ltv/twitch/broadcast/VideoParams;)Z	func_152836_a
METHOD	bqj	b	()Z	func_152858_b
METHOD	bqj	b	(F)V	setPlaybackDeviceVolume
METHOD	bqj	b	(Ljava/lang/String;JLjava/lang/String;Ljava/lang/String;)J	func_177946_b
METHOD	bqj	b	(Ltv/twitch/broadcast/FrameBuffer;)Ltv/twitch/ErrorCode;	submitStreamFrame
METHOD	bqj	d	(Ljava/lang/String;)V	logError
METHOD	bqj	e	(Ljava/lang/String;)V	logWarning
METHOD	bqj	j	()Ltv/twitch/broadcast/StreamInfo;	getStreamInfo
METHOD	bqj	l	()Ltv/twitch/broadcast/ChannelInfo;	getChannelInfo
METHOD	bqj	m	()Z	isBroadcasting
METHOD	bqj	n	()Z	isReadyToBroadcast
METHOD	bqj	o	()Z	isIngestTesting
METHOD	bqj	p	()Z	isBroadcastPaused
METHOD	bqj	q	()Z	func_152849_q
METHOD	bqj	s	()Ltv/twitch/broadcast/IngestServer;	getIngestServer
METHOD	bqj	t	()Ltv/twitch/broadcast/IngestList;	getIngestList
METHOD	bqj	w	()Lbql;	isReady
METHOD	bqj	x	()J	getStreamTime
METHOD	bqj	y	()Z	func_152848_y
METHOD	bqk$1	chatEmoticonDataDownloadCallback	(Ltv/twitch/ErrorCode;)V	chatEmoticonDataDownloadCallback
METHOD	bqk$1	chatInitializationCallback	(Ltv/twitch/ErrorCode;)V	chatInitializationCallback
METHOD	bqk$1	chatShutdownCallback	(Ltv/twitch/ErrorCode;)V	chatShutdownCallback
METHOD	bqk$a	values	()[Lbqk$a;	values
METHOD	bqk$b	a	()Lbqk$a;	func_176040_a
METHOD	bqk$b	a	(Lbqk$a;)V	func_176035_a
METHOD	bqk$b	a	(Ljava/lang/String;)V	func_176032_a
METHOD	bqk$b	a	(Z)Z	func_176038_a
METHOD	bqk$b	b	(Ljava/lang/String;)Z	func_176037_b
METHOD	bqk$b	c	(Ljava/lang/String;)V	func_176031_c
METHOD	bqk$b	chatBadgeDataDownloadCallback	(Ljava/lang/String;Ltv/twitch/ErrorCode;)V	chatBadgeDataDownloadCallback
METHOD	bqk$b	chatChannelMembershipCallback	(Ljava/lang/String;Ltv/twitch/chat/ChatEvent;Ltv/twitch/chat/ChatChannelInfo;)V	chatChannelMembershipCallback
METHOD	bqk$b	chatChannelRawMessageCallback	(Ljava/lang/String;[Ltv/twitch/chat/ChatRawMessage;)V	chatChannelRawMessageCallback
METHOD	bqk$b	chatChannelTokenizedMessageCallback	(Ljava/lang/String;[Ltv/twitch/chat/ChatTokenizedMessage;)V	chatChannelTokenizedMessageCallback
METHOD	bqk$b	chatChannelUserChangeCallback	(Ljava/lang/String;[Ltv/twitch/chat/ChatUserInfo;[Ltv/twitch/chat/ChatUserInfo;[Ltv/twitch/chat/ChatUserInfo;)V	chatChannelUserChangeCallback
METHOD	bqk$b	chatClearCallback	(Ljava/lang/String;Ljava/lang/String;)V	chatClearCallback
METHOD	bqk$b	chatStatusCallback	(Ljava/lang/String;Ltv/twitch/ErrorCode;)V	chatStatusCallback
METHOD	bqk$b	d	(Ljava/lang/String;)V	func_176036_d
METHOD	bqk$b	g	()Z	func_176034_g
METHOD	bqk$b	h	()V	func_176041_h
METHOD	bqk$b	i	()V	func_176039_i
METHOD	bqk$b	j	()V	func_176033_j
METHOD	bqk$b	k	()V	func_176030_k
METHOD	bqk$c	values	()[Lbqk$c;	values
METHOD	bqk$d	values	()[Lbqk$d;	values
METHOD	bqk$e	a	(Lbqk$c;)V	func_176017_a
METHOD	bqk$e	a	(Ljava/lang/String;)V	func_180606_a
METHOD	bqk$e	a	(Ljava/lang/String;Ljava/lang/String;)V	func_176019_a
METHOD	bqk$e	a	(Ljava/lang/String;[Ltv/twitch/chat/ChatRawMessage;)V	func_180605_a
METHOD	bqk$e	a	(Ljava/lang/String;[Ltv/twitch/chat/ChatTokenizedMessage;)V	func_176025_a
METHOD	bqk$e	a	(Ljava/lang/String;[Ltv/twitch/chat/ChatUserInfo;[Ltv/twitch/chat/ChatUserInfo;[Ltv/twitch/chat/ChatUserInfo;)V	func_176018_a
METHOD	bqk$e	b	(Ljava/lang/String;)V	func_180607_b
METHOD	bqk$e	c	(Ljava/lang/String;)V	func_176016_c
METHOD	bqk$e	d	()V	func_176021_d
METHOD	bqk$e	d	(Ljava/lang/String;)V	func_176020_d
METHOD	bqk$e	d	(Ltv/twitch/ErrorCode;)V	func_176023_d
METHOD	bqk$e	e	()V	func_176024_e
METHOD	bqk$e	e	(Ltv/twitch/ErrorCode;)V	func_176022_e
METHOD	bqk	a	(Lbqk$c;)V	func_175985_a
METHOD	bqk	a	(Lbqk$e;)V	func_152990_a
METHOD	bqk	a	(Ljava/lang/String;)V	func_152984_a
METHOD	bqk	a	(Ljava/lang/String;Ljava/lang/String;)Z	func_175986_a
METHOD	bqk	a	(Ljava/lang/String;Z)Z	func_175987_a
METHOD	bqk	a	(Ltv/twitch/AuthToken;)V	func_152994_a
METHOD	bqk	c	(Ljava/lang/String;)V	func_152998_c
METHOD	bqk	d	(Ljava/lang/String;)Z	func_175990_d
METHOD	bqk	e	(Ljava/lang/String;)Lbqk$a;	func_175989_e
METHOD	bqk	h	()Lbqk$c;	func_153000_j
METHOD	bqk	j	(Ljava/lang/String;)Z	func_152986_d
METHOD	bqk	l	(Ljava/lang/String;)Z	func_175991_l
METHOD	bqk	n	()Z	func_175984_n
METHOD	bqk	n	(Ljava/lang/String;)V	func_152995_h
METHOD	bqk	o	()Z	func_152993_m
METHOD	bqk	p	()V	func_175988_p
METHOD	bqk	q	()V	func_152997_n
METHOD	bqk	r	()V	func_153001_r
METHOD	bqk	s	()V	func_152988_s
METHOD	bqk	t	()V	func_152996_t
METHOD	bql$1	bufferUnlockCallback	(J)V	bufferUnlockCallback
METHOD	bql$1	getArchivingStateCallback	(Ltv/twitch/ErrorCode;Ltv/twitch/broadcast/ArchivingState;)V	getArchivingStateCallback
METHOD	bql$1	getGameNameListCallback	(Ltv/twitch/ErrorCode;Ltv/twitch/broadcast/GameInfoList;)V	getGameNameListCallback
METHOD	bql$1	getIngestServersCallback	(Ltv/twitch/ErrorCode;Ltv/twitch/broadcast/IngestList;)V	getIngestServersCallback
METHOD	bql$1	getStreamInfoCallback	(Ltv/twitch/ErrorCode;Ltv/twitch/broadcast/StreamInfo;)V	getStreamInfoCallback
METHOD	bql$1	getUserInfoCallback	(Ltv/twitch/ErrorCode;Ltv/twitch/broadcast/UserInfo;)V	getUserInfoCallback
METHOD	bql$1	loginCallback	(Ltv/twitch/ErrorCode;Ltv/twitch/broadcast/ChannelInfo;)V	loginCallback
METHOD	bql$1	requestAuthTokenCallback	(Ltv/twitch/ErrorCode;Ltv/twitch/AuthToken;)V	requestAuthTokenCallback
METHOD	bql$1	runCommercialCallback	(Ltv/twitch/ErrorCode;)V	runCommercialCallback
METHOD	bql$1	sendActionMetaDataCallback	(Ltv/twitch/ErrorCode;)V	sendActionMetaDataCallback
METHOD	bql$1	sendEndSpanMetaDataCallback	(Ltv/twitch/ErrorCode;)V	sendEndSpanMetaDataCallback
METHOD	bql$1	sendStartSpanMetaDataCallback	(Ltv/twitch/ErrorCode;)V	sendStartSpanMetaDataCallback
METHOD	bql$1	setStreamInfoCallback	(Ltv/twitch/ErrorCode;)V	setStreamInfoCallback
METHOD	bql$1	startCallback	(Ltv/twitch/ErrorCode;)V	startCallback
METHOD	bql$1	stopCallback	(Ltv/twitch/ErrorCode;)V	stopCallback
METHOD	bql$2	statCallback	(Ltv/twitch/broadcast/StatType;J)V	statCallback
METHOD	bql$a	a	(Lbql;Lbql$b;)V	func_152907_a
METHOD	bql$b	values	()[Lbql$b;	values
METHOD	bql	a	(Lbql$a;)V	func_153042_a
METHOD	bql	a	(Lbql$b;)V	func_153034_a
METHOD	bql	a	(Ltv/twitch/broadcast/IngestServer;)Z	func_153036_a
METHOD	bql	b	(Ltv/twitch/broadcast/IngestServer;)V	func_153035_b
METHOD	bql	c	()Ltv/twitch/broadcast/IngestServer;	func_153040_c
METHOD	bql	c	(Ltv/twitch/broadcast/IngestServer;)Z	func_153029_c
METHOD	bql	d	()I	func_153028_p
METHOD	bql	f	()Z	func_153032_e
METHOD	bql	i	()F	func_153030_h
METHOD	bql	j	()V	func_176004_j
METHOD	bql	k	()V	func_153041_j
METHOD	bql	m	()V	func_153039_l
METHOD	bql	n	()J	func_153037_m
METHOD	bql	o	()V	func_153038_n
METHOD	bql	p	()V	func_153031_o
METHOD	bqm$a	values	()[Lbqm$a;	values
METHOD	bqm	A	()Z	func_152928_D
METHOD	bqm	B	()Ltv/twitch/ErrorCode;	func_152912_E
METHOD	bqm	C	()Z	func_152913_F
METHOD	bqm	D	()Z	func_152929_G
METHOD	bqm	E	()Lbqm$a;	func_152918_H
METHOD	bqm	a	(Lbqh;J)V	func_152911_a
METHOD	bqm	a	(Lbqh;JJ)V	func_176026_a
METHOD	bqm	a	(Z)V	muteMicrophone
METHOD	bqm	e	(Ljava/lang/String;)Ltv/twitch/chat/ChatUserInfo;	func_152926_a
METHOD	bqm	f	()V	shutdownStream
METHOD	bqm	f	(Ljava/lang/String;)V	func_152917_b
METHOD	bqm	g	()V	func_152935_j
METHOD	bqm	h	()V	func_152922_k
METHOD	bqm	i	()Z	func_152936_l
METHOD	bqm	j	()Z	isReadyToBroadcast
METHOD	bqm	k	()Z	isBroadcasting
METHOD	bqm	l	()Z	isPaused
METHOD	bqm	m	()V	requestCommercial
METHOD	bqm	n	()V	pause
METHOD	bqm	o	()V	unpause
METHOD	bqm	p	()V	updateStreamVolume
METHOD	bqm	q	()V	func_152930_t
METHOD	bqm	r	()V	stopBroadcasting
METHOD	bqm	s	()[Ltv/twitch/broadcast/IngestServer;	func_152925_v
METHOD	bqm	u	()V	func_152909_x
METHOD	bqm	v	()Lbql;	func_152932_y
METHOD	bqm	w	()Z	func_152908_z
METHOD	bqm	x	()I	func_152920_A
METHOD	bqm	y	()Z	func_152927_B
METHOD	bqm	z	()Ljava/lang/String;	func_152921_C
METHOD	bqn$1$1	run	()V	run
METHOD	bqn$1	run	()V	run
METHOD	bqn	A	()Z	func_152928_D
METHOD	bqn	B	()Ltv/twitch/ErrorCode;	func_152912_E
METHOD	bqn	C	()Z	func_152913_F
METHOD	bqn	D	()Z	func_152929_G
METHOD	bqn	E	()Lbqm$a;	func_152918_H
METHOD	bqn	F	()V	func_152942_I
METHOD	bqn	G	()Lorg/apache/logging/log4j/Logger;	access$000
METHOD	bqn	a	()V	func_152895_a
METHOD	bqn	a	(F)I	formatStreamFps
METHOD	bqn	a	(Lbqh;J)V	func_152911_a
METHOD	bqn	a	(Lbqh;JJ)V	func_176026_a
METHOD	bqn	a	(Lbqj$a;)V	func_152891_a
METHOD	bqn	a	(Lbqk$c;)V	func_176017_a
METHOD	bqn	a	(Lbql;Lbql$b;)V	func_152907_a
METHOD	bqn	a	(Lbqn;)Lbqj;	access$100
METHOD	bqn	a	(Lbqn;Lbqm$a;)Lbqm$a;	access$302
METHOD	bqn	a	(Ljava/lang/String;)V	func_180606_a
METHOD	bqn	a	(Ljava/lang/String;Ljava/lang/String;)V	func_176019_a
METHOD	bqn	a	(Ljava/lang/String;Ltv/twitch/chat/ChatRawMessage;)V	func_176027_a
METHOD	bqn	a	(Ljava/lang/String;[Ltv/twitch/chat/ChatRawMessage;)V	func_180605_a
METHOD	bqn	a	(Ljava/lang/String;[Ltv/twitch/chat/ChatTokenizedMessage;)V	func_176025_a
METHOD	bqn	a	(Ljava/lang/String;[Ltv/twitch/chat/ChatUserInfo;[Ltv/twitch/chat/ChatUserInfo;[Ltv/twitch/chat/ChatUserInfo;)V	func_176018_a
METHOD	bqn	a	(Ljava/util/Set;Ljava/util/Set;I)Z	func_176028_a
METHOD	bqn	a	(Ltv/twitch/ErrorCode;)V	func_152897_a
METHOD	bqn	a	(Ltv/twitch/ErrorCode;Ltv/twitch/AuthToken;)V	func_152900_a
METHOD	bqn	a	(Ltv/twitch/ErrorCode;[Ltv/twitch/broadcast/GameInfo;)V	func_152898_a
METHOD	bqn	a	(Ltv/twitch/broadcast/IngestList;)V	func_152896_a
METHOD	bqn	a	(Ltv/twitch/broadcast/StreamInfo;)V	func_152894_a
METHOD	bqn	a	(Z)V	muteMicrophone
METHOD	bqn	b	()V	func_152899_b
METHOD	bqn	b	(F)I	formatStreamKbps
METHOD	bqn	b	(Lbqn;)Lbqk;	access$200
METHOD	bqn	b	(Ljava/lang/String;)V	func_180607_b
METHOD	bqn	b	(Ltv/twitch/ErrorCode;)V	func_152893_b
METHOD	bqn	c	()V	func_152901_c
METHOD	bqn	c	(F)F	formatStreamBps
METHOD	bqn	c	(Ljava/lang/String;)V	func_176016_c
METHOD	bqn	c	(Ltv/twitch/ErrorCode;)V	func_152892_c
METHOD	bqn	d	()V	func_176021_d
METHOD	bqn	d	(Ljava/lang/String;)V	func_176020_d
METHOD	bqn	d	(Ltv/twitch/ErrorCode;)V	func_176023_d
METHOD	bqn	e	()V	func_176024_e
METHOD	bqn	e	(Ljava/lang/String;)Ltv/twitch/chat/ChatUserInfo;	func_152926_a
METHOD	bqn	e	(Ltv/twitch/ErrorCode;)V	func_176022_e
METHOD	bqn	f	()V	shutdownStream
METHOD	bqn	f	(Ljava/lang/String;)V	func_152917_b
METHOD	bqn	g	()V	func_152935_j
METHOD	bqn	h	()V	func_152922_k
METHOD	bqn	i	()Z	func_152936_l
METHOD	bqn	j	()Z	isReadyToBroadcast
METHOD	bqn	k	()Z	isBroadcasting
METHOD	bqn	l	()Z	isPaused
METHOD	bqn	m	()V	requestCommercial
METHOD	bqn	n	()V	pause
METHOD	bqn	o	()V	unpause
METHOD	bqn	p	()V	updateStreamVolume
METHOD	bqn	q	()V	func_152930_t
METHOD	bqn	r	()V	stopBroadcasting
METHOD	bqn	s	()[Ltv/twitch/broadcast/IngestServer;	func_152925_v
METHOD	bqn	u	()V	func_152909_x
METHOD	bqn	v	()Lbql;	func_152932_y
METHOD	bqn	w	()Z	func_152908_z
METHOD	bqn	x	()I	func_152920_A
METHOD	bqn	y	()Z	func_152927_B
METHOD	bqn	z	()Ljava/lang/String;	func_152921_C
METHOD	bqo	A	()Z	func_152928_D
METHOD	bqo	B	()Ltv/twitch/ErrorCode;	func_152912_E
METHOD	bqo	C	()Z	func_152913_F
METHOD	bqo	D	()Z	func_152929_G
METHOD	bqo	E	()Lbqm$a;	func_152918_H
METHOD	bqo	a	()Ljava/lang/Throwable;	func_152937_a
METHOD	bqo	a	(Lbqh;J)V	func_152911_a
METHOD	bqo	a	(Lbqh;JJ)V	func_176026_a
METHOD	bqo	a	(Z)V	muteMicrophone
METHOD	bqo	e	(Ljava/lang/String;)Ltv/twitch/chat/ChatUserInfo;	func_152926_a
METHOD	bqo	f	()V	shutdownStream
METHOD	bqo	f	(Ljava/lang/String;)V	func_152917_b
METHOD	bqo	g	()V	func_152935_j
METHOD	bqo	h	()V	func_152922_k
METHOD	bqo	i	()Z	func_152936_l
METHOD	bqo	j	()Z	isReadyToBroadcast
METHOD	bqo	k	()Z	isBroadcasting
METHOD	bqo	l	()Z	isPaused
METHOD	bqo	m	()V	requestCommercial
METHOD	bqo	n	()V	pause
METHOD	bqo	o	()V	unpause
METHOD	bqo	p	()V	updateStreamVolume
METHOD	bqo	q	()V	func_152930_t
METHOD	bqo	r	()V	stopBroadcasting
METHOD	bqo	s	()[Ltv/twitch/broadcast/IngestServer;	func_152925_v
METHOD	bqo	u	()V	func_152909_x
METHOD	bqo	v	()Lbql;	func_152932_y
METHOD	bqo	w	()Z	func_152908_z
METHOD	bqo	x	()I	func_152920_A
METHOD	bqo	y	()Z	func_152927_B
METHOD	bqo	z	()Ljava/lang/String;	func_152921_C
METHOD	bqs	a	()V	initializeTextures
METHOD	bqs	a	(I)V	glDeleteShader
METHOD	bqs	a	(IFF)V	setLightmapTextureCoords
METHOD	bqs	a	(II)I	glGetProgrami
METHOD	bqs	a	(IIII)V	glRenderbufferStorage
METHOD	bqs	a	(IIIII)V	glFramebufferTexture2D
METHOD	bqs	a	(ILjava/lang/CharSequence;)I	glGetUniformLocation
METHOD	bqs	a	(ILjava/nio/ByteBuffer;)V	glShaderSource
METHOD	bqs	a	(ILjava/nio/ByteBuffer;I)V	glBufferData
METHOD	bqs	a	(ILjava/nio/FloatBuffer;)V	glUniform1
METHOD	bqs	a	(ILjava/nio/IntBuffer;)V	glUniform1
METHOD	bqs	a	(IZLjava/nio/FloatBuffer;)V	glUniformMatrix2
METHOD	bqs	b	()Z	areShadersSupported
METHOD	bqs	b	(I)I	glCreateShader
METHOD	bqs	b	(II)V	glAttachShader
METHOD	bqs	b	(IIII)V	glFramebufferRenderbuffer
METHOD	bqs	b	(ILjava/lang/CharSequence;)I	glGetAttribLocation
METHOD	bqs	b	(ILjava/nio/FloatBuffer;)V	glUniform2
METHOD	bqs	b	(ILjava/nio/IntBuffer;)V	glUniform2
METHOD	bqs	b	(IZLjava/nio/FloatBuffer;)V	glUniformMatrix3
METHOD	bqs	c	()Ljava/lang/String;	getLogText
METHOD	bqs	c	(I)V	glCompileShader
METHOD	bqs	c	(II)I	glGetShaderi
METHOD	bqs	c	(IIII)V	glBlendFunc
METHOD	bqs	c	(ILjava/nio/FloatBuffer;)V	glUniform3
METHOD	bqs	c	(ILjava/nio/IntBuffer;)V	glUniform3
METHOD	bqs	c	(IZLjava/nio/FloatBuffer;)V	glUniformMatrix4
METHOD	bqs	d	()I	glCreateProgram
METHOD	bqs	d	(I)V	glUseProgram
METHOD	bqs	d	(II)Ljava/lang/String;	glGetShaderInfoLog
METHOD	bqs	d	(ILjava/nio/FloatBuffer;)V	glUniform4
METHOD	bqs	d	(ILjava/nio/IntBuffer;)V	glUniform4
METHOD	bqs	e	()I	glGenBuffers
METHOD	bqs	e	(I)V	glDeleteProgram
METHOD	bqs	e	(II)Ljava/lang/String;	glGetProgramInfoLog
METHOD	bqs	f	()Z	useVbo
METHOD	bqs	f	(I)V	glLinkProgram
METHOD	bqs	f	(II)V	glUniform1i
METHOD	bqs	g	()I	glGenFramebuffers
METHOD	bqs	g	(I)V	glDeleteBuffers
METHOD	bqs	g	(II)V	glBindBuffer
METHOD	bqs	h	()I	glGenRenderbuffers
METHOD	bqs	h	(I)V	glDeleteRenderbuffers
METHOD	bqs	h	(II)V	glBindFramebuffer
METHOD	bqs	i	()Z	isFramebufferEnabled
METHOD	bqs	i	(I)V	glDeleteFramebuffers
METHOD	bqs	i	(II)V	glBindRenderbuffer
METHOD	bqs	j	()Ljava/lang/String;	getCpu
METHOD	bqs	j	(I)I	glCheckFramebufferStatus
METHOD	bqs	k	(I)V	setActiveTexture
METHOD	bqs	l	(I)V	setClientActiveTexture
METHOD	br	a	()I	getRequiredPermissionLevel
METHOD	br	a	(Lm;I)V	setTime
METHOD	br	a	(Lm;[Ljava/lang/String;)V	processCommand
METHOD	br	a	(Lm;[Ljava/lang/String;Lcj;)Ljava/util/List;	addTabCompletionOptions
METHOD	br	b	(Lm;I)V	addTime
METHOD	br	c	()Ljava/lang/String;	getCommandName
METHOD	br	c	(Lm;)Ljava/lang/String;	getCommandUsage
METHOD	bs	a	()I	getRequiredPermissionLevel
METHOD	bs	a	(Lm;[Ljava/lang/String;)V	processCommand
METHOD	bs	a	(Lm;[Ljava/lang/String;Lcj;)Ljava/util/List;	addTabCompletionOptions
METHOD	bs	b	([Ljava/lang/String;I)Z	isUsernameIndex
METHOD	bs	c	()Ljava/lang/String;	getCommandName
METHOD	bs	c	(Lm;)Ljava/lang/String;	getCommandUsage
METHOD	bt	a	()I	getRequiredPermissionLevel
METHOD	bt	a	(Lm;[Ljava/lang/String;)V	processCommand
METHOD	bt	c	()Ljava/lang/String;	getCommandName
METHOD	bt	c	(Lm;)Ljava/lang/String;	getCommandUsage
METHOD	bt	d	()V	toggleDownfall
METHOD	bu	a	()I	getRequiredPermissionLevel
METHOD	bu	a	(Lm;[Ljava/lang/String;)V	processCommand
METHOD	bu	a	(Lm;[Ljava/lang/String;Lcj;)Ljava/util/List;	addTabCompletionOptions
METHOD	bu	c	()Ljava/lang/String;	getCommandName
METHOD	bu	c	(Lm;)Ljava/lang/String;	getCommandUsage
METHOD	bv	a	()I	getRequiredPermissionLevel
METHOD	bv	a	(Lm;[Ljava/lang/String;)V	processCommand
METHOD	bv	a	(Lm;[Ljava/lang/String;Lcj;)Ljava/util/List;	addTabCompletionOptions
METHOD	bv	c	()Ljava/lang/String;	getCommandName
METHOD	bv	c	(Lm;)Ljava/lang/String;	getCommandUsage
METHOD	bw	a	()I	getRequiredPermissionLevel
METHOD	bw	a	(Lm;[Ljava/lang/String;)V	processCommand
METHOD	bw	a	(Lm;[Ljava/lang/String;Lcj;)Ljava/util/List;	addTabCompletionOptions
METHOD	bw	c	()Ljava/lang/String;	getCommandName
METHOD	bw	c	(Lm;)Ljava/lang/String;	getCommandUsage
METHOD	bx	a	()I	getRequiredPermissionLevel
METHOD	bx	a	(Lm;[Ljava/lang/String;)V	processCommand
METHOD	bx	a	(Lm;[Ljava/lang/String;Lcj;)Ljava/util/List;	addTabCompletionOptions
METHOD	bx	c	()Ljava/lang/String;	getCommandName
METHOD	bx	c	(Lm;)Ljava/lang/String;	getCommandUsage
METHOD	bx	d	()Lams;	getWorldBorder
METHOD	bz	a	()[Ljava/lang/Object;	getErrorObjects
METHOD	c$1	a	()Ljava/lang/String;	call
METHOD	c$1	call	()Ljava/lang/Object;	call
METHOD	c$2	a	()Ljava/lang/String;	call
METHOD	c$2	call	()Ljava/lang/Object;	call
METHOD	c$3	a	()Ljava/lang/String;	call
METHOD	c$3	call	()Ljava/lang/Object;	call
METHOD	c$6	a	()Ljava/lang/String;	call
METHOD	c$6	call	()Ljava/lang/Object;	call
METHOD	c$7	a	()Ljava/lang/String;	call
METHOD	c$7	call	()Ljava/lang/Object;	call
METHOD	c$a	a	()Ljava/lang/String;	getKey
METHOD	c$a	b	()Ljava/lang/String;	getValue
METHOD	c	a	()[Ljava/lang/StackTraceElement;	getStackTrace
METHOD	c	a	(DDD)Ljava/lang/String;	getCoordinateInfo
METHOD	c	a	(I)I	getPrunedStackTrace
METHOD	c	a	(Lc;Lcj;Lafh;I)V	addBlockInfo
METHOD	c	a	(Lc;Lcj;Lalz;)V	addBlockInfo
METHOD	c	a	(Lcj;)Ljava/lang/String;	getCoordinateInfo
METHOD	c	a	(Ljava/lang/StackTraceElement;Ljava/lang/StackTraceElement;)Z	firstTwoElementsOfStackTraceMatch
METHOD	c	a	(Ljava/lang/String;Ljava/lang/Object;)V	addCrashSection
METHOD	c	a	(Ljava/lang/String;Ljava/lang/Throwable;)V	addCrashSectionThrowable
METHOD	c	a	(Ljava/lang/String;Ljava/util/concurrent/Callable;)V	addCrashSectionCallable
METHOD	c	a	(Ljava/lang/StringBuilder;)V	appendToStringBuilder
METHOD	c	b	(I)V	trimStackTraceEntriesFromBottom
METHOD	cj$1$1	a	()Lcj;	computeNext
METHOD	cj$1$1	computeNext	()Ljava/lang/Object;	computeNext
METHOD	cj$1	iterator	()Ljava/util/Iterator;	iterator
METHOD	cj$2$1	a	()Lcj$a;	computeNext
METHOD	cj$2$1	computeNext	()Ljava/lang/Object;	computeNext
METHOD	cj$2	iterator	()Ljava/util/Iterator;	iterator
METHOD	cj$a	a	(Lcj$a;I)I	access$002
METHOD	cj$a	b	(Lcj$a;I)I	access$102
METHOD	cj$a	c	(III)Lcj$a;	set
METHOD	cj$a	c	(Lcj$a;I)I	access$202
METHOD	cj$a	d	(Ldf;)Ldf;	crossProduct
METHOD	cj$a	n	()I	getX
METHOD	cj$a	o	()I	getY
METHOD	cj$a	p	()I	getZ
METHOD	cj	a	()Lcj;	up
METHOD	cj	a	(DDD)Lcj;	add
METHOD	cj	a	(III)Lcj;	add
METHOD	cj	a	(J)Lcj;	fromLong
METHOD	cj	a	(Lcj;Lcj;)Ljava/lang/Iterable;	getAllInBox
METHOD	cj	a	(Lcq;)Lcj;	offset
METHOD	cj	a	(Lcq;I)Lcj;	offset
METHOD	cj	a	(Ldf;)Lcj;	add
METHOD	cj	b	()Lcj;	down
METHOD	cj	b	(I)Lcj;	up
METHOD	cj	b	(Lcj;Lcj;)Ljava/lang/Iterable;	getAllInBoxMutable
METHOD	cj	b	(Ldf;)Lcj;	subtract
METHOD	cj	c	()Lcj;	north
METHOD	cj	c	(I)Lcj;	down
METHOD	cj	c	(Ldf;)Lcj;	crossProduct
METHOD	cj	d	()Lcj;	south
METHOD	cj	d	(I)Lcj;	north
METHOD	cj	d	(Ldf;)Ldf;	crossProduct
METHOD	cj	e	()Lcj;	west
METHOD	cj	e	(I)Lcj;	south
METHOD	cj	f	()Lcj;	east
METHOD	cj	f	(I)Lcj;	west
METHOD	cj	g	()J	toLong
METHOD	cj	g	(I)Lcj;	east
METHOD	ck	a	()D	getX
METHOD	ck	b	()D	getY
METHOD	ck	c	()D	getZ
METHOD	ck	d	()Lcj;	getBlockPos
METHOD	ck	f	()I	getBlockMetadata
METHOD	ck	h	()Lakw;	getBlockTileEntity
METHOD	cl	a	()D	getX
METHOD	cl	b	()D	getY
METHOD	cl	c	()D	getZ
METHOD	cl	d	()Lcj;	getBlockPos
METHOD	cl	f	()I	getBlockMetadata
METHOD	cl	h	()Lakw;	getBlockTileEntity
METHOD	cl	i	()Ladm;	getWorld
METHOD	cm$a	a	([Ljava/lang/Object;)Ljava/util/List;	apply
METHOD	cm$a	apply	(Ljava/lang/Object;)Ljava/lang/Object;	apply
METHOD	cm$b$a	a	()[Ljava/lang/Object;	next
METHOD	cm$b$a	b	()V	endOfData
METHOD	cm$b$a	hasNext	()Z	hasNext
METHOD	cm$b$a	next	()Ljava/lang/Object;	next
METHOD	cm$b	iterator	()Ljava/util/Iterator;	iterator
METHOD	cm	a	(Ljava/lang/Class;I)[Ljava/lang/Object;	access$200
METHOD	cm	a	(Ljava/lang/Class;Ljava/lang/Iterable;)Ljava/lang/Iterable;	cartesianProduct
METHOD	cm	a	(Ljava/lang/Iterable;)Ljava/lang/Iterable;	cartesianProduct
METHOD	cm	b	(Ljava/lang/Class;I)[Ljava/lang/Object;	createArray
METHOD	cm	b	(Ljava/lang/Class;Ljava/lang/Iterable;)[Ljava/lang/Object;	toArray
METHOD	cm	b	(Ljava/lang/Iterable;)Ljava/lang/Iterable;	arraysAsLists
METHOD	cn	a	(Ladm;Lzx;ILcq;Lcz;)V	doDispense
METHOD	cn	a	(Lck;)V	playDispenseSound
METHOD	cn	a	(Lck;Lcq;)V	spawnDispenseParticles
METHOD	cn	a	(Lck;Lzx;)Lzx;	dispense
METHOD	cn	a	(Lcq;)I	func_82488_a
METHOD	cn	b	(Lck;Lzx;)Lzx;	dispenseStack
METHOD	co	a	()V	validateKey
METHOD	co	a	(I)Ljava/lang/Object;	getObjectById
METHOD	co	a	(ILjava/lang/Object;Ljava/lang/Object;)V	register
METHOD	co	a	(Ljava/lang/Object;)Ljava/lang/Object;	getObject
METHOD	cp	a	(Ljava/lang/Object;)Ljava/lang/Object;	getObject
METHOD	cq$a	a	()Ljava/lang/String;	getName2
METHOD	cq$a	a	(Lcq;)Z	apply
METHOD	cq$a	a	(Ljava/lang/String;)Lcq$a;	byName
METHOD	cq$a	apply	(Ljava/lang/Object;)Z	apply
METHOD	cq$a	b	()Z	isVertical
METHOD	cq$a	c	()Z	isHorizontal
METHOD	cq$a	d	()Lcq$c;	getPlane
METHOD	cq$a	l	()Ljava/lang/String;	getName
METHOD	cq$a	toString	()Ljava/lang/String;	toString
METHOD	cq$a	values	()[Lcq$a;	values
METHOD	cq$b	a	()I	getOffset
METHOD	cq$b	toString	()Ljava/lang/String;	toString
METHOD	cq$b	values	()[Lcq$b;	values
METHOD	cq$c	a	()[Lcq;	facings
METHOD	cq$c	a	(Lcq;)Z	apply
METHOD	cq$c	a	(Ljava/util/Random;)Lcq;	random
METHOD	cq$c	apply	(Ljava/lang/Object;)Z	apply
METHOD	cq$c	iterator	()Ljava/util/Iterator;	iterator
METHOD	cq$c	values	()[Lcq$c;	values
METHOD	cq	a	()I	getIndex
METHOD	cq	a	(D)Lcq;	fromAngle
METHOD	cq	a	(FFF)Lcq;	getFacingFromVector
METHOD	cq	a	(I)Lcq;	getFront
METHOD	cq	a	(Lcq$a;)Lcq;	rotateAround
METHOD	cq	a	(Lcq$b;Lcq$a;)Lcq;	getFacingFromAxis
METHOD	cq	a	(Ljava/lang/String;)Lcq;	byName
METHOD	cq	a	(Ljava/util/Random;)Lcq;	random
METHOD	cq	b	()I	getHorizontalIndex
METHOD	cq	b	(I)Lcq;	getHorizontal
METHOD	cq	c	()Lcq$b;	getAxisDirection
METHOD	cq	d	()Lcq;	getOpposite
METHOD	cq	e	()Lcq;	rotateY
METHOD	cq	f	()Lcq;	rotateYCCW
METHOD	cq	g	()I	getFrontOffsetX
METHOD	cq	h	()I	getFrontOffsetY
METHOD	cq	i	()I	getFrontOffsetZ
METHOD	cq	j	()Ljava/lang/String;	getName2
METHOD	cq	k	()Lcq$a;	getAxis
METHOD	cq	l	()Ljava/lang/String;	getName
METHOD	cq	m	()Ldf;	getDirectionVec
METHOD	cq	n	()Lcq;	rotateX
METHOD	cq	p	()Lcq;	rotateZ
METHOD	cq	toString	()Ljava/lang/String;	toString
METHOD	cq	values	()[Lcq;	values
METHOD	cr$1	a	(Lck;Lzx;)Lzx;	dispense
METHOD	cr	a	(Lck;Lzx;)Lzx;	dispense
METHOD	ct	a	(I)Ljava/lang/Object;	getByValue
METHOD	ct	a	(Ljava/lang/Object;I)V	put
METHOD	ct	b	(Ljava/lang/Object;)I	get
METHOD	ct	iterator	()Ljava/util/Iterator;	iterator
METHOD	cv	i	()Ladm;	getWorld
METHOD	cw	a	(Ljava/lang/Iterable;Ljava/lang/Iterable;Ljava/util/Map;)Ljava/util/Map;	populateMap
METHOD	cw	b	(Ljava/lang/Iterable;Ljava/lang/Iterable;)Ljava/util/Map;	createMap
METHOD	cx	a	(I)Ljava/lang/Object;	getObjectById
METHOD	cx	a	(ILjava/lang/Object;Ljava/lang/Object;)V	register
METHOD	cx	a	(Ljava/lang/Object;)Ljava/lang/Object;	getObject
METHOD	cx	b	()Ljava/util/Map;	createUnderlyingMap
METHOD	cx	b	(Ljava/lang/Object;)I	getIDForObject
METHOD	cx	c	(Ljava/lang/Object;)Ljava/lang/Object;	getNameForObject
METHOD	cx	d	(Ljava/lang/Object;)Z	containsKey
METHOD	cx	iterator	()Ljava/util/Iterator;	iterator
METHOD	cy	a	()[Ljava/lang/String;	getParticleNames
METHOD	cy	a	(I)Lcy;	getParticleFromId
METHOD	cy	b	()Ljava/lang/String;	getParticleName
METHOD	cy	c	()I	getParticleID
METHOD	cy	d	()I	getArgumentCount
METHOD	cy	e	()Z	getShouldIgnoreRange
METHOD	cy	f	()Z	hasArguments
METHOD	cy	values	()[Lcy;	values
METHOD	cz	a	()D	getX
METHOD	cz	b	()D	getY
METHOD	cz	c	()D	getZ
METHOD	da	a	()D	getX
METHOD	da	b	()D	getY
METHOD	da	c	()D	getZ
METHOD	db	a	(Ljava/lang/Object;)Ljava/lang/Object;	getObject
METHOD	db	a	(Ljava/lang/Object;Ljava/lang/Object;)V	putObject
METHOD	dc	a	()Ldu;	writeToNBT
METHOD	dc	b	()F	getX
METHOD	dc	c	()F	getY
METHOD	dc	d	()F	getZ
METHOD	dc	equals	(Ljava/lang/Object;)Z	equals
METHOD	dd	a	(Ljava/lang/Object;)Ljava/lang/Object;	getObject
METHOD	dd	a	(Ljava/lang/Object;Ljava/lang/Object;)V	putObject
METHOD	dd	b	()Ljava/util/Map;	createUnderlyingMap
METHOD	dd	c	()Ljava/util/Set;	getKeys
METHOD	dd	d	(Ljava/lang/Object;)Z	containsKey
METHOD	dd	iterator	()Ljava/util/Iterator;	iterator
METHOD	df	c	(DDD)D	distanceSq
METHOD	df	compareTo	(Ljava/lang/Object;)I	compareTo
METHOD	df	d	(DDD)D	distanceSqToCenter
METHOD	df	d	(Ldf;)Ldf;	crossProduct
METHOD	df	equals	(Ljava/lang/Object;)Z	equals
METHOD	df	g	(Ldf;)I	compareTo
METHOD	df	hashCode	()I	hashCode
METHOD	df	i	(Ldf;)D	distanceSq
METHOD	df	n	()I	getX
METHOD	df	o	()I	getY
METHOD	df	p	()I	getZ
METHOD	df	toString	()Ljava/lang/String;	toString
METHOD	di	a	()J	getLastTranslationUpdateTimeInMilliseconds
METHOD	di	a	(Ljava/lang/String;)Ljava/lang/String;	translateToLocal
METHOD	di	a	(Ljava/lang/String;[Ljava/lang/Object;)Ljava/lang/String;	translateToLocalFormatted
METHOD	di	b	(Ljava/lang/String;)Ljava/lang/String;	translateToFallback
METHOD	di	c	(Ljava/lang/String;)Z	canTranslate
METHOD	dj	a	()Ldj;	getInstance
METHOD	dj	a	(Ljava/lang/String;)Ljava/lang/String;	translateKey
METHOD	dj	a	(Ljava/lang/String;[Ljava/lang/Object;)Ljava/lang/String;	translateKeyFormat
METHOD	dj	a	(Ljava/util/Map;)V	replaceWith
METHOD	dj	b	(Ljava/lang/String;)Z	isKeyTranslated
METHOD	dj	c	()J	getLastUpdateTimeInMilliseconds
METHOD	dj	c	(Ljava/lang/String;)Ljava/lang/String;	tryTranslateKey
METHOD	dl	a	()B	getId
METHOD	dl	a	(Ljava/io/DataInput;ILdw;)V	read
METHOD	dl	a	(Ljava/io/DataOutput;)V	write
METHOD	dl	b	()Leb;	copy
METHOD	dl	c	()[B	getByteArray
METHOD	dl	equals	(Ljava/lang/Object;)Z	equals
METHOD	dl	hashCode	()I	hashCode
METHOD	dl	toString	()Ljava/lang/String;	toString
METHOD	dm	a	()B	getId
METHOD	dm	a	(Ljava/io/DataInput;ILdw;)V	read
METHOD	dm	a	(Ljava/io/DataOutput;)V	write
METHOD	dm	b	()Leb;	copy
METHOD	dm	c	()J	getLong
METHOD	dm	d	()I	getInt
METHOD	dm	e	()S	getShort
METHOD	dm	equals	(Ljava/lang/Object;)Z	equals
METHOD	dm	f	()B	getByte
METHOD	dm	g	()D	getDouble
METHOD	dm	h	()F	getFloat
METHOD	dm	hashCode	()I	hashCode
METHOD	dm	toString	()Ljava/lang/String;	toString
METHOD	dn$1	a	()Ljava/lang/String;	call
METHOD	dn$1	call	()Ljava/lang/Object;	call
METHOD	dn$2	a	()Ljava/lang/String;	call
METHOD	dn$2	call	()Ljava/lang/Object;	call
METHOD	dn	a	()B	getId
METHOD	dn	a	(BLjava/lang/String;Ljava/io/DataInput;ILdw;)Leb;	readNBT
METHOD	dn	a	(Ldn;)V	merge
METHOD	dn	a	(Ljava/io/DataInput;ILdw;)V	read
METHOD	dn	a	(Ljava/io/DataInput;Ldw;)B	readType
METHOD	dn	a	(Ljava/io/DataOutput;)V	write
METHOD	dn	a	(Ljava/lang/String;)Leb;	getTag
METHOD	dn	a	(Ljava/lang/String;B)V	setByte
METHOD	dn	a	(Ljava/lang/String;D)V	setDouble
METHOD	dn	a	(Ljava/lang/String;F)V	setFloat
METHOD	dn	a	(Ljava/lang/String;I)V	setInteger
METHOD	dn	a	(Ljava/lang/String;ILjava/lang/ClassCastException;)Lb;	createCrashReport
METHOD	dn	a	(Ljava/lang/String;J)V	setLong
METHOD	dn	a	(Ljava/lang/String;Leb;)V	setTag
METHOD	dn	a	(Ljava/lang/String;Leb;Ljava/io/DataOutput;)V	writeEntry
METHOD	dn	a	(Ljava/lang/String;Ljava/lang/String;)V	setString
METHOD	dn	a	(Ljava/lang/String;S)V	setShort
METHOD	dn	a	(Ljava/lang/String;Z)V	setBoolean
METHOD	dn	a	(Ljava/lang/String;[B)V	setByteArray
METHOD	dn	a	(Ljava/lang/String;[I)V	setIntArray
METHOD	dn	b	()Leb;	copy
METHOD	dn	b	(Ldn;)Ljava/util/Map;	access$000
METHOD	dn	b	(Ljava/io/DataInput;Ldw;)Ljava/lang/String;	readKey
METHOD	dn	b	(Ljava/lang/String;)B	getTagId
METHOD	dn	b	(Ljava/lang/String;I)Z	hasKey
METHOD	dn	c	()Ljava/util/Set;	getKeySet
METHOD	dn	c	(Ljava/lang/String;)Z	hasKey
METHOD	dn	c	(Ljava/lang/String;I)Ldu;	getTagList
METHOD	dn	c_	()Z	hasNoTags
METHOD	dn	d	(Ljava/lang/String;)B	getByte
METHOD	dn	e	(Ljava/lang/String;)S	getShort
METHOD	dn	equals	(Ljava/lang/Object;)Z	equals
METHOD	dn	f	(Ljava/lang/String;)I	getInteger
METHOD	dn	g	(Ljava/lang/String;)J	getLong
METHOD	dn	h	(Ljava/lang/String;)F	getFloat
METHOD	dn	hashCode	()I	hashCode
METHOD	dn	i	(Ljava/lang/String;)D	getDouble
METHOD	dn	j	(Ljava/lang/String;)Ljava/lang/String;	getString
METHOD	dn	k	(Ljava/lang/String;)[B	getByteArray
METHOD	dn	l	(Ljava/lang/String;)[I	getIntArray
METHOD	dn	m	(Ljava/lang/String;)Ldn;	getCompoundTag
METHOD	dn	n	(Ljava/lang/String;)Z	getBoolean
METHOD	dn	o	(Ljava/lang/String;)V	removeTag
METHOD	dn	toString	()Ljava/lang/String;	toString
METHOD	dp	a	()B	getId
METHOD	dp	a	(Ljava/io/DataInput;ILdw;)V	read
METHOD	dp	a	(Ljava/io/DataOutput;)V	write
METHOD	dp	b	()Leb;	copy
METHOD	dp	c	()J	getLong
METHOD	dp	d	()I	getInt
METHOD	dp	e	()S	getShort
METHOD	dp	equals	(Ljava/lang/Object;)Z	equals
METHOD	dp	f	()B	getByte
METHOD	dp	g	()D	getDouble
METHOD	dp	h	()F	getFloat
METHOD	dp	hashCode	()I	hashCode
METHOD	dp	toString	()Ljava/lang/String;	toString
METHOD	dq	a	()B	getId
METHOD	dq	a	(Ljava/io/DataInput;ILdw;)V	read
METHOD	dq	a	(Ljava/io/DataOutput;)V	write
METHOD	dq	b	()Leb;	copy
METHOD	dq	toString	()Ljava/lang/String;	toString
METHOD	dr	a	()B	getId
METHOD	dr	a	(Ljava/io/DataInput;ILdw;)V	read
METHOD	dr	a	(Ljava/io/DataOutput;)V	write
METHOD	dr	b	()Leb;	copy
METHOD	dr	c	()J	getLong
METHOD	dr	d	()I	getInt
METHOD	dr	e	()S	getShort
METHOD	dr	equals	(Ljava/lang/Object;)Z	equals
METHOD	dr	f	()B	getByte
METHOD	dr	g	()D	getDouble
METHOD	dr	h	()F	getFloat
METHOD	dr	hashCode	()I	hashCode
METHOD	dr	toString	()Ljava/lang/String;	toString
METHOD	ds	a	()B	getId
METHOD	ds	a	(Ljava/io/DataInput;ILdw;)V	read
METHOD	ds	a	(Ljava/io/DataOutput;)V	write
METHOD	ds	b	()Leb;	copy
METHOD	ds	c	()[I	getIntArray
METHOD	ds	equals	(Ljava/lang/Object;)Z	equals
METHOD	ds	hashCode	()I	hashCode
METHOD	ds	toString	()Ljava/lang/String;	toString
METHOD	dt	a	()B	getId
METHOD	dt	a	(Ljava/io/DataInput;ILdw;)V	read
METHOD	dt	a	(Ljava/io/DataOutput;)V	write
METHOD	dt	b	()Leb;	copy
METHOD	dt	c	()J	getLong
METHOD	dt	d	()I	getInt
METHOD	dt	e	()S	getShort
METHOD	dt	equals	(Ljava/lang/Object;)Z	equals
METHOD	dt	f	()B	getByte
METHOD	dt	g	()D	getDouble
METHOD	dt	h	()F	getFloat
METHOD	dt	hashCode	()I	hashCode
METHOD	dt	toString	()Ljava/lang/String;	toString
METHOD	du	a	()B	getId
METHOD	du	a	(I)Leb;	removeTag
METHOD	du	a	(ILeb;)V	set
METHOD	du	a	(Leb;)V	appendTag
METHOD	du	a	(Ljava/io/DataInput;ILdw;)V	read
METHOD	du	a	(Ljava/io/DataOutput;)V	write
METHOD	du	b	()Leb;	copy
METHOD	du	b	(I)Ldn;	getCompoundTagAt
METHOD	du	c	()I	tagCount
METHOD	du	c	(I)[I	getIntArrayAt
METHOD	du	c_	()Z	hasNoTags
METHOD	du	d	(I)D	getDoubleAt
METHOD	du	e	(I)F	getFloatAt
METHOD	du	equals	(Ljava/lang/Object;)Z	equals
METHOD	du	f	()I	getTagType
METHOD	du	f	(I)Ljava/lang/String;	getStringTagAt
METHOD	du	g	(I)Leb;	get
METHOD	du	hashCode	()I	hashCode
METHOD	du	toString	()Ljava/lang/String;	toString
METHOD	dv	a	()B	getId
METHOD	dv	a	(Ljava/io/DataInput;ILdw;)V	read
METHOD	dv	a	(Ljava/io/DataOutput;)V	write
METHOD	dv	b	()Leb;	copy
METHOD	dv	c	()J	getLong
METHOD	dv	d	()I	getInt
METHOD	dv	e	()S	getShort
METHOD	dv	equals	(Ljava/lang/Object;)Z	equals
METHOD	dv	f	()B	getByte
METHOD	dv	g	()D	getDouble
METHOD	dv	h	()F	getFloat
METHOD	dv	hashCode	()I	hashCode
METHOD	dv	toString	()Ljava/lang/String;	toString
METHOD	dw$1	a	(J)V	read
METHOD	dw	a	(J)V	read
METHOD	dx	a	(Ldn;Ljava/io/DataOutput;)V	write
METHOD	dx	a	(Ldn;Ljava/io/File;)V	safeWrite
METHOD	dx	a	(Ldn;Ljava/io/OutputStream;)V	writeCompressed
METHOD	dx	a	(Leb;Ljava/io/DataOutput;)V	writeTag
METHOD	dx	a	(Ljava/io/DataInput;ILdw;)Leb;	func_152455_a
METHOD	dx	a	(Ljava/io/DataInput;Ldw;)Ldn;	read
METHOD	dx	a	(Ljava/io/DataInputStream;)Ldn;	read
METHOD	dx	a	(Ljava/io/File;)Ldn;	read
METHOD	dx	a	(Ljava/io/InputStream;)Ldn;	readCompressed
METHOD	dx	b	(Ldn;Ljava/io/File;)V	write
METHOD	dy	a	(Ldn;)Lcom/mojang/authlib/GameProfile;	readGameProfileFromNBT
METHOD	dy	a	(Ldn;Lcom/mojang/authlib/GameProfile;)Ldn;	writeGameProfile
METHOD	dy	a	(Leb;Leb;Z)Z	func_181123_a
METHOD	dz	a	()B	getId
METHOD	dz	a	(Ljava/io/DataInput;ILdw;)V	read
METHOD	dz	a	(Ljava/io/DataOutput;)V	write
METHOD	dz	b	()Leb;	copy
METHOD	dz	c	()J	getLong
METHOD	dz	d	()I	getInt
METHOD	dz	e	()S	getShort
METHOD	dz	equals	(Ljava/lang/Object;)Z	equals
METHOD	dz	f	()B	getByte
METHOD	dz	g	()D	getDouble
METHOD	dz	h	()F	getFloat
METHOD	dz	hashCode	()I	hashCode
METHOD	dz	toString	()Ljava/lang/String;	toString
METHOD	e	a	()Lb;	getCrashReport
METHOD	e	getCause	()Ljava/lang/Throwable;	getCause
METHOD	e	getMessage	()Ljava/lang/String;	getMessage
METHOD	ea	a	()B	getId
METHOD	ea	a	(Ljava/io/DataInput;ILdw;)V	read
METHOD	ea	a	(Ljava/io/DataOutput;)V	write
METHOD	ea	a_	()Ljava/lang/String;	getString
METHOD	ea	b	()Leb;	copy
METHOD	ea	c_	()Z	hasNoTags
METHOD	ea	equals	(Ljava/lang/Object;)Z	equals
METHOD	ea	hashCode	()I	hashCode
METHOD	ea	toString	()Ljava/lang/String;	toString
METHOD	eb$a	c	()J	getLong
METHOD	eb$a	d	()I	getInt
METHOD	eb$a	e	()S	getShort
METHOD	eb$a	f	()B	getByte
METHOD	eb$a	g	()D	getDouble
METHOD	eb$a	h	()F	getFloat
METHOD	eb	a	()B	getId
METHOD	eb	a	(B)Leb;	createNewByType
METHOD	eb	a	(Ljava/io/DataInput;ILdw;)V	read
METHOD	eb	a	(Ljava/io/DataOutput;)V	write
METHOD	eb	a_	()Ljava/lang/String;	getString
METHOD	eb	b	()Leb;	copy
METHOD	eb	c_	()Z	hasNoTags
METHOD	eb	equals	(Ljava/lang/Object;)Z	equals
METHOD	eb	hashCode	()I	hashCode
METHOD	eb	toString	()Ljava/lang/String;	toString
METHOD	ed$a	a	()Leb;	parse
METHOD	ed$b	a	()Leb;	parse
METHOD	ed$c	a	()Leb;	parse
METHOD	ed$d	a	()Leb;	parse
METHOD	ed	a	(Ljava/lang/String;)Ldn;	getTagFromJson
METHOD	ed	a	(Ljava/lang/String;C)I	func_150312_a
METHOD	ed	a	(Ljava/lang/String;I)Ljava/lang/String;	func_179269_a
METHOD	ed	a	(Ljava/lang/String;Ljava/lang/String;)Led$a;	func_150316_a
METHOD	ed	a	(Ljava/lang/String;Z)Led$a;	func_179270_a
METHOD	ed	a	([Ljava/lang/String;)Led$a;	func_179272_a
METHOD	ed	b	(Ljava/lang/String;)I	func_150310_b
METHOD	ed	b	(Ljava/lang/String;I)Z	func_179271_b
METHOD	ed	b	(Ljava/lang/String;Z)Ljava/lang/String;	func_150314_a
METHOD	ed	c	(Ljava/lang/String;Z)Ljava/lang/String;	func_150313_b
METHOD	ed	d	(Ljava/lang/String;Z)Ljava/lang/String;	func_150311_c
METHOD	ef	a	(Lio/netty/buffer/ByteBuf;)[B	func_150502_a
METHOD	ef	a	(Lio/netty/buffer/ByteBuf;Lio/netty/buffer/ByteBuf;)V	cipher
METHOD	ef	a	(Lio/netty/channel/ChannelHandlerContext;Lio/netty/buffer/ByteBuf;)Lio/netty/buffer/ByteBuf;	decipher
METHOD	eg	a	(Lio/netty/channel/ChannelHandlerContext;Lio/netty/buffer/ByteBuf;Ljava/util/List;)V	decode
METHOD	eg	decode	(Lio/netty/channel/ChannelHandlerContext;Ljava/lang/Object;Ljava/util/List;)V	decode
METHOD	eh	a	(Lio/netty/channel/ChannelHandlerContext;Lio/netty/buffer/ByteBuf;Lio/netty/buffer/ByteBuf;)V	encode
METHOD	eh	encode	(Lio/netty/channel/ChannelHandlerContext;Ljava/lang/Object;Lio/netty/buffer/ByteBuf;)V	encode
METHOD	ei	a	(I)V	setCompressionTreshold
METHOD	ei	decode	(Lio/netty/channel/ChannelHandlerContext;Lio/netty/buffer/ByteBuf;Ljava/util/List;)V	decode
METHOD	ej	a	(I)V	setCompressionTreshold
METHOD	ej	a	(Lio/netty/channel/ChannelHandlerContext;Lio/netty/buffer/ByteBuf;Lio/netty/buffer/ByteBuf;)V	encode
METHOD	ej	encode	(Lio/netty/channel/ChannelHandlerContext;Ljava/lang/Object;Lio/netty/buffer/ByteBuf;)V	encode
METHOD	ek$1	a	()Lio/netty/channel/nio/NioEventLoopGroup;	load
METHOD	ek$1	b	()Ljava/lang/Object;	load
METHOD	ek$2	a	()Lio/netty/channel/epoll/EpollEventLoopGroup;	load
METHOD	ek$2	b	()Ljava/lang/Object;	load
METHOD	ek$3	a	()Lio/netty/channel/local/LocalEventLoopGroup;	load
METHOD	ek$3	b	()Ljava/lang/Object;	load
METHOD	ek$4	run	()V	run
METHOD	ek$5	initChannel	(Lio/netty/channel/Channel;)V	initChannel
METHOD	ek$6	initChannel	(Lio/netty/channel/Channel;)V	initChannel
METHOD	ek$a	a	(Lek$a;)Lff;	access$100
METHOD	ek$a	b	(Lek$a;)[Lio/netty/util/concurrent/GenericFutureListener;	access$200
METHOD	ek	a	()V	processReceivedPackets
METHOD	ek	a	(I)V	setCompressionTreshold
METHOD	ek	a	(Lek;)Lio/netty/channel/Channel;	access$000
METHOD	ek	a	(Lel;)V	setConnectionState
METHOD	ek	a	(Lep;)V	setNetHandler
METHOD	ek	a	(Leu;)V	closeChannel
METHOD	ek	a	(Lff;)V	sendPacket
METHOD	ek	a	(Lff;Lio/netty/util/concurrent/GenericFutureListener;[Lio/netty/util/concurrent/GenericFutureListener;)V	sendPacket
METHOD	ek	a	(Lff;[Lio/netty/util/concurrent/GenericFutureListener;)V	dispatchPacket
METHOD	ek	a	(Lio/netty/channel/ChannelHandlerContext;Lff;)V	channelRead0
METHOD	ek	a	(Ljava/net/InetAddress;IZ)Lek;	createNetworkManagerAndConnect
METHOD	ek	a	(Ljava/net/SocketAddress;)Lek;	provideLocalClient
METHOD	ek	a	(Ljavax/crypto/SecretKey;)V	enableEncryption
METHOD	ek	b	()Ljava/net/SocketAddress;	getRemoteAddress
METHOD	ek	c	()Z	isLocalChannel
METHOD	ek	channelActive	(Lio/netty/channel/ChannelHandlerContext;)V	channelActive
METHOD	ek	channelInactive	(Lio/netty/channel/ChannelHandlerContext;)V	channelInactive
METHOD	ek	channelRead0	(Lio/netty/channel/ChannelHandlerContext;Ljava/lang/Object;)V	channelRead0
METHOD	ek	exceptionCaught	(Lio/netty/channel/ChannelHandlerContext;Ljava/lang/Throwable;)V	exceptionCaught
METHOD	ek	f	()Z	getIsencrypted
METHOD	ek	g	()Z	isChannelOpen
METHOD	ek	h	()Z	hasNoChannel
METHOD	ek	i	()Lep;	getNetHandler
METHOD	ek	j	()Leu;	getExitMessage
METHOD	ek	k	()V	disableAutoRead
METHOD	ek	l	()V	checkDisconnected
METHOD	ek	m	()V	flushOutboundQueue
METHOD	el	a	()I	getId
METHOD	el	a	(I)Lel;	getById
METHOD	el	a	(Lff;)Lel;	getFromPacket
METHOD	el	a	(Lfg;I)Lff;	getPacket
METHOD	el	a	(Lfg;Lff;)Ljava/lang/Integer;	getPacketId
METHOD	el	a	(Lfg;Ljava/lang/Class;)Lel;	registerPacket
METHOD	el	values	()[Lel;	values
METHOD	em	a	()[B	readByteArray
METHOD	em	a	(I)I	getVarIntSize
METHOD	em	a	(Lcj;)V	writeBlockPos
METHOD	em	a	(Ldn;)V	writeNBTTagCompoundToBuffer
METHOD	em	a	(Leu;)V	writeChatComponent
METHOD	em	a	(Ljava/lang/Class;)Ljava/lang/Enum;	readEnumValue
METHOD	em	a	(Ljava/lang/Enum;)V	writeEnumValue
METHOD	em	a	(Ljava/lang/String;)Lem;	writeString
METHOD	em	a	(Ljava/util/UUID;)V	writeUuid
METHOD	em	a	(Lzx;)V	writeItemStackToBuffer
METHOD	em	a	([B)V	writeByteArray
METHOD	em	alloc	()Lio/netty/buffer/ByteBufAllocator;	alloc
METHOD	em	array	()[B	array
METHOD	em	arrayOffset	()I	arrayOffset
METHOD	em	b	(I)V	writeVarIntToBuffer
METHOD	em	b	(J)V	writeVarLong
METHOD	em	bytesBefore	(B)I	bytesBefore
METHOD	em	bytesBefore	(IB)I	bytesBefore
METHOD	em	bytesBefore	(IIB)I	bytesBefore
METHOD	em	c	()Lcj;	readBlockPos
METHOD	em	c	(I)Ljava/lang/String;	readStringFromBuffer
METHOD	em	capacity	()I	capacity
METHOD	em	capacity	(I)Lio/netty/buffer/ByteBuf;	capacity
METHOD	em	clear	()Lio/netty/buffer/ByteBuf;	clear
METHOD	em	compareTo	(Lio/netty/buffer/ByteBuf;)I	compareTo
METHOD	em	compareTo	(Ljava/lang/Object;)I	compareTo
METHOD	em	copy	()Lio/netty/buffer/ByteBuf;	copy
METHOD	em	copy	(II)Lio/netty/buffer/ByteBuf;	copy
METHOD	em	d	()Leu;	readChatComponent
METHOD	em	discardReadBytes	()Lio/netty/buffer/ByteBuf;	discardReadBytes
METHOD	em	discardSomeReadBytes	()Lio/netty/buffer/ByteBuf;	discardSomeReadBytes
METHOD	em	duplicate	()Lio/netty/buffer/ByteBuf;	duplicate
METHOD	em	e	()I	readVarIntFromBuffer
METHOD	em	ensureWritable	(I)Lio/netty/buffer/ByteBuf;	ensureWritable
METHOD	em	ensureWritable	(IZ)I	ensureWritable
METHOD	em	equals	(Ljava/lang/Object;)Z	equals
METHOD	em	f	()J	readVarLong
METHOD	em	forEachByte	(IILio/netty/buffer/ByteBufProcessor;)I	forEachByte
METHOD	em	forEachByte	(Lio/netty/buffer/ByteBufProcessor;)I	forEachByte
METHOD	em	forEachByteDesc	(IILio/netty/buffer/ByteBufProcessor;)I	forEachByteDesc
METHOD	em	forEachByteDesc	(Lio/netty/buffer/ByteBufProcessor;)I	forEachByteDesc
METHOD	em	g	()Ljava/util/UUID;	readUuid
METHOD	em	getBoolean	(I)Z	getBoolean
METHOD	em	getByte	(I)B	getByte
METHOD	em	getBytes	(ILio/netty/buffer/ByteBuf;)Lio/netty/buffer/ByteBuf;	getBytes
METHOD	em	getBytes	(ILio/netty/buffer/ByteBuf;I)Lio/netty/buffer/ByteBuf;	getBytes
METHOD	em	getBytes	(ILio/netty/buffer/ByteBuf;II)Lio/netty/buffer/ByteBuf;	getBytes
METHOD	em	getBytes	(ILjava/io/OutputStream;I)Lio/netty/buffer/ByteBuf;	getBytes
METHOD	em	getBytes	(ILjava/nio/ByteBuffer;)Lio/netty/buffer/ByteBuf;	getBytes
METHOD	em	getBytes	(ILjava/nio/channels/GatheringByteChannel;I)I	getBytes
METHOD	em	getBytes	(I[B)Lio/netty/buffer/ByteBuf;	getBytes
METHOD	em	getBytes	(I[BII)Lio/netty/buffer/ByteBuf;	getBytes
METHOD	em	getChar	(I)C	getChar
METHOD	em	getDouble	(I)D	getDouble
METHOD	em	getFloat	(I)F	getFloat
METHOD	em	getInt	(I)I	getInt
METHOD	em	getLong	(I)J	getLong
METHOD	em	getMedium	(I)I	getMedium
METHOD	em	getShort	(I)S	getShort
METHOD	em	getUnsignedByte	(I)S	getUnsignedByte
METHOD	em	getUnsignedInt	(I)J	getUnsignedInt
METHOD	em	getUnsignedMedium	(I)I	getUnsignedMedium
METHOD	em	getUnsignedShort	(I)I	getUnsignedShort
METHOD	em	h	()Ldn;	readNBTTagCompoundFromBuffer
METHOD	em	hasArray	()Z	hasArray
METHOD	em	hasMemoryAddress	()Z	hasMemoryAddress
METHOD	em	hashCode	()I	hashCode
METHOD	em	i	()Lzx;	readItemStackFromBuffer
METHOD	em	indexOf	(IIB)I	indexOf
METHOD	em	internalNioBuffer	(II)Ljava/nio/ByteBuffer;	internalNioBuffer
METHOD	em	isDirect	()Z	isDirect
METHOD	em	isReadable	()Z	isReadable
METHOD	em	isReadable	(I)Z	isReadable
METHOD	em	isWritable	()Z	isWritable
METHOD	em	isWritable	(I)Z	isWritable
METHOD	em	markReaderIndex	()Lio/netty/buffer/ByteBuf;	markReaderIndex
METHOD	em	markWriterIndex	()Lio/netty/buffer/ByteBuf;	markWriterIndex
METHOD	em	maxCapacity	()I	maxCapacity
METHOD	em	maxWritableBytes	()I	maxWritableBytes
METHOD	em	memoryAddress	()J	memoryAddress
METHOD	em	nioBuffer	()Ljava/nio/ByteBuffer;	nioBuffer
METHOD	em	nioBuffer	(II)Ljava/nio/ByteBuffer;	nioBuffer
METHOD	em	nioBufferCount	()I	nioBufferCount
METHOD	em	nioBuffers	()[Ljava/nio/ByteBuffer;	nioBuffers
METHOD	em	nioBuffers	(II)[Ljava/nio/ByteBuffer;	nioBuffers
METHOD	em	order	()Ljava/nio/ByteOrder;	order
METHOD	em	order	(Ljava/nio/ByteOrder;)Lio/netty/buffer/ByteBuf;	order
METHOD	em	readBoolean	()Z	readBoolean
METHOD	em	readByte	()B	readByte
METHOD	em	readBytes	(I)Lio/netty/buffer/ByteBuf;	readBytes
METHOD	em	readBytes	(Lio/netty/buffer/ByteBuf;)Lio/netty/buffer/ByteBuf;	readBytes
METHOD	em	readBytes	(Lio/netty/buffer/ByteBuf;I)Lio/netty/buffer/ByteBuf;	readBytes
METHOD	em	readBytes	(Lio/netty/buffer/ByteBuf;II)Lio/netty/buffer/ByteBuf;	readBytes
METHOD	em	readBytes	(Ljava/io/OutputStream;I)Lio/netty/buffer/ByteBuf;	readBytes
METHOD	em	readBytes	(Ljava/nio/ByteBuffer;)Lio/netty/buffer/ByteBuf;	readBytes
METHOD	em	readBytes	(Ljava/nio/channels/GatheringByteChannel;I)I	readBytes
METHOD	em	readBytes	([B)Lio/netty/buffer/ByteBuf;	readBytes
METHOD	em	readBytes	([BII)Lio/netty/buffer/ByteBuf;	readBytes
METHOD	em	readChar	()C	readChar
METHOD	em	readDouble	()D	readDouble
METHOD	em	readFloat	()F	readFloat
METHOD	em	readInt	()I	readInt
METHOD	em	readLong	()J	readLong
METHOD	em	readMedium	()I	readMedium
METHOD	em	readShort	()S	readShort
METHOD	em	readSlice	(I)Lio/netty/buffer/ByteBuf;	readSlice
METHOD	em	readUnsignedByte	()S	readUnsignedByte
METHOD	em	readUnsignedInt	()J	readUnsignedInt
METHOD	em	readUnsignedMedium	()I	readUnsignedMedium
METHOD	em	readUnsignedShort	()I	readUnsignedShort
METHOD	em	readableBytes	()I	readableBytes
METHOD	em	readerIndex	()I	readerIndex
METHOD	em	readerIndex	(I)Lio/netty/buffer/ByteBuf;	readerIndex
METHOD	em	refCnt	()I	refCnt
METHOD	em	release	()Z	release
METHOD	em	release	(I)Z	release
METHOD	em	resetReaderIndex	()Lio/netty/buffer/ByteBuf;	resetReaderIndex
METHOD	em	resetWriterIndex	()Lio/netty/buffer/ByteBuf;	resetWriterIndex
METHOD	em	retain	()Lio/netty/buffer/ByteBuf;	retain
METHOD	em	retain	()Lio/netty/util/ReferenceCounted;	retain
METHOD	em	retain	(I)Lio/netty/buffer/ByteBuf;	retain
METHOD	em	retain	(I)Lio/netty/util/ReferenceCounted;	retain
METHOD	em	setBoolean	(IZ)Lio/netty/buffer/ByteBuf;	setBoolean
METHOD	em	setByte	(II)Lio/netty/buffer/ByteBuf;	setByte
METHOD	em	setBytes	(ILio/netty/buffer/ByteBuf;)Lio/netty/buffer/ByteBuf;	setBytes
METHOD	em	setBytes	(ILio/netty/buffer/ByteBuf;I)Lio/netty/buffer/ByteBuf;	setBytes
METHOD	em	setBytes	(ILio/netty/buffer/ByteBuf;II)Lio/netty/buffer/ByteBuf;	setBytes
METHOD	em	setBytes	(ILjava/io/InputStream;I)I	setBytes
METHOD	em	setBytes	(ILjava/nio/ByteBuffer;)Lio/netty/buffer/ByteBuf;	setBytes
METHOD	em	setBytes	(ILjava/nio/channels/ScatteringByteChannel;I)I	setBytes
METHOD	em	setBytes	(I[B)Lio/netty/buffer/ByteBuf;	setBytes
METHOD	em	setBytes	(I[BII)Lio/netty/buffer/ByteBuf;	setBytes
METHOD	em	setChar	(II)Lio/netty/buffer/ByteBuf;	setChar
METHOD	em	setDouble	(ID)Lio/netty/buffer/ByteBuf;	setDouble
METHOD	em	setFloat	(IF)Lio/netty/buffer/ByteBuf;	setFloat
METHOD	em	setIndex	(II)Lio/netty/buffer/ByteBuf;	setIndex
METHOD	em	setInt	(II)Lio/netty/buffer/ByteBuf;	setInt
METHOD	em	setLong	(IJ)Lio/netty/buffer/ByteBuf;	setLong
METHOD	em	setMedium	(II)Lio/netty/buffer/ByteBuf;	setMedium
METHOD	em	setShort	(II)Lio/netty/buffer/ByteBuf;	setShort
METHOD	em	setZero	(II)Lio/netty/buffer/ByteBuf;	setZero
METHOD	em	skipBytes	(I)Lio/netty/buffer/ByteBuf;	skipBytes
METHOD	em	slice	()Lio/netty/buffer/ByteBuf;	slice
METHOD	em	slice	(II)Lio/netty/buffer/ByteBuf;	slice
METHOD	em	toString	()Ljava/lang/String;	toString
METHOD	em	toString	(IILjava/nio/charset/Charset;)Ljava/lang/String;	toString
METHOD	em	toString	(Ljava/nio/charset/Charset;)Ljava/lang/String;	toString
METHOD	em	unwrap	()Lio/netty/buffer/ByteBuf;	unwrap
METHOD	em	writableBytes	()I	writableBytes
METHOD	em	writeBoolean	(Z)Lio/netty/buffer/ByteBuf;	writeBoolean
METHOD	em	writeByte	(I)Lio/netty/buffer/ByteBuf;	writeByte
METHOD	em	writeBytes	(Lio/netty/buffer/ByteBuf;)Lio/netty/buffer/ByteBuf;	writeBytes
METHOD	em	writeBytes	(Lio/netty/buffer/ByteBuf;I)Lio/netty/buffer/ByteBuf;	writeBytes
METHOD	em	writeBytes	(Lio/netty/buffer/ByteBuf;II)Lio/netty/buffer/ByteBuf;	writeBytes
METHOD	em	writeBytes	(Ljava/io/InputStream;I)I	writeBytes
METHOD	em	writeBytes	(Ljava/nio/ByteBuffer;)Lio/netty/buffer/ByteBuf;	writeBytes
METHOD	em	writeBytes	(Ljava/nio/channels/ScatteringByteChannel;I)I	writeBytes
METHOD	em	writeBytes	([B)Lio/netty/buffer/ByteBuf;	writeBytes
METHOD	em	writeBytes	([BII)Lio/netty/buffer/ByteBuf;	writeBytes
METHOD	em	writeChar	(I)Lio/netty/buffer/ByteBuf;	writeChar
METHOD	em	writeDouble	(D)Lio/netty/buffer/ByteBuf;	writeDouble
METHOD	em	writeFloat	(F)Lio/netty/buffer/ByteBuf;	writeFloat
METHOD	em	writeInt	(I)Lio/netty/buffer/ByteBuf;	writeInt
METHOD	em	writeLong	(J)Lio/netty/buffer/ByteBuf;	writeLong
METHOD	em	writeMedium	(I)Lio/netty/buffer/ByteBuf;	writeMedium
METHOD	em	writeShort	(I)Lio/netty/buffer/ByteBuf;	writeShort
METHOD	em	writeZero	(I)Lio/netty/buffer/ByteBuf;	writeZero
METHOD	em	writerIndex	()I	writerIndex
METHOD	em	writerIndex	(I)Lio/netty/buffer/ByteBuf;	writerIndex
METHOD	en	decode	(Lio/netty/channel/ChannelHandlerContext;Lio/netty/buffer/ByteBuf;Ljava/util/List;)V	decode
METHOD	eo	a	(Lio/netty/channel/ChannelHandlerContext;Lff;Lio/netty/buffer/ByteBuf;)V	encode
METHOD	eo	encode	(Lio/netty/channel/ChannelHandlerContext;Ljava/lang/Object;Lio/netty/buffer/ByteBuf;)V	encode
METHOD	ep	a	(Leu;)V	onDisconnect
METHOD	eq	decode	(Lio/netty/channel/ChannelHandlerContext;Lio/netty/buffer/ByteBuf;Ljava/util/List;)V	decode
METHOD	er	a	(Lio/netty/channel/ChannelHandlerContext;Lio/netty/buffer/ByteBuf;Lio/netty/buffer/ByteBuf;)V	encode
METHOD	er	encode	(Lio/netty/channel/ChannelHandlerContext;Ljava/lang/Object;Lio/netty/buffer/ByteBuf;)V	encode
METHOD	es$1	a	(Leu;)Ljava/util/Iterator;	apply
METHOD	es$1	apply	(Ljava/lang/Object;)Ljava/lang/Object;	apply
METHOD	es$2	a	(Leu;)Leu;	apply
METHOD	es$2	apply	(Ljava/lang/Object;)Ljava/lang/Object;	apply
METHOD	es	a	()Ljava/util/List;	getSiblings
METHOD	es	a	(Leu;)Leu;	appendSibling
METHOD	es	a	(Lez;)Leu;	setChatStyle
METHOD	es	a	(Ljava/lang/Iterable;)Ljava/util/Iterator;	createDeepCopyIterator
METHOD	es	a	(Ljava/lang/String;)Leu;	appendText
METHOD	es	b	()Lez;	getChatStyle
METHOD	es	c	()Ljava/lang/String;	getUnformattedText
METHOD	es	d	()Ljava/lang/String;	getFormattedText
METHOD	es	equals	(Ljava/lang/Object;)Z	equals
METHOD	es	hashCode	()I	hashCode
METHOD	es	iterator	()Ljava/util/Iterator;	iterator
METHOD	es	toString	()Ljava/lang/String;	toString
METHOD	et$a	a	()Z	shouldAllowInChat
METHOD	et$a	a	(Ljava/lang/String;)Let$a;	getValueByCanonicalName
METHOD	et$a	b	()Ljava/lang/String;	getCanonicalName
METHOD	et$a	values	()[Let$a;	values
METHOD	et	a	()Let$a;	getAction
METHOD	et	b	()Ljava/lang/String;	getValue
METHOD	et	equals	(Ljava/lang/Object;)Z	equals
METHOD	et	hashCode	()I	hashCode
METHOD	et	toString	()Ljava/lang/String;	toString
METHOD	eu$a	a	(Lcom/google/gson/JsonElement;Ljava/lang/reflect/Type;Lcom/google/gson/JsonDeserializationContext;)Leu;	deserialize
METHOD	eu$a	a	(Leu;)Ljava/lang/String;	componentToJson
METHOD	eu$a	a	(Leu;Ljava/lang/reflect/Type;Lcom/google/gson/JsonSerializationContext;)Lcom/google/gson/JsonElement;	serialize
METHOD	eu$a	a	(Lez;Lcom/google/gson/JsonObject;Lcom/google/gson/JsonSerializationContext;)V	serializeChatStyle
METHOD	eu$a	a	(Ljava/lang/String;)Leu;	jsonToComponent
METHOD	eu$a	deserialize	(Lcom/google/gson/JsonElement;Ljava/lang/reflect/Type;Lcom/google/gson/JsonDeserializationContext;)Ljava/lang/Object;	deserialize
METHOD	eu$a	serialize	(Ljava/lang/Object;Ljava/lang/reflect/Type;Lcom/google/gson/JsonSerializationContext;)Lcom/google/gson/JsonElement;	serialize
METHOD	eu	a	()Ljava/util/List;	getSiblings
METHOD	eu	a	(Leu;)Leu;	appendSibling
METHOD	eu	a	(Lez;)Leu;	setChatStyle
METHOD	eu	a	(Ljava/lang/String;)Leu;	appendText
METHOD	eu	b	()Lez;	getChatStyle
METHOD	eu	c	()Ljava/lang/String;	getUnformattedText
METHOD	eu	d	()Ljava/lang/String;	getFormattedText
METHOD	eu	e	()Ljava/lang/String;	getUnformattedTextForChat
METHOD	eu	f	()Leu;	createCopy
METHOD	ev	a	(Lm;Leu;Lpk;)Leu;	processComponent
METHOD	ew$a	a	()Z	shouldAllowInChat
METHOD	ew$a	a	(Ljava/lang/String;)Lew$a;	getValueByCanonicalName
METHOD	ew$a	b	()Ljava/lang/String;	getCanonicalName
METHOD	ew$a	values	()[Lew$a;	values
METHOD	ew	a	()Lew$a;	getAction
METHOD	ew	b	()Leu;	getValue
METHOD	ew	equals	(Ljava/lang/Object;)Z	equals
METHOD	ew	hashCode	()I	hashCode
METHOD	ew	toString	()Ljava/lang/String;	toString
METHOD	ex	b	(Ljava/lang/String;)V	setValue
METHOD	ex	e	()Ljava/lang/String;	getUnformattedTextForChat
METHOD	ex	equals	(Ljava/lang/Object;)Z	equals
METHOD	ex	f	()Leu;	createCopy
METHOD	ex	g	()Ljava/lang/String;	getName
METHOD	ex	h	()Ljava/lang/String;	getObjective
METHOD	ex	i	()Lex;	createCopy
METHOD	ex	toString	()Ljava/lang/String;	toString
METHOD	ey	e	()Ljava/lang/String;	getUnformattedTextForChat
METHOD	ey	equals	(Ljava/lang/Object;)Z	equals
METHOD	ey	f	()Leu;	createCopy
METHOD	ey	g	()Ljava/lang/String;	getSelector
METHOD	ey	h	()Ley;	createCopy
METHOD	ey	toString	()Ljava/lang/String;	toString
METHOD	ez$1	a	()La;	getColor
METHOD	ez$1	a	(La;)Lez;	setColor
METHOD	ez$1	a	(Let;)Lez;	setChatClickEvent
METHOD	ez$1	a	(Lew;)Lez;	setChatHoverEvent
METHOD	ez$1	a	(Lez;)Lez;	setParentStyle
METHOD	ez$1	a	(Ljava/lang/Boolean;)Lez;	setBold
METHOD	ez$1	b	()Z	getBold
METHOD	ez$1	b	(Ljava/lang/Boolean;)Lez;	setItalic
METHOD	ez$1	c	()Z	getItalic
METHOD	ez$1	c	(Ljava/lang/Boolean;)Lez;	setStrikethrough
METHOD	ez$1	d	()Z	getStrikethrough
METHOD	ez$1	d	(Ljava/lang/Boolean;)Lez;	setUnderlined
METHOD	ez$1	e	()Z	getUnderlined
METHOD	ez$1	e	(Ljava/lang/Boolean;)Lez;	setObfuscated
METHOD	ez$1	f	()Z	getObfuscated
METHOD	ez$1	h	()Let;	getChatClickEvent
METHOD	ez$1	i	()Lew;	getChatHoverEvent
METHOD	ez$1	j	()Ljava/lang/String;	getInsertion
METHOD	ez$1	k	()Ljava/lang/String;	getFormattingCode
METHOD	ez$1	m	()Lez;	createShallowCopy
METHOD	ez$1	n	()Lez;	createDeepCopy
METHOD	ez$1	toString	()Ljava/lang/String;	toString
METHOD	ez$a	a	(Lcom/google/gson/JsonElement;Ljava/lang/reflect/Type;Lcom/google/gson/JsonDeserializationContext;)Lez;	deserialize
METHOD	ez$a	a	(Lez;Ljava/lang/reflect/Type;Lcom/google/gson/JsonSerializationContext;)Lcom/google/gson/JsonElement;	serialize
METHOD	ez$a	deserialize	(Lcom/google/gson/JsonElement;Ljava/lang/reflect/Type;Lcom/google/gson/JsonDeserializationContext;)Ljava/lang/Object;	deserialize
METHOD	ez$a	serialize	(Ljava/lang/Object;Ljava/lang/reflect/Type;Lcom/google/gson/JsonSerializationContext;)Lcom/google/gson/JsonElement;	serialize
METHOD	ez	a	()La;	getColor
METHOD	ez	a	(La;)Lez;	setColor
METHOD	ez	a	(Let;)Lez;	setChatClickEvent
METHOD	ez	a	(Lew;)Lez;	setChatHoverEvent
METHOD	ez	a	(Lez;)Lez;	setParentStyle
METHOD	ez	a	(Lez;La;)La;	access$502
METHOD	ez	a	(Lez;Let;)Let;	access$702
METHOD	ez	a	(Lez;Lew;)Lew;	access$802
METHOD	ez	a	(Lez;Ljava/lang/Boolean;)Ljava/lang/Boolean;	access$002
METHOD	ez	a	(Lez;Ljava/lang/String;)Ljava/lang/String;	access$602
METHOD	ez	a	(Ljava/lang/Boolean;)Lez;	setBold
METHOD	ez	a	(Ljava/lang/String;)Lez;	setInsertion
METHOD	ez	b	()Z	getBold
METHOD	ez	b	(Lez;)Ljava/lang/Boolean;	access$000
METHOD	ez	b	(Lez;Ljava/lang/Boolean;)Ljava/lang/Boolean;	access$102
METHOD	ez	b	(Ljava/lang/Boolean;)Lez;	setItalic
METHOD	ez	c	()Z	getItalic
METHOD	ez	c	(Lez;)Ljava/lang/Boolean;	access$100
METHOD	ez	c	(Lez;Ljava/lang/Boolean;)Ljava/lang/Boolean;	access$202
METHOD	ez	c	(Ljava/lang/Boolean;)Lez;	setStrikethrough
METHOD	ez	d	()Z	getStrikethrough
METHOD	ez	d	(Lez;)Ljava/lang/Boolean;	access$200
METHOD	ez	d	(Lez;Ljava/lang/Boolean;)Ljava/lang/Boolean;	access$302
METHOD	ez	d	(Ljava/lang/Boolean;)Lez;	setUnderlined
METHOD	ez	e	()Z	getUnderlined
METHOD	ez	e	(Lez;)Ljava/lang/Boolean;	access$300
METHOD	ez	e	(Lez;Ljava/lang/Boolean;)Ljava/lang/Boolean;	access$402
METHOD	ez	e	(Ljava/lang/Boolean;)Lez;	setObfuscated
METHOD	ez	equals	(Ljava/lang/Object;)Z	equals
METHOD	ez	f	()Z	getObfuscated
METHOD	ez	f	(Lez;)Ljava/lang/Boolean;	access$400
METHOD	ez	g	()Z	isEmpty
METHOD	ez	g	(Lez;)La;	access$500
METHOD	ez	h	()Let;	getChatClickEvent
METHOD	ez	h	(Lez;)Ljava/lang/String;	access$600
METHOD	ez	hashCode	()I	hashCode
METHOD	ez	i	()Lew;	getChatHoverEvent
METHOD	ez	i	(Lez;)Let;	access$700
METHOD	ez	j	()Ljava/lang/String;	getInsertion
METHOD	ez	j	(Lez;)Lew;	access$800
METHOD	ez	k	()Ljava/lang/String;	getFormattingCode
METHOD	ez	m	()Lez;	createShallowCopy
METHOD	ez	n	()Lez;	createDeepCopy
METHOD	ez	o	()Lez;	getParent
METHOD	ez	toString	()Ljava/lang/String;	toString
METHOD	f	a	(C)Z	isAllowedCharacter
METHOD	f	a	(Ljava/lang/String;)Ljava/lang/String;	filterAllowedCharacters
METHOD	fa	e	()Ljava/lang/String;	getUnformattedTextForChat
METHOD	fa	equals	(Ljava/lang/Object;)Z	equals
METHOD	fa	f	()Leu;	createCopy
METHOD	fa	g	()Ljava/lang/String;	getChatComponentText_TextValue
METHOD	fa	h	()Lfa;	createCopy
METHOD	fa	toString	()Ljava/lang/String;	toString
METHOD	fb	a	(I)Leu;	getFormatArgumentAsComponent
METHOD	fb	a	(Lez;)Leu;	setChatStyle
METHOD	fb	b	(Ljava/lang/String;)V	initializeFromFormat
METHOD	fb	e	()Ljava/lang/String;	getUnformattedTextForChat
METHOD	fb	equals	(Ljava/lang/Object;)Z	equals
METHOD	fb	f	()Leu;	createCopy
METHOD	fb	g	()V	ensureInitialized
METHOD	fb	h	()Lfb;	createCopy
METHOD	fb	hashCode	()I	hashCode
METHOD	fb	i	()Ljava/lang/String;	getKey
METHOD	fb	iterator	()Ljava/util/Iterator;	iterator
METHOD	fb	j	()[Ljava/lang/Object;	getFormatArgs
METHOD	fb	toString	()Ljava/lang/String;	toString
METHOD	ff	a	(Lem;)V	readPacketData
METHOD	ff	a	(Lep;)V	processPacket
METHOD	ff	b	(Lem;)V	writePacketData
METHOD	fg	values	()[Lfg;	values
METHOD	fh$1	run	()V	run
METHOD	fh	a	(Lff;Lep;Lod;)V	checkThreadAndEnqueue
METHOD	fi$a	a	()I	func_180055_a
METHOD	fi$a	a	(I)Ljava/util/Set;	func_180053_a
METHOD	fi$a	a	(Ljava/util/Set;)I	func_180056_a
METHOD	fi$a	b	(I)Z	func_180054_b
METHOD	fi$a	values	()[Lfi$a;	values
METHOD	fi	a	()D	getX
METHOD	fi	a	(Lem;)V	readPacketData
METHOD	fi	a	(Lep;)V	processPacket
METHOD	fi	a	(Lfj;)V	processPacket
METHOD	fi	b	()D	getY
METHOD	fi	b	(Lem;)V	writePacketData
METHOD	fi	c	()D	getZ
METHOD	fi	d	()F	getYaw
METHOD	fi	e	()F	getPitch
METHOD	fi	f	()Ljava/util/Set;	func_179834_f
METHOD	fj	a	(Lfi;)V	handlePlayerPosLook
METHOD	fj	a	(Lfk;)V	handleSpawnObject
METHOD	fj	a	(Lfl;)V	handleSpawnExperienceOrb
METHOD	fj	a	(Lfm;)V	handleSpawnGlobalEntity
METHOD	fj	a	(Lfn;)V	handleSpawnMob
METHOD	fj	a	(Lfo;)V	handleSpawnPainting
METHOD	fj	a	(Lfp;)V	handleSpawnPlayer
METHOD	fj	a	(Lfq;)V	handleAnimation
METHOD	fj	a	(Lfr;)V	handleStatistics
METHOD	fj	a	(Lfs;)V	handleBlockBreakAnim
METHOD	fj	a	(Lft;)V	handleUpdateTileEntity
METHOD	fj	a	(Lfu;)V	handleBlockAction
METHOD	fj	a	(Lfv;)V	handleBlockChange
METHOD	fj	a	(Lfw;)V	handleServerDifficulty
METHOD	fj	a	(Lfx;)V	handleTabComplete
METHOD	fj	a	(Lfy;)V	handleChat
METHOD	fj	a	(Lfz;)V	handleMultiBlockChange
METHOD	fj	a	(Lga;)V	handleConfirmTransaction
METHOD	fj	a	(Lgb;)V	handleCloseWindow
METHOD	fj	a	(Lgc;)V	handleOpenWindow
METHOD	fj	a	(Lgd;)V	handleWindowItems
METHOD	fj	a	(Lge;)V	handleWindowProperty
METHOD	fj	a	(Lgf;)V	handleSetSlot
METHOD	fj	a	(Lgg;)V	handleCustomPayload
METHOD	fj	a	(Lgh;)V	handleDisconnect
METHOD	fj	a	(Lgi;)V	handleEntityStatus
METHOD	fj	a	(Lgj;)V	handleEntityNBT
METHOD	fj	a	(Lgk;)V	handleExplosion
METHOD	fj	a	(Lgl;)V	handleSetCompressionLevel
METHOD	fj	a	(Lgm;)V	handleChangeGameState
METHOD	fj	a	(Lgn;)V	handleKeepAlive
METHOD	fj	a	(Lgo;)V	handleChunkData
METHOD	fj	a	(Lgp;)V	handleMapChunkBulk
METHOD	fj	a	(Lgq;)V	handleEffect
METHOD	fj	a	(Lgr;)V	handleParticles
METHOD	fj	a	(Lgs;)V	handleSoundEffect
METHOD	fj	a	(Lgt;)V	handleJoinGame
METHOD	fj	a	(Lgu;)V	handleMaps
METHOD	fj	a	(Lgv;)V	handleEntityMovement
METHOD	fj	a	(Lgw;)V	handleSignEditorOpen
METHOD	fj	a	(Lgx;)V	handlePlayerAbilities
METHOD	fj	a	(Lgy;)V	handleCombatEvent
METHOD	fj	a	(Lgz;)V	handlePlayerListItem
METHOD	fj	a	(Lha;)V	handleUseBed
METHOD	fj	a	(Lhb;)V	handleDestroyEntities
METHOD	fj	a	(Lhc;)V	handleRemoveEntityEffect
METHOD	fj	a	(Lhd;)V	handleResourcePack
METHOD	fj	a	(Lhe;)V	handleRespawn
METHOD	fj	a	(Lhf;)V	handleEntityHeadLook
METHOD	fj	a	(Lhg;)V	handleWorldBorder
METHOD	fj	a	(Lhh;)V	handleCamera
METHOD	fj	a	(Lhi;)V	handleHeldItemChange
METHOD	fj	a	(Lhj;)V	handleDisplayScoreboard
METHOD	fj	a	(Lhk;)V	handleEntityMetadata
METHOD	fj	a	(Lhl;)V	handleEntityAttach
METHOD	fj	a	(Lhm;)V	handleEntityVelocity
METHOD	fj	a	(Lhn;)V	handleEntityEquipment
METHOD	fj	a	(Lho;)V	handleSetExperience
METHOD	fj	a	(Lhp;)V	handleUpdateHealth
METHOD	fj	a	(Lhq;)V	handleScoreboardObjective
METHOD	fj	a	(Lhr;)V	handleTeams
METHOD	fj	a	(Lhs;)V	handleUpdateScore
METHOD	fj	a	(Lht;)V	handleSpawnPosition
METHOD	fj	a	(Lhu;)V	handleTimeUpdate
METHOD	fj	a	(Lhv;)V	handleTitle
METHOD	fj	a	(Lhw;)V	handleUpdateSign
METHOD	fj	a	(Lhx;)V	handlePlayerListHeaderFooter
METHOD	fj	a	(Lhy;)V	handleCollectItem
METHOD	fj	a	(Lhz;)V	handleEntityTeleport
METHOD	fj	a	(Lia;)V	handleEntityProperties
METHOD	fj	a	(Lib;)V	handleEntityEffect
METHOD	fk	a	()I	getEntityID
METHOD	fk	a	(I)V	setX
METHOD	fk	a	(Lem;)V	readPacketData
METHOD	fk	a	(Lep;)V	processPacket
METHOD	fk	a	(Lfj;)V	processPacket
METHOD	fk	b	()I	getX
METHOD	fk	b	(I)V	setY
METHOD	fk	b	(Lem;)V	writePacketData
METHOD	fk	c	()I	getY
METHOD	fk	c	(I)V	setZ
METHOD	fk	d	()I	getZ
METHOD	fk	d	(I)V	setSpeedX
METHOD	fk	e	()I	getSpeedX
METHOD	fk	e	(I)V	setSpeedY
METHOD	fk	f	()I	getSpeedY
METHOD	fk	f	(I)V	setSpeedZ
METHOD	fk	g	()I	getSpeedZ
METHOD	fk	g	(I)V	func_149002_g
METHOD	fk	h	()I	getPitch
METHOD	fk	i	()I	getYaw
METHOD	fk	j	()I	getType
METHOD	fk	k	()I	func_149009_m
METHOD	fl	a	()I	getEntityID
METHOD	fl	a	(Lem;)V	readPacketData
METHOD	fl	a	(Lep;)V	processPacket
METHOD	fl	a	(Lfj;)V	processPacket
METHOD	fl	b	()I	getX
METHOD	fl	b	(Lem;)V	writePacketData
METHOD	fl	c	()I	getY
METHOD	fl	d	()I	getZ
METHOD	fl	e	()I	getXPValue
METHOD	fm	a	()I	func_149052_c
METHOD	fm	a	(Lem;)V	readPacketData
METHOD	fm	a	(Lep;)V	processPacket
METHOD	fm	a	(Lfj;)V	processPacket
METHOD	fm	b	()I	func_149051_d
METHOD	fm	b	(Lem;)V	writePacketData
METHOD	fm	c	()I	func_149050_e
METHOD	fm	d	()I	func_149049_f
METHOD	fm	e	()I	func_149053_g
METHOD	fn	a	()Ljava/util/List;	func_149027_c
METHOD	fn	a	(Lem;)V	readPacketData
METHOD	fn	a	(Lep;)V	processPacket
METHOD	fn	a	(Lfj;)V	processPacket
METHOD	fn	b	()I	getEntityID
METHOD	fn	b	(Lem;)V	writePacketData
METHOD	fn	c	()I	getEntityType
METHOD	fn	d	()I	getX
METHOD	fn	e	()I	getY
METHOD	fn	f	()I	getZ
METHOD	fn	g	()I	getVelocityX
METHOD	fn	h	()I	getVelocityY
METHOD	fn	i	()I	getVelocityZ
METHOD	fn	j	()B	getYaw
METHOD	fn	k	()B	getPitch
METHOD	fn	l	()B	getHeadPitch
METHOD	fo	a	()I	getEntityID
METHOD	fo	a	(Lem;)V	readPacketData
METHOD	fo	a	(Lep;)V	processPacket
METHOD	fo	a	(Lfj;)V	processPacket
METHOD	fo	b	()Lcj;	getPosition
METHOD	fo	b	(Lem;)V	writePacketData
METHOD	fo	c	()Lcq;	getFacing
METHOD	fo	d	()Ljava/lang/String;	getTitle
METHOD	fp	a	()Ljava/util/List;	func_148944_c
METHOD	fp	a	(Lem;)V	readPacketData
METHOD	fp	a	(Lep;)V	processPacket
METHOD	fp	a	(Lfj;)V	processPacket
METHOD	fp	b	()I	getEntityID
METHOD	fp	b	(Lem;)V	writePacketData
METHOD	fp	c	()Ljava/util/UUID;	getPlayer
METHOD	fp	d	()I	getX
METHOD	fp	e	()I	getY
METHOD	fp	f	()I	getZ
METHOD	fp	g	()B	getYaw
METHOD	fp	h	()B	getPitch
METHOD	fp	i	()I	getCurrentItemID
METHOD	fq	a	()I	getEntityID
METHOD	fq	a	(Lem;)V	readPacketData
METHOD	fq	a	(Lep;)V	processPacket
METHOD	fq	a	(Lfj;)V	processPacket
METHOD	fq	b	()I	getAnimationType
METHOD	fq	b	(Lem;)V	writePacketData
METHOD	fr	a	()Ljava/util/Map;	func_148974_c
METHOD	fr	a	(Lem;)V	readPacketData
METHOD	fr	a	(Lep;)V	processPacket
METHOD	fr	a	(Lfj;)V	processPacket
METHOD	fr	b	(Lem;)V	writePacketData
METHOD	fs	a	()I	getBreakerId
METHOD	fs	a	(Lem;)V	readPacketData
METHOD	fs	a	(Lep;)V	processPacket
METHOD	fs	a	(Lfj;)V	processPacket
METHOD	fs	b	()Lcj;	getPosition
METHOD	fs	b	(Lem;)V	writePacketData
METHOD	fs	c	()I	getProgress
METHOD	ft	a	()Lcj;	getPos
METHOD	ft	a	(Lem;)V	readPacketData
METHOD	ft	a	(Lep;)V	processPacket
METHOD	ft	a	(Lfj;)V	processPacket
METHOD	ft	b	()I	getTileEntityType
METHOD	ft	b	(Lem;)V	writePacketData
METHOD	ft	c	()Ldn;	getNbtCompound
METHOD	fu	a	()Lcj;	getBlockPosition
METHOD	fu	a	(Lem;)V	readPacketData
METHOD	fu	a	(Lep;)V	processPacket
METHOD	fu	a	(Lfj;)V	processPacket
METHOD	fu	b	()I	getData1
METHOD	fu	b	(Lem;)V	writePacketData
METHOD	fu	c	()I	getData2
METHOD	fu	d	()Lafh;	getBlockType
METHOD	fv	a	()Lalz;	getBlockState
METHOD	fv	a	(Lem;)V	readPacketData
METHOD	fv	a	(Lep;)V	processPacket
METHOD	fv	a	(Lfj;)V	processPacket
METHOD	fv	b	()Lcj;	getBlockPosition
METHOD	fv	b	(Lem;)V	writePacketData
METHOD	fw	a	()Z	isDifficultyLocked
METHOD	fw	a	(Lem;)V	readPacketData
METHOD	fw	a	(Lep;)V	processPacket
METHOD	fw	a	(Lfj;)V	processPacket
METHOD	fw	b	()Loj;	getDifficulty
METHOD	fw	b	(Lem;)V	writePacketData
METHOD	fx	a	()[Ljava/lang/String;	func_149630_c
METHOD	fx	a	(Lem;)V	readPacketData
METHOD	fx	a	(Lep;)V	processPacket
METHOD	fx	a	(Lfj;)V	processPacket
METHOD	fx	b	(Lem;)V	writePacketData
METHOD	fy	a	()Leu;	getChatComponent
METHOD	fy	a	(Lem;)V	readPacketData
METHOD	fy	a	(Lep;)V	processPacket
METHOD	fy	a	(Lfj;)V	processPacket
METHOD	fy	b	()Z	isChat
METHOD	fy	b	(Lem;)V	writePacketData
METHOD	fy	c	()B	getType
METHOD	fz$a	a	()Lcj;	getPos
METHOD	fz$a	b	()S	func_180089_b
METHOD	fz$a	c	()Lalz;	getBlockState
METHOD	fz	a	()[Lfz$a;	getChangedBlocks
METHOD	fz	a	(Lem;)V	readPacketData
METHOD	fz	a	(Lep;)V	processPacket
METHOD	fz	a	(Lfj;)V	processPacket
METHOD	fz	a	(Lfz;)Ladg;	access$000
METHOD	fz	b	(Lem;)V	writePacketData
METHOD	g$a	values	()[Lg$a;	values
METHOD	g	a	()Lg$a;	getOSType
METHOD	g	a	(Ljava/util/concurrent/FutureTask;Lorg/apache/logging/log4j/Logger;)Ljava/lang/Object;	runTask
METHOD	ga	a	()I	getWindowId
METHOD	ga	a	(Lem;)V	readPacketData
METHOD	ga	a	(Lep;)V	processPacket
METHOD	ga	a	(Lfj;)V	processPacket
METHOD	ga	b	()S	getActionNumber
METHOD	ga	b	(Lem;)V	writePacketData
METHOD	ga	c	()Z	func_148888_e
METHOD	gb	a	(Lem;)V	readPacketData
METHOD	gb	a	(Lep;)V	processPacket
METHOD	gb	a	(Lfj;)V	processPacket
METHOD	gb	b	(Lem;)V	writePacketData
METHOD	gc	a	()I	getWindowId
METHOD	gc	a	(Lem;)V	readPacketData
METHOD	gc	a	(Lep;)V	processPacket
METHOD	gc	a	(Lfj;)V	processPacket
METHOD	gc	b	()Ljava/lang/String;	getGuiId
METHOD	gc	b	(Lem;)V	writePacketData
METHOD	gc	c	()Leu;	getWindowTitle
METHOD	gc	d	()I	getSlotCount
METHOD	gc	e	()I	getEntityId
METHOD	gc	f	()Z	hasSlots
METHOD	gd	a	()I	func_148911_c
METHOD	gd	a	(Lem;)V	readPacketData
METHOD	gd	a	(Lep;)V	processPacket
METHOD	gd	a	(Lfj;)V	processPacket
METHOD	gd	b	()[Lzx;	getItemStacks
METHOD	gd	b	(Lem;)V	writePacketData
METHOD	ge	a	()I	getWindowId
METHOD	ge	a	(Lem;)V	readPacketData
METHOD	ge	a	(Lep;)V	processPacket
METHOD	ge	a	(Lfj;)V	processPacket
METHOD	ge	b	()I	getVarIndex
METHOD	ge	b	(Lem;)V	writePacketData
METHOD	ge	c	()I	getVarValue
METHOD	gf	a	()I	func_149175_c
METHOD	gf	a	(Lem;)V	readPacketData
METHOD	gf	a	(Lep;)V	processPacket
METHOD	gf	a	(Lfj;)V	processPacket
METHOD	gf	b	()I	func_149173_d
METHOD	gf	b	(Lem;)V	writePacketData
METHOD	gf	c	()Lzx;	func_149174_e
METHOD	gg	a	()Ljava/lang/String;	getChannelName
METHOD	gg	a	(Lem;)V	readPacketData
METHOD	gg	a	(Lep;)V	processPacket
METHOD	gg	a	(Lfj;)V	processPacket
METHOD	gg	b	()Lem;	getBufferData
METHOD	gg	b	(Lem;)V	writePacketData
METHOD	gh	a	()Leu;	getReason
METHOD	gh	a	(Lem;)V	readPacketData
METHOD	gh	a	(Lep;)V	processPacket
METHOD	gh	a	(Lfj;)V	processPacket
METHOD	gh	b	(Lem;)V	writePacketData
METHOD	gi	a	()B	getOpCode
METHOD	gi	a	(Ladm;)Lpk;	getEntity
METHOD	gi	a	(Lem;)V	readPacketData
METHOD	gi	a	(Lep;)V	processPacket
METHOD	gi	a	(Lfj;)V	processPacket
METHOD	gi	b	(Lem;)V	writePacketData
METHOD	gj	a	()Ldn;	getTagCompound
METHOD	gj	a	(Ladm;)Lpk;	getEntity
METHOD	gj	a	(Lem;)V	readPacketData
METHOD	gj	a	(Lep;)V	processPacket
METHOD	gj	a	(Lfj;)V	processPacket
METHOD	gj	b	(Lem;)V	writePacketData
METHOD	gk	a	()F	func_149149_c
METHOD	gk	a	(Lem;)V	readPacketData
METHOD	gk	a	(Lep;)V	processPacket
METHOD	gk	a	(Lfj;)V	processPacket
METHOD	gk	b	()F	func_149144_d
METHOD	gk	b	(Lem;)V	writePacketData
METHOD	gk	c	()F	func_149147_e
METHOD	gk	d	()D	getX
METHOD	gk	e	()D	getY
METHOD	gk	f	()D	getZ
METHOD	gk	g	()F	getStrength
METHOD	gk	h	()Ljava/util/List;	getAffectedBlockPositions
METHOD	gl	a	()I	getThreshold
METHOD	gl	a	(Lem;)V	readPacketData
METHOD	gl	a	(Lep;)V	processPacket
METHOD	gl	a	(Lfj;)V	processPacket
METHOD	gl	b	(Lem;)V	writePacketData
METHOD	gm	a	()I	getGameState
METHOD	gm	a	(Lem;)V	readPacketData
METHOD	gm	a	(Lep;)V	processPacket
METHOD	gm	a	(Lfj;)V	processPacket
METHOD	gm	b	()F	func_149137_d
METHOD	gm	b	(Lem;)V	writePacketData
METHOD	gn	a	()I	func_149134_c
METHOD	gn	a	(Lem;)V	readPacketData
METHOD	gn	a	(Lep;)V	processPacket
METHOD	gn	a	(Lfj;)V	processPacket
METHOD	gn	b	(Lem;)V	writePacketData
METHOD	go	a	()[B	getExtractedDataBytes
METHOD	go	a	(IZZ)I	func_180737_a
METHOD	go	a	(Lamy;ZZI)Lgo$a;	getExtractedData
METHOD	go	a	(Lem;)V	readPacketData
METHOD	go	a	(Lep;)V	processPacket
METHOD	go	a	(Lfj;)V	processPacket
METHOD	go	a	([B[BI)I	func_179757_a
METHOD	go	b	()I	getChunkX
METHOD	go	b	(Lem;)V	writePacketData
METHOD	go	c	()I	getChunkZ
METHOD	go	d	()I	getExtractedSize
METHOD	go	e	()Z	func_149274_i
METHOD	gp	a	()I	getChunkCount
METHOD	gp	a	(I)I	getChunkX
METHOD	gp	a	(Lem;)V	readPacketData
METHOD	gp	a	(Lep;)V	processPacket
METHOD	gp	a	(Lfj;)V	processPacket
METHOD	gp	b	(I)I	getChunkZ
METHOD	gp	b	(Lem;)V	writePacketData
METHOD	gp	c	(I)[B	getChunkBytes
METHOD	gp	d	(I)I	getChunkSize
METHOD	gq	a	()Z	isSoundServerwide
METHOD	gq	a	(Lem;)V	readPacketData
METHOD	gq	a	(Lep;)V	processPacket
METHOD	gq	a	(Lfj;)V	processPacket
METHOD	gq	b	()I	getSoundType
METHOD	gq	b	(Lem;)V	writePacketData
METHOD	gq	c	()I	getSoundData
METHOD	gq	d	()Lcj;	getSoundPos
METHOD	gr	a	()Lcy;	getParticleType
METHOD	gr	a	(Lem;)V	readPacketData
METHOD	gr	a	(Lep;)V	processPacket
METHOD	gr	a	(Lfj;)V	processPacket
METHOD	gr	b	()Z	isLongDistance
METHOD	gr	b	(Lem;)V	writePacketData
METHOD	gr	c	()D	getXCoordinate
METHOD	gr	d	()D	getYCoordinate
METHOD	gr	e	()D	getZCoordinate
METHOD	gr	f	()F	getXOffset
METHOD	gr	g	()F	getYOffset
METHOD	gr	h	()F	getZOffset
METHOD	gr	i	()F	getParticleSpeed
METHOD	gr	j	()I	getParticleCount
METHOD	gr	k	()[I	getParticleArgs
METHOD	gs	a	()Ljava/lang/String;	getSoundName
METHOD	gs	a	(Lem;)V	readPacketData
METHOD	gs	a	(Lep;)V	processPacket
METHOD	gs	a	(Lfj;)V	processPacket
METHOD	gs	b	()D	getX
METHOD	gs	b	(Lem;)V	writePacketData
METHOD	gs	c	()D	getY
METHOD	gs	d	()D	getZ
METHOD	gs	e	()F	getVolume
METHOD	gs	f	()F	getPitch
METHOD	gt	a	()I	getEntityId
METHOD	gt	a	(Lem;)V	readPacketData
METHOD	gt	a	(Lep;)V	processPacket
METHOD	gt	a	(Lfj;)V	processPacket
METHOD	gt	b	()Z	isHardcoreMode
METHOD	gt	b	(Lem;)V	writePacketData
METHOD	gt	c	()Ladp$a;	getGameType
METHOD	gt	d	()I	getDimension
METHOD	gt	e	()Loj;	getDifficulty
METHOD	gt	f	()I	getMaxPlayers
METHOD	gt	g	()Ladr;	getWorldType
METHOD	gt	h	()Z	isReducedDebugInfo
METHOD	gu	a	()I	getMapId
METHOD	gu	a	(Latg;)V	setMapdataTo
METHOD	gu	a	(Lem;)V	readPacketData
METHOD	gu	a	(Lep;)V	processPacket
METHOD	gu	a	(Lfj;)V	processPacket
METHOD	gu	b	(Lem;)V	writePacketData
METHOD	gv$a	a	(Lem;)V	readPacketData
METHOD	gv$a	a	(Lep;)V	processPacket
METHOD	gv$a	b	(Lem;)V	writePacketData
METHOD	gv$b	a	(Lem;)V	readPacketData
METHOD	gv$b	a	(Lep;)V	processPacket
METHOD	gv$b	b	(Lem;)V	writePacketData
METHOD	gv$c	a	(Lem;)V	readPacketData
METHOD	gv$c	a	(Lep;)V	processPacket
METHOD	gv$c	b	(Lem;)V	writePacketData
METHOD	gv	a	()B	func_149062_c
METHOD	gv	a	(Ladm;)Lpk;	getEntity
METHOD	gv	a	(Lem;)V	readPacketData
METHOD	gv	a	(Lep;)V	processPacket
METHOD	gv	a	(Lfj;)V	processPacket
METHOD	gv	b	()B	func_149061_d
METHOD	gv	b	(Lem;)V	writePacketData
METHOD	gv	c	()B	func_149064_e
METHOD	gv	d	()B	func_149066_f
METHOD	gv	e	()B	func_149063_g
METHOD	gv	f	()Z	func_149060_h
METHOD	gv	g	()Z	getOnGround
METHOD	gv	toString	()Ljava/lang/String;	toString
METHOD	gw	a	()Lcj;	getSignPosition
METHOD	gw	a	(Lem;)V	readPacketData
METHOD	gw	a	(Lep;)V	processPacket
METHOD	gw	a	(Lfj;)V	processPacket
METHOD	gw	b	(Lem;)V	writePacketData
METHOD	gx	a	()Z	isInvulnerable
METHOD	gx	a	(F)V	setFlySpeed
METHOD	gx	a	(Lem;)V	readPacketData
METHOD	gx	a	(Lep;)V	processPacket
METHOD	gx	a	(Lfj;)V	processPacket
METHOD	gx	a	(Z)V	setInvulnerable
METHOD	gx	b	()Z	isFlying
METHOD	gx	b	(F)V	setWalkSpeed
METHOD	gx	b	(Lem;)V	writePacketData
METHOD	gx	b	(Z)V	setFlying
METHOD	gx	c	()Z	isAllowFlying
METHOD	gx	c	(Z)V	setAllowFlying
METHOD	gx	d	()Z	isCreativeMode
METHOD	gx	d	(Z)V	setCreativeMode
METHOD	gx	e	()F	getFlySpeed
METHOD	gx	f	()F	getWalkSpeed
METHOD	gy$a	values	()[Lgy$a;	values
METHOD	gy	a	(Lem;)V	readPacketData
METHOD	gy	a	(Lep;)V	processPacket
METHOD	gy	a	(Lfj;)V	processPacket
METHOD	gy	b	(Lem;)V	writePacketData
METHOD	gz$a	values	()[Lgz$a;	values
METHOD	gz$b	a	()Lcom/mojang/authlib/GameProfile;	getProfile
METHOD	gz$b	b	()I	getPing
METHOD	gz$b	c	()Ladp$a;	getGameMode
METHOD	gz$b	d	()Leu;	getDisplayName
METHOD	gz$b	toString	()Ljava/lang/String;	toString
METHOD	gz	a	()Ljava/util/List;	getEntries
METHOD	gz	a	(Lem;)V	readPacketData
METHOD	gz	a	(Lep;)V	processPacket
METHOD	gz	a	(Lfj;)V	processPacket
METHOD	gz	b	()Lgz$a;	getAction
METHOD	gz	b	(Lem;)V	writePacketData
METHOD	gz	toString	()Ljava/lang/String;	toString
METHOD	h	a	(Lm;Lk;ILjava/lang/String;[Ljava/lang/Object;)V	notifyOperators
METHOD	ha	a	()Lcj;	getBedPosition
METHOD	ha	a	(Ladm;)Lwn;	getPlayer
METHOD	ha	a	(Lem;)V	readPacketData
METHOD	ha	a	(Lep;)V	processPacket
METHOD	ha	a	(Lfj;)V	processPacket
METHOD	ha	b	(Lem;)V	writePacketData
METHOD	hb	a	()[I	getEntityIDs
METHOD	hb	a	(Lem;)V	readPacketData
METHOD	hb	a	(Lep;)V	processPacket
METHOD	hb	a	(Lfj;)V	processPacket
METHOD	hb	b	(Lem;)V	writePacketData
METHOD	hc	a	()I	getEntityId
METHOD	hc	a	(Lem;)V	readPacketData
METHOD	hc	a	(Lep;)V	processPacket
METHOD	hc	a	(Lfj;)V	processPacket
METHOD	hc	b	()I	getEffectId
METHOD	hc	b	(Lem;)V	writePacketData
METHOD	hd	a	()Ljava/lang/String;	getURL
METHOD	hd	a	(Lem;)V	readPacketData
METHOD	hd	a	(Lep;)V	processPacket
METHOD	hd	a	(Lfj;)V	processPacket
METHOD	hd	b	()Ljava/lang/String;	getHash
METHOD	hd	b	(Lem;)V	writePacketData
METHOD	he	a	()I	getDimensionID
METHOD	he	a	(Lem;)V	readPacketData
METHOD	he	a	(Lep;)V	processPacket
METHOD	he	a	(Lfj;)V	processPacket
METHOD	he	b	()Loj;	getDifficulty
METHOD	he	b	(Lem;)V	writePacketData
METHOD	he	c	()Ladp$a;	getGameType
METHOD	he	d	()Ladr;	getWorldType
METHOD	hf	a	()B	getYaw
METHOD	hf	a	(Ladm;)Lpk;	getEntity
METHOD	hf	a	(Lem;)V	readPacketData
METHOD	hf	a	(Lep;)V	processPacket
METHOD	hf	a	(Lfj;)V	processPacket
METHOD	hf	b	(Lem;)V	writePacketData
METHOD	hg$a	values	()[Lhg$a;	values
METHOD	hg	a	(Lams;)V	func_179788_a
METHOD	hg	a	(Lem;)V	readPacketData
METHOD	hg	a	(Lep;)V	processPacket
METHOD	hg	a	(Lfj;)V	processPacket
METHOD	hg	b	(Lem;)V	writePacketData
METHOD	hh	a	(Ladm;)Lpk;	getEntity
METHOD	hh	a	(Lem;)V	readPacketData
METHOD	hh	a	(Lep;)V	processPacket
METHOD	hh	a	(Lfj;)V	processPacket
METHOD	hh	b	(Lem;)V	writePacketData
METHOD	hi	a	()I	getHeldItemHotbarIndex
METHOD	hi	a	(Lem;)V	readPacketData
METHOD	hi	a	(Lep;)V	processPacket
METHOD	hi	a	(Lfj;)V	processPacket
METHOD	hi	b	(Lem;)V	writePacketData
METHOD	hj	a	()I	func_149371_c
METHOD	hj	a	(Lem;)V	readPacketData
METHOD	hj	a	(Lep;)V	processPacket
METHOD	hj	a	(Lfj;)V	processPacket
METHOD	hj	b	()Ljava/lang/String;	func_149370_d
METHOD	hj	b	(Lem;)V	writePacketData
METHOD	hk	a	()Ljava/util/List;	func_149376_c
METHOD	hk	a	(Lem;)V	readPacketData
METHOD	hk	a	(Lep;)V	processPacket
METHOD	hk	a	(Lfj;)V	processPacket
METHOD	hk	b	()I	getEntityId
METHOD	hk	b	(Lem;)V	writePacketData
METHOD	hl	a	()I	getLeash
METHOD	hl	a	(Lem;)V	readPacketData
METHOD	hl	a	(Lep;)V	processPacket
METHOD	hl	a	(Lfj;)V	processPacket
METHOD	hl	b	()I	getEntityId
METHOD	hl	b	(Lem;)V	writePacketData
METHOD	hl	c	()I	getVehicleEntityId
METHOD	hm	a	()I	getEntityID
METHOD	hm	a	(Lem;)V	readPacketData
METHOD	hm	a	(Lep;)V	processPacket
METHOD	hm	a	(Lfj;)V	processPacket
METHOD	hm	b	()I	getMotionX
METHOD	hm	b	(Lem;)V	writePacketData
METHOD	hm	c	()I	getMotionY
METHOD	hm	d	()I	getMotionZ
METHOD	hn	a	()Lzx;	getItemStack
METHOD	hn	a	(Lem;)V	readPacketData
METHOD	hn	a	(Lep;)V	processPacket
METHOD	hn	a	(Lfj;)V	processPacket
METHOD	hn	b	()I	getEntityID
METHOD	hn	b	(Lem;)V	writePacketData
METHOD	hn	c	()I	getEquipmentSlot
METHOD	ho	a	()F	func_149397_c
METHOD	ho	a	(Lem;)V	readPacketData
METHOD	ho	a	(Lep;)V	processPacket
METHOD	ho	a	(Lfj;)V	processPacket
METHOD	ho	b	()I	getTotalExperience
METHOD	ho	b	(Lem;)V	writePacketData
METHOD	ho	c	()I	getLevel
METHOD	hp	a	()F	getHealth
METHOD	hp	a	(Lem;)V	readPacketData
METHOD	hp	a	(Lep;)V	processPacket
METHOD	hp	a	(Lfj;)V	processPacket
METHOD	hp	b	()I	getFoodLevel
METHOD	hp	b	(Lem;)V	writePacketData
METHOD	hp	c	()F	getSaturationLevel
METHOD	hq	a	()Ljava/lang/String;	func_149339_c
METHOD	hq	a	(Lem;)V	readPacketData
METHOD	hq	a	(Lep;)V	processPacket
METHOD	hq	a	(Lfj;)V	processPacket
METHOD	hq	b	()Ljava/lang/String;	func_149337_d
METHOD	hq	b	(Lem;)V	writePacketData
METHOD	hq	c	()I	func_149338_e
METHOD	hq	d	()Lauu$a;	func_179817_d
METHOD	hr	a	()Ljava/lang/String;	getName
METHOD	hr	a	(Lem;)V	readPacketData
METHOD	hr	a	(Lep;)V	processPacket
METHOD	hr	a	(Lfj;)V	processPacket
METHOD	hr	b	()Ljava/lang/String;	getDisplayName
METHOD	hr	b	(Lem;)V	writePacketData
METHOD	hr	c	()Ljava/lang/String;	getPrefix
METHOD	hr	d	()Ljava/lang/String;	getSuffix
METHOD	hr	e	()Ljava/util/Collection;	getPlayers
METHOD	hr	f	()I	getAction
METHOD	hr	g	()I	getFriendlyFlags
METHOD	hr	h	()I	getColor
METHOD	hr	i	()Ljava/lang/String;	getNameTagVisibility
METHOD	hs$a	values	()[Lhs$a;	values
METHOD	hs	a	()Ljava/lang/String;	getPlayerName
METHOD	hs	a	(Lem;)V	readPacketData
METHOD	hs	a	(Lep;)V	processPacket
METHOD	hs	a	(Lfj;)V	processPacket
METHOD	hs	b	()Ljava/lang/String;	getObjectiveName
METHOD	hs	b	(Lem;)V	writePacketData
METHOD	hs	c	()I	getScoreValue
METHOD	hs	d	()Lhs$a;	getScoreAction
METHOD	ht	a	()Lcj;	getSpawnPos
METHOD	ht	a	(Lem;)V	readPacketData
METHOD	ht	a	(Lep;)V	processPacket
METHOD	ht	a	(Lfj;)V	processPacket
METHOD	ht	b	(Lem;)V	writePacketData
METHOD	hu	a	()J	getTotalWorldTime
METHOD	hu	a	(Lem;)V	readPacketData
METHOD	hu	a	(Lep;)V	processPacket
METHOD	hu	a	(Lfj;)V	processPacket
METHOD	hu	b	()J	getWorldTime
METHOD	hu	b	(Lem;)V	writePacketData
METHOD	hv$a	a	()[Ljava/lang/String;	getNames
METHOD	hv$a	a	(Ljava/lang/String;)Lhv$a;	byName
METHOD	hv$a	values	()[Lhv$a;	values
METHOD	hv	a	()Lhv$a;	getType
METHOD	hv	a	(Lem;)V	readPacketData
METHOD	hv	a	(Lep;)V	processPacket
METHOD	hv	a	(Lfj;)V	processPacket
METHOD	hv	b	()Leu;	getMessage
METHOD	hv	b	(Lem;)V	writePacketData
METHOD	hv	c	()I	getFadeInTime
METHOD	hv	d	()I	getDisplayTime
METHOD	hv	e	()I	getFadeOutTime
METHOD	hw	a	()Lcj;	getPos
METHOD	hw	a	(Lem;)V	readPacketData
METHOD	hw	a	(Lep;)V	processPacket
METHOD	hw	a	(Lfj;)V	processPacket
METHOD	hw	b	()[Leu;	getLines
METHOD	hw	b	(Lem;)V	writePacketData
METHOD	hx	a	()Leu;	getHeader
METHOD	hx	a	(Lem;)V	readPacketData
METHOD	hx	a	(Lep;)V	processPacket
METHOD	hx	a	(Lfj;)V	processPacket
METHOD	hx	b	()Leu;	getFooter
METHOD	hx	b	(Lem;)V	writePacketData
METHOD	hy	a	()I	getCollectedItemEntityID
METHOD	hy	a	(Lem;)V	readPacketData
METHOD	hy	a	(Lep;)V	processPacket
METHOD	hy	a	(Lfj;)V	processPacket
METHOD	hy	b	()I	getEntityID
METHOD	hy	b	(Lem;)V	writePacketData
METHOD	hz	a	()I	getEntityId
METHOD	hz	a	(Lem;)V	readPacketData
METHOD	hz	a	(Lep;)V	processPacket
METHOD	hz	a	(Lfj;)V	processPacket
METHOD	hz	b	()I	getX
METHOD	hz	b	(Lem;)V	writePacketData
METHOD	hz	c	()I	getY
METHOD	hz	d	()I	getZ
METHOD	hz	e	()B	getYaw
METHOD	hz	f	()B	getPitch
METHOD	hz	g	()Z	getOnGround
METHOD	i$a	a	()D	func_179628_a
METHOD	i$a	b	()D	func_179629_b
METHOD	i$a	c	()Z	func_179630_c
METHOD	i	a	()I	getRequiredPermissionLevel
METHOD	i	a	(DLjava/lang/String;IIZ)Li$a;	parseCoordinate
METHOD	i	a	(DLjava/lang/String;Z)Li$a;	parseCoordinate
METHOD	i	a	(Lh;)V	setAdminCommander
METHOD	i	a	(Ljava/lang/String;)I	parseInt
METHOD	i	a	(Ljava/lang/String;D)D	parseDouble
METHOD	i	a	(Ljava/lang/String;DD)D	parseDouble
METHOD	i	a	(Ljava/lang/String;I)I	parseInt
METHOD	i	a	(Ljava/lang/String;II)I	parseInt
METHOD	i	a	(Ljava/lang/String;JJ)J	parseLong
METHOD	i	a	(Ljava/lang/String;Ljava/lang/String;)Z	doesStringStartWith
METHOD	i	a	(Ljava/util/Collection;)Ljava/lang/String;	joinNiceStringFromCollection
METHOD	i	a	(Ljava/util/List;)Leu;	join
METHOD	i	a	(Lk;)I	compareTo
METHOD	i	a	(Lm;)Z	canCommandSenderUseCommand
METHOD	i	a	(Lm;Ljava/lang/String;)Llf;	getPlayer
METHOD	i	a	(Lm;Ljava/lang/String;Ljava/lang/Class;)Lpk;	getEntity
METHOD	i	a	(Lm;Lk;ILjava/lang/String;[Ljava/lang/Object;)V	notifyOperators
METHOD	i	a	(Lm;Lk;Ljava/lang/String;[Ljava/lang/Object;)V	notifyOperators
METHOD	i	a	(Lm;[Ljava/lang/String;I)Leu;	getChatComponentFromNthArg
METHOD	i	a	(Lm;[Ljava/lang/String;IZ)Lcj;	parseBlockPos
METHOD	i	a	(Lm;[Ljava/lang/String;Lcj;)Ljava/util/List;	addTabCompletionOptions
METHOD	i	a	([Ljava/lang/Object;)Ljava/lang/String;	joinNiceString
METHOD	i	a	([Ljava/lang/String;I)Ljava/lang/String;	buildString
METHOD	i	a	([Ljava/lang/String;ILcj;)Ljava/util/List;	func_175771_a
METHOD	i	a	([Ljava/lang/String;Ljava/util/Collection;)Ljava/util/List;	getListOfStringsMatchingLastWord
METHOD	i	a	([Ljava/lang/String;[Ljava/lang/String;)Ljava/util/List;	getListOfStringsMatchingLastWord
METHOD	i	b	()Ljava/util/List;	getCommandAliases
METHOD	i	b	(DLjava/lang/String;IIZ)D	parseDouble
METHOD	i	b	(DLjava/lang/String;Z)D	parseDouble
METHOD	i	b	(Ljava/lang/String;)J	parseLong
METHOD	i	b	(Lm;)Llf;	getCommandSenderAsPlayer
METHOD	i	b	(Lm;Ljava/lang/String;)Lpk;	getEntity
METHOD	i	b	(Lm;[Ljava/lang/String;IZ)Leu;	getChatComponentFromNthArg
METHOD	i	b	([Ljava/lang/String;I)Z	isUsernameIndex
METHOD	i	b	([Ljava/lang/String;ILcj;)Ljava/util/List;	func_181043_b
METHOD	i	c	(Ljava/lang/String;)D	parseDouble
METHOD	i	c	(Lm;Ljava/lang/String;)Ljava/util/List;	func_175763_c
METHOD	i	compareTo	(Ljava/lang/Object;)I	compareTo
METHOD	i	d	(Ljava/lang/String;)Z	parseBoolean
METHOD	i	d	(Lm;Ljava/lang/String;)Ljava/lang/String;	getPlayerName
METHOD	i	e	(Lm;Ljava/lang/String;)Ljava/lang/String;	getEntityName
METHOD	i	f	(Lm;Ljava/lang/String;)Lzw;	getItemByText
METHOD	i	g	(Lm;Ljava/lang/String;)Lafh;	getBlockByText
METHOD	ia$a	a	()Ljava/lang/String;	func_151409_a
METHOD	ia$a	b	()D	func_151410_b
METHOD	ia$a	c	()Ljava/util/Collection;	func_151408_c
METHOD	ia	a	()I	getEntityId
METHOD	ia	a	(Lem;)V	readPacketData
METHOD	ia	a	(Lep;)V	processPacket
METHOD	ia	a	(Lfj;)V	processPacket
METHOD	ia	b	()Ljava/util/List;	func_149441_d
METHOD	ia	b	(Lem;)V	writePacketData
METHOD	ib	a	()Z	func_149429_c
METHOD	ib	a	(Lem;)V	readPacketData
METHOD	ib	a	(Lep;)V	processPacket
METHOD	ib	a	(Lfj;)V	processPacket
METHOD	ib	b	()I	getEntityId
METHOD	ib	b	(Lem;)V	writePacketData
METHOD	ib	c	()B	getEffectId
METHOD	ib	d	()B	getAmplifier
METHOD	ib	e	()I	getDuration
METHOD	ib	f	()Z	func_179707_f
METHOD	ic	a	(Lid;)V	processTabComplete
METHOD	ic	a	(Lie;)V	processChatMessage
METHOD	ic	a	(Lig;)V	processClientStatus
METHOD	ic	a	(Lih;)V	processClientSettings
METHOD	ic	a	(Lii;)V	processConfirmTransaction
METHOD	ic	a	(Lij;)V	processEnchantItem
METHOD	ic	a	(Lik;)V	processClickWindow
METHOD	ic	a	(Lil;)V	processCloseWindow
METHOD	ic	a	(Lim;)V	processVanilla250Packet
METHOD	ic	a	(Lin;)V	processUseEntity
METHOD	ic	a	(Lio;)V	processKeepAlive
METHOD	ic	a	(Lip;)V	processPlayer
METHOD	ic	a	(Liq;)V	processPlayerAbilities
METHOD	ic	a	(Lir;)V	processPlayerDigging
METHOD	ic	a	(Lis;)V	processEntityAction
METHOD	ic	a	(Lit;)V	processInput
METHOD	ic	a	(Liu;)V	handleResourcePackStatus
METHOD	ic	a	(Liv;)V	processHeldItemChange
METHOD	ic	a	(Liw;)V	processCreativeInventoryAction
METHOD	ic	a	(Lix;)V	processUpdateSign
METHOD	ic	a	(Liy;)V	handleAnimation
METHOD	ic	a	(Liz;)V	handleSpectate
METHOD	ic	a	(Lja;)V	processPlayerBlockPlacement
METHOD	id	a	()Ljava/lang/String;	getMessage
METHOD	id	a	(Lem;)V	readPacketData
METHOD	id	a	(Lep;)V	processPacket
METHOD	id	a	(Lic;)V	processPacket
METHOD	id	b	()Lcj;	getTargetBlock
METHOD	id	b	(Lem;)V	writePacketData
METHOD	ie	a	()Ljava/lang/String;	getMessage
METHOD	ie	a	(Lem;)V	readPacketData
METHOD	ie	a	(Lep;)V	processPacket
METHOD	ie	a	(Lic;)V	processPacket
METHOD	ie	b	(Lem;)V	writePacketData
METHOD	ig$a	values	()[Lig$a;	values
METHOD	ig	a	()Lig$a;	getStatus
METHOD	ig	a	(Lem;)V	readPacketData
METHOD	ig	a	(Lep;)V	processPacket
METHOD	ig	a	(Lic;)V	processPacket
METHOD	ig	b	(Lem;)V	writePacketData
METHOD	ih	a	()Ljava/lang/String;	getLang
METHOD	ih	a	(Lem;)V	readPacketData
METHOD	ih	a	(Lep;)V	processPacket
METHOD	ih	a	(Lic;)V	processPacket
METHOD	ih	b	(Lem;)V	writePacketData
METHOD	ih	c	()Lwn$b;	getChatVisibility
METHOD	ih	d	()Z	isColorsEnabled
METHOD	ih	e	()I	getModelPartFlags
METHOD	ii	a	()I	getWindowId
METHOD	ii	a	(Lem;)V	readPacketData
METHOD	ii	a	(Lep;)V	processPacket
METHOD	ii	a	(Lic;)V	processPacket
METHOD	ii	b	()S	getUid
METHOD	ii	b	(Lem;)V	writePacketData
METHOD	ij	a	()I	getWindowId
METHOD	ij	a	(Lem;)V	readPacketData
METHOD	ij	a	(Lep;)V	processPacket
METHOD	ij	a	(Lic;)V	processPacket
METHOD	ij	b	()I	getButton
METHOD	ij	b	(Lem;)V	writePacketData
METHOD	ik	a	()I	getWindowId
METHOD	ik	a	(Lem;)V	readPacketData
METHOD	ik	a	(Lep;)V	processPacket
METHOD	ik	a	(Lic;)V	processPacket
METHOD	ik	b	()I	getSlotId
METHOD	ik	b	(Lem;)V	writePacketData
METHOD	ik	c	()I	getUsedButton
METHOD	ik	d	()S	getActionNumber
METHOD	ik	e	()Lzx;	getClickedItem
METHOD	ik	f	()I	getMode
METHOD	il	a	(Lem;)V	readPacketData
METHOD	il	a	(Lep;)V	processPacket
METHOD	il	a	(Lic;)V	processPacket
METHOD	il	b	(Lem;)V	writePacketData
METHOD	im	a	()Ljava/lang/String;	getChannelName
METHOD	im	a	(Lem;)V	readPacketData
METHOD	im	a	(Lep;)V	processPacket
METHOD	im	a	(Lic;)V	processPacket
METHOD	im	b	()Lem;	getBufferData
METHOD	im	b	(Lem;)V	writePacketData
METHOD	in$a	values	()[Lin$a;	values
METHOD	in	a	()Lin$a;	getAction
METHOD	in	a	(Ladm;)Lpk;	getEntityFromWorld
METHOD	in	a	(Lem;)V	readPacketData
METHOD	in	a	(Lep;)V	processPacket
METHOD	in	a	(Lic;)V	processPacket
METHOD	in	b	()Laui;	getHitVec
METHOD	in	b	(Lem;)V	writePacketData
METHOD	io	a	()I	getKey
METHOD	io	a	(Lem;)V	readPacketData
METHOD	io	a	(Lep;)V	processPacket
METHOD	io	a	(Lic;)V	processPacket
METHOD	io	b	(Lem;)V	writePacketData
METHOD	ip$a	a	(Lem;)V	readPacketData
METHOD	ip$a	a	(Lep;)V	processPacket
METHOD	ip$a	b	(Lem;)V	writePacketData
METHOD	ip$b	a	(Lem;)V	readPacketData
METHOD	ip$b	a	(Lep;)V	processPacket
METHOD	ip$b	b	(Lem;)V	writePacketData
METHOD	ip$c	a	(Lem;)V	readPacketData
METHOD	ip$c	a	(Lep;)V	processPacket
METHOD	ip$c	b	(Lem;)V	writePacketData
METHOD	ip	a	()D	getPositionX
METHOD	ip	a	(Lem;)V	readPacketData
METHOD	ip	a	(Lep;)V	processPacket
METHOD	ip	a	(Lic;)V	processPacket
METHOD	ip	a	(Z)V	setMoving
METHOD	ip	b	()D	getPositionY
METHOD	ip	b	(Lem;)V	writePacketData
METHOD	ip	c	()D	getPositionZ
METHOD	ip	d	()F	getYaw
METHOD	ip	e	()F	getPitch
METHOD	ip	f	()Z	isOnGround
METHOD	ip	g	()Z	isMoving
METHOD	ip	h	()Z	getRotating
METHOD	iq	a	()Z	isInvulnerable
METHOD	iq	a	(F)V	setFlySpeed
METHOD	iq	a	(Lem;)V	readPacketData
METHOD	iq	a	(Lep;)V	processPacket
METHOD	iq	a	(Lic;)V	processPacket
METHOD	iq	a	(Z)V	setInvulnerable
METHOD	iq	b	()Z	isFlying
METHOD	iq	b	(F)V	setWalkSpeed
METHOD	iq	b	(Lem;)V	writePacketData
METHOD	iq	b	(Z)V	setFlying
METHOD	iq	c	()Z	isAllowFlying
METHOD	iq	c	(Z)V	setAllowFlying
METHOD	iq	d	()Z	isCreativeMode
METHOD	iq	d	(Z)V	setCreativeMode
METHOD	ir$a	values	()[Lir$a;	values
METHOD	ir	a	()Lcj;	getPosition
METHOD	ir	a	(Lem;)V	readPacketData
METHOD	ir	a	(Lep;)V	processPacket
METHOD	ir	a	(Lic;)V	processPacket
METHOD	ir	b	()Lcq;	getFacing
METHOD	ir	b	(Lem;)V	writePacketData
METHOD	ir	c	()Lir$a;	getStatus
METHOD	is$a	values	()[Lis$a;	values
METHOD	is	a	(Lem;)V	readPacketData
METHOD	is	a	(Lep;)V	processPacket
METHOD	is	a	(Lic;)V	processPacket
METHOD	is	b	()Lis$a;	getAction
METHOD	is	b	(Lem;)V	writePacketData
METHOD	is	c	()I	getAuxData
METHOD	it	a	()F	getStrafeSpeed
METHOD	it	a	(Lem;)V	readPacketData
METHOD	it	a	(Lep;)V	processPacket
METHOD	it	a	(Lic;)V	processPacket
METHOD	it	b	()F	getForwardSpeed
METHOD	it	b	(Lem;)V	writePacketData
METHOD	it	c	()Z	isJumping
METHOD	it	d	()Z	isSneaking
METHOD	iu$a	values	()[Liu$a;	values
METHOD	iu	a	(Lem;)V	readPacketData
METHOD	iu	a	(Lep;)V	processPacket
METHOD	iu	a	(Lic;)V	processPacket
METHOD	iu	b	(Lem;)V	writePacketData
METHOD	iv	a	()I	getSlotId
METHOD	iv	a	(Lem;)V	readPacketData
METHOD	iv	a	(Lep;)V	processPacket
METHOD	iv	a	(Lic;)V	processPacket
METHOD	iv	b	(Lem;)V	writePacketData
METHOD	iw	a	()I	getSlotId
METHOD	iw	a	(Lem;)V	readPacketData
METHOD	iw	a	(Lep;)V	processPacket
METHOD	iw	a	(Lic;)V	processPacket
METHOD	iw	b	()Lzx;	getStack
METHOD	iw	b	(Lem;)V	writePacketData
METHOD	ix	a	()Lcj;	getPosition
METHOD	ix	a	(Lem;)V	readPacketData
METHOD	ix	a	(Lep;)V	processPacket
METHOD	ix	a	(Lic;)V	processPacket
METHOD	ix	b	()[Leu;	getLines
METHOD	ix	b	(Lem;)V	writePacketData
METHOD	iy	a	(Lem;)V	readPacketData
METHOD	iy	a	(Lep;)V	processPacket
METHOD	iy	a	(Lic;)V	processPacket
METHOD	iy	b	(Lem;)V	writePacketData
METHOD	iz	a	(Lem;)V	readPacketData
METHOD	iz	a	(Lep;)V	processPacket
METHOD	iz	a	(Lic;)V	processPacket
METHOD	iz	a	(Lle;)Lpk;	getEntity
METHOD	iz	b	(Lem;)V	writePacketData
METHOD	j	a	()Ljava/util/Map;	getCommands
METHOD	j	a	(Lk;)Lk;	registerCommand
METHOD	j	a	(Lk;[Ljava/lang/String;)I	getUsernameIndex
METHOD	j	a	(Lm;)Ljava/util/List;	getPossibleCommands
METHOD	j	a	(Lm;Ljava/lang/String;)I	executeCommand
METHOD	j	a	(Lm;Ljava/lang/String;Lcj;)Ljava/util/List;	getTabCompletionOptions
METHOD	j	a	(Lm;[Ljava/lang/String;Lk;Ljava/lang/String;)Z	tryExecute
METHOD	j	a	([Ljava/lang/String;)[Ljava/lang/String;	dropFirstString
METHOD	ja	a	()Lcj;	getPosition
METHOD	ja	a	(Lem;)V	readPacketData
METHOD	ja	a	(Lep;)V	processPacket
METHOD	ja	a	(Lic;)V	processPacket
METHOD	ja	b	()I	getPlacedBlockDirection
METHOD	ja	b	(Lem;)V	writePacketData
METHOD	ja	c	()Lzx;	getStack
METHOD	ja	d	()F	getPlacedBlockOffsetX
METHOD	ja	e	()F	getPlacedBlockOffsetY
METHOD	ja	f	()F	getPlacedBlockOffsetZ
METHOD	jc	a	()Lel;	getRequestedState
METHOD	jc	a	(Lem;)V	readPacketData
METHOD	jc	a	(Lep;)V	processPacket
METHOD	jc	a	(Ljd;)V	processPacket
METHOD	jc	b	()I	getProtocolVersion
METHOD	jc	b	(Lem;)V	writePacketData
METHOD	jd	a	(Ljc;)V	processHandshake
METHOD	jf	a	(Ljg;)V	handleLoginSuccess
METHOD	jf	a	(Ljh;)V	handleEncryptionRequest
METHOD	jf	a	(Lji;)V	handleEnableCompression
METHOD	jf	a	(Ljj;)V	handleDisconnect
METHOD	jg	a	()Lcom/mojang/authlib/GameProfile;	getProfile
METHOD	jg	a	(Lem;)V	readPacketData
METHOD	jg	a	(Lep;)V	processPacket
METHOD	jg	a	(Ljf;)V	processPacket
METHOD	jg	b	(Lem;)V	writePacketData
METHOD	jh	a	()Ljava/lang/String;	getServerId
METHOD	jh	a	(Lem;)V	readPacketData
METHOD	jh	a	(Lep;)V	processPacket
METHOD	jh	a	(Ljf;)V	processPacket
METHOD	jh	b	()Ljava/security/PublicKey;	getPublicKey
METHOD	jh	b	(Lem;)V	writePacketData
METHOD	jh	c	()[B	getVerifyToken
METHOD	ji	a	()I	getCompressionTreshold
METHOD	ji	a	(Lem;)V	readPacketData
METHOD	ji	a	(Lep;)V	processPacket
METHOD	ji	a	(Ljf;)V	processPacket
METHOD	ji	b	(Lem;)V	writePacketData
METHOD	jj	a	()Leu;	func_149603_c
METHOD	jj	a	(Lem;)V	readPacketData
METHOD	jj	a	(Lep;)V	processPacket
METHOD	jj	a	(Ljf;)V	processPacket
METHOD	jj	b	(Lem;)V	writePacketData
METHOD	jk	a	(Ljl;)V	processLoginStart
METHOD	jk	a	(Ljm;)V	processEncryptionResponse
METHOD	jl	a	()Lcom/mojang/authlib/GameProfile;	getProfile
METHOD	jl	a	(Lem;)V	readPacketData
METHOD	jl	a	(Lep;)V	processPacket
METHOD	jl	a	(Ljk;)V	processPacket
METHOD	jl	b	(Lem;)V	writePacketData
METHOD	jm	a	(Lem;)V	readPacketData
METHOD	jm	a	(Lep;)V	processPacket
METHOD	jm	a	(Ljava/security/PrivateKey;)Ljavax/crypto/SecretKey;	getSecretKey
METHOD	jm	a	(Ljk;)V	processPacket
METHOD	jm	b	(Lem;)V	writePacketData
METHOD	jm	b	(Ljava/security/PrivateKey;)[B	getVerifyToken
METHOD	jp	a	(Ljq;)V	handlePong
METHOD	jp	a	(Ljr;)V	handleServerInfo
METHOD	jq	a	(Lem;)V	readPacketData
METHOD	jq	a	(Lep;)V	processPacket
METHOD	jq	a	(Ljp;)V	processPacket
METHOD	jq	b	(Lem;)V	writePacketData
METHOD	jr	a	()Ljs;	getResponse
METHOD	jr	a	(Lem;)V	readPacketData
METHOD	jr	a	(Lep;)V	processPacket
METHOD	jr	a	(Ljp;)V	processPacket
METHOD	jr	b	(Lem;)V	writePacketData
METHOD	js$a$a	a	(Lcom/google/gson/JsonElement;Ljava/lang/reflect/Type;Lcom/google/gson/JsonDeserializationContext;)Ljs$a;	deserialize
METHOD	js$a$a	a	(Ljs$a;Ljava/lang/reflect/Type;Lcom/google/gson/JsonSerializationContext;)Lcom/google/gson/JsonElement;	serialize
METHOD	js$a$a	deserialize	(Lcom/google/gson/JsonElement;Ljava/lang/reflect/Type;Lcom/google/gson/JsonDeserializationContext;)Ljava/lang/Object;	deserialize
METHOD	js$a$a	serialize	(Ljava/lang/Object;Ljava/lang/reflect/Type;Lcom/google/gson/JsonSerializationContext;)Lcom/google/gson/JsonElement;	serialize
METHOD	js$a	a	()I	getMaxPlayers
METHOD	js$a	a	([Lcom/mojang/authlib/GameProfile;)V	setPlayers
METHOD	js$a	b	()I	getOnlinePlayerCount
METHOD	js$a	c	()[Lcom/mojang/authlib/GameProfile;	getPlayers
METHOD	js$b	a	(Lcom/google/gson/JsonElement;Ljava/lang/reflect/Type;Lcom/google/gson/JsonDeserializationContext;)Ljs;	deserialize
METHOD	js$b	a	(Ljs;Ljava/lang/reflect/Type;Lcom/google/gson/JsonSerializationContext;)Lcom/google/gson/JsonElement;	serialize
METHOD	js$b	deserialize	(Lcom/google/gson/JsonElement;Ljava/lang/reflect/Type;Lcom/google/gson/JsonDeserializationContext;)Ljava/lang/Object;	deserialize
METHOD	js$b	serialize	(Ljava/lang/Object;Ljava/lang/reflect/Type;Lcom/google/gson/JsonSerializationContext;)Lcom/google/gson/JsonElement;	serialize
METHOD	js$c$a	a	(Lcom/google/gson/JsonElement;Ljava/lang/reflect/Type;Lcom/google/gson/JsonDeserializationContext;)Ljs$c;	deserialize
METHOD	js$c$a	a	(Ljs$c;Ljava/lang/reflect/Type;Lcom/google/gson/JsonSerializationContext;)Lcom/google/gson/JsonElement;	serialize
METHOD	js$c$a	deserialize	(Lcom/google/gson/JsonElement;Ljava/lang/reflect/Type;Lcom/google/gson/JsonDeserializationContext;)Ljava/lang/Object;	deserialize
METHOD	js$c$a	serialize	(Ljava/lang/Object;Ljava/lang/reflect/Type;Lcom/google/gson/JsonSerializationContext;)Lcom/google/gson/JsonElement;	serialize
METHOD	js$c	a	()Ljava/lang/String;	getName
METHOD	js$c	b	()I	getProtocol
METHOD	js	a	()Leu;	getServerDescription
METHOD	js	a	(Leu;)V	setServerDescription
METHOD	js	a	(Ljava/lang/String;)V	setFavicon
METHOD	js	a	(Ljs$a;)V	setPlayerCountData
METHOD	js	a	(Ljs$c;)V	setProtocolVersionInfo
METHOD	js	b	()Ljs$a;	getPlayerCountData
METHOD	js	c	()Ljs$c;	getProtocolVersionInfo
METHOD	js	d	()Ljava/lang/String;	getFavicon
METHOD	jt	a	(Lju;)V	processPing
METHOD	jt	a	(Ljv;)V	processServerQuery
METHOD	ju	a	()J	getClientTime
METHOD	ju	a	(Lem;)V	readPacketData
METHOD	ju	a	(Lep;)V	processPacket
METHOD	ju	a	(Ljt;)V	processPacket
METHOD	ju	b	(Lem;)V	writePacketData
METHOD	jv	a	(Lem;)V	readPacketData
METHOD	jv	a	(Lep;)V	processPacket
METHOD	jv	a	(Ljt;)V	processPacket
METHOD	jv	b	(Lem;)V	writePacketData
METHOD	jy	a	()Ljava/lang/String;	getResourcePath
METHOD	jy	a	(Ljava/lang/String;)[Ljava/lang/String;	splitObjectName
METHOD	jy	b	()Ljava/lang/String;	getResourceDomain
METHOD	jy	equals	(Ljava/lang/Object;)Z	equals
METHOD	jy	hashCode	()I	hashCode
METHOD	jy	toString	()Ljava/lang/String;	toString
METHOD	k	a	(Lm;)Z	canCommandSenderUseCommand
METHOD	k	a	(Lm;[Ljava/lang/String;)V	processCommand
METHOD	k	a	(Lm;[Ljava/lang/String;Lcj;)Ljava/util/List;	addTabCompletionOptions
METHOD	k	b	()Ljava/util/List;	getCommandAliases
METHOD	k	b	([Ljava/lang/String;I)Z	isUsernameIndex
METHOD	k	c	()Ljava/lang/String;	getCommandName
METHOD	k	c	(Lm;)Ljava/lang/String;	getCommandUsage
METHOD	ka	a	()F	func_82498_a
METHOD	ka	a	(Ladm;Lcz;)Lwv;	getProjectileEntity
METHOD	ka	a	(Lck;)V	playDispenseSound
METHOD	ka	b	()F	func_82500_b
METHOD	ka	b	(Lck;Lzx;)Lzx;	dispenseStack
METHOD	kb$1	a	(Ladm;Lcz;)Lwv;	getProjectileEntity
METHOD	kb$10	a	(Ladm;Lcz;)Lwv;	getProjectileEntity
METHOD	kb$11	a	()F	func_82498_a
METHOD	kb$11	a	(Ladm;Lcz;)Lwv;	getProjectileEntity
METHOD	kb$11	b	()F	func_82500_b
METHOD	kb$12$1	a	()F	func_82498_a
METHOD	kb$12$1	a	(Ladm;Lcz;)Lwv;	getProjectileEntity
METHOD	kb$12$1	b	()F	func_82500_b
METHOD	kb$12	a	(Lck;Lzx;)Lzx;	dispense
METHOD	kb$13	b	(Lck;Lzx;)Lzx;	dispenseStack
METHOD	kb$14	a	(Lck;)V	playDispenseSound
METHOD	kb$14	b	(Lck;Lzx;)Lzx;	dispenseStack
METHOD	kb$15	a	(Lck;)V	playDispenseSound
METHOD	kb$15	b	(Lck;Lzx;)Lzx;	dispenseStack
METHOD	kb$16	a	(Lck;)V	playDispenseSound
METHOD	kb$16	b	(Lck;Lzx;)Lzx;	dispenseStack
METHOD	kb$2	b	(Lck;Lzx;)Lzx;	dispenseStack
METHOD	kb$3	b	(Lck;Lzx;)Lzx;	dispenseStack
METHOD	kb$4	a	(Lck;)V	playDispenseSound
METHOD	kb$4	b	(Lck;Lzx;)Lzx;	dispenseStack
METHOD	kb$5	a	(Lck;)V	playDispenseSound
METHOD	kb$5	b	(Lck;Lzx;)Lzx;	dispenseStack
METHOD	kb$6	b	(Lck;Lzx;)Lzx;	dispenseStack
METHOD	kb$7	a	(Lck;)V	playDispenseSound
METHOD	kb$7	b	(Lck;Lzx;)Lzx;	dispenseStack
METHOD	kb$8	a	(Lck;)V	playDispenseSound
METHOD	kb$8	b	(Lck;Lzx;)Lzx;	dispenseStack
METHOD	kb$9	a	(Ladm;Lcz;)Lwv;	getProjectileEntity
METHOD	kb	a	()Z	isRegistered
METHOD	kb	a	(Ljava/lang/String;)V	printToSYSOUT
METHOD	kb	b	()V	registerDispenserBehaviors
METHOD	kb	c	()V	register
METHOD	kb	d	()V	redirectOutputToLog
METHOD	kc$a	a	(Ljava/lang/String;)V	func_151373_a
METHOD	kc$a	a	(Lkc$a;Ljava/lang/String;)V	access$100
METHOD	kc$a	b	()Ljava/lang/String;	func_151372_b
METHOD	kc$a	b	(Lkc$a;Ljava/lang/String;)Ljava/lang/String;	access$202
METHOD	kc$a	toString	()Ljava/lang/String;	toString
METHOD	kc	a	(Ljava/lang/Exception;)Lkc;	func_151379_a
METHOD	kc	a	(Ljava/lang/String;)V	func_151380_a
METHOD	kc	b	(Ljava/lang/String;)V	func_151381_b
METHOD	kc	getMessage	()Ljava/lang/String;	getMessage
METHOD	kf	a	()Z	hasAcceptedEULA
METHOD	kf	a	(Ljava/io/File;)Z	loadEULAFile
METHOD	kf	b	()V	createEULAFile
METHOD	kg	a	(Ljava/lang/String;)V	logString
METHOD	kg	println	(Ljava/lang/Object;)V	println
METHOD	kg	println	(Ljava/lang/String;)V	println
METHOD	ki	fillInStackTrace	()Ljava/lang/Throwable;	fillInStackTrace
METHOD	kj	E	()Ljava/lang/String;	getHostname
METHOD	kj	F	()I	getPort
METHOD	kj	G	()Ljava/lang/String;	getMotd
METHOD	kj	H	()Ljava/lang/String;	getMinecraftVersion
METHOD	kj	I	()I	getCurrentPlayerCount
METHOD	kj	J	()I	getMaxPlayers
METHOD	kj	K	()[Ljava/lang/String;	getAllUsernames
METHOD	kj	M	()Z	isDebuggingEnabled
METHOD	kj	U	()Ljava/lang/String;	getFolderName
METHOD	kj	a	()V	saveProperties
METHOD	kj	a	(Ljava/lang/String;I)I	getIntProperty
METHOD	kj	a	(Ljava/lang/String;Ljava/lang/Object;)V	setProperty
METHOD	kj	a	(Ljava/lang/String;Ljava/lang/String;)Ljava/lang/String;	getStringProperty
METHOD	kj	a_	(Ljava/lang/String;)Ljava/lang/String;	handleRConCommand
METHOD	kj	b	()Ljava/lang/String;	getSettingsFilename
METHOD	kj	d_	()Ljava/lang/String;	getPlugins
METHOD	kj	e	(Ljava/lang/String;)V	logInfo
METHOD	kj	f	(Ljava/lang/String;)V	logWarning
METHOD	kj	g	(Ljava/lang/String;)V	logSevere
METHOD	kj	h	(Ljava/lang/String;)V	logDebug
METHOD	kk	a	(ILauk;)V	setObjectiveInDisplaySlot
METHOD	kk	a	(Lauk;)V	onScoreObjectiveAdded
METHOD	kk	a	(Laul;)V	broadcastTeamCreated
METHOD	kk	a	(Laum;)V	func_96536_a
METHOD	kk	a	(Laup;)V	func_96547_a
METHOD	kk	a	(Ljava/lang/String;)V	func_96516_a
METHOD	kk	a	(Ljava/lang/String;Lauk;)V	func_178820_a
METHOD	kk	a	(Ljava/lang/String;Laul;)V	removePlayerFromTeam
METHOD	kk	a	(Ljava/lang/String;Ljava/lang/String;)Z	addPlayerToTeam
METHOD	kk	b	()V	markSaveDataDirty
METHOD	kk	b	(Lauk;)V	onObjectiveDisplayNameChanged
METHOD	kk	b	(Laul;)V	sendTeamUpdate
METHOD	kk	c	(Lauk;)V	onScoreObjectiveRemoved
METHOD	kk	c	(Laul;)V	func_96513_c
METHOD	kk	d	(Lauk;)Ljava/util/List;	func_96550_d
METHOD	kk	e	(Lauk;)V	func_96549_e
METHOD	kk	f	(Lauk;)Ljava/util/List;	func_96548_f
METHOD	kk	g	(Lauk;)V	sendDisplaySlotRemovalPackets
METHOD	kk	h	(Lauk;)I	func_96552_h
METHOD	kl	a	()V	generateNewProperties
METHOD	kl	a	(Ljava/lang/String;I)I	getIntProperty
METHOD	kl	a	(Ljava/lang/String;J)J	getLongProperty
METHOD	kl	a	(Ljava/lang/String;Ljava/lang/Object;)V	setProperty
METHOD	kl	a	(Ljava/lang/String;Ljava/lang/String;)Ljava/lang/String;	getStringProperty
METHOD	kl	a	(Ljava/lang/String;Z)Z	getBooleanProperty
METHOD	kl	b	()V	saveProperties
METHOD	kl	c	()Ljava/io/File;	getPropertiesFile
METHOD	km	c	()V	update
METHOD	kn	A	()V	loadOpsList
METHOD	kn	B	()V	saveOpsList
METHOD	kn	C	()V	readWhiteList
METHOD	kn	D	()V	saveWhiteList
METHOD	kn	a	()V	loadWhiteList
METHOD	kn	a	(Lcom/mojang/authlib/GameProfile;)V	addOp
METHOD	kn	a	(Z)V	setWhiteListEnabled
METHOD	kn	b	()Lko;	getServerInstance
METHOD	kn	b	(Lcom/mojang/authlib/GameProfile;)V	removeOp
METHOD	kn	c	()Lnet/minecraft/server/MinecraftServer;	getServerInstance
METHOD	kn	c	(Lcom/mojang/authlib/GameProfile;)V	removePlayerFromWhitelist
METHOD	kn	d	(Lcom/mojang/authlib/GameProfile;)V	addWhitelistedPlayer
METHOD	kn	e	(Lcom/mojang/authlib/GameProfile;)Z	canJoin
METHOD	kn	f	(Lcom/mojang/authlib/GameProfile;)Z	bypassesPlayerLimit
METHOD	kn	w	()V	saveIpBanList
METHOD	kn	x	()V	saveUserBanList
METHOD	kn	y	()V	loadIpBanList
METHOD	kn	z	()V	loadUserBansList
METHOD	ko$1	run	()V	run
METHOD	ko$2	run	()V	run
METHOD	ko$3	a	()Ljava/lang/String;	call
METHOD	ko$3	call	()Ljava/lang/Object;	call
METHOD	ko$4	a	()Ljava/lang/String;	call
METHOD	ko$4	call	()Ljava/lang/Object;	call
METHOD	ko	B	()V	updateTimeLightAndEntities
METHOD	ko	C	()Z	getAllowNether
METHOD	ko	W	()Z	allowSpawnMonsters
METHOD	ko	a	()V	saveProperties
METHOD	ko	a	(Ladm;Lcj;Lwn;)Z	isBlockProtected
METHOD	ko	a	(Ladp$a;)V	setGameType
METHOD	ko	a	(Ladp$a;Z)Ljava/lang/String;	shareToLAN
METHOD	ko	a	(Lb;)V	finalTick
METHOD	ko	a	(Ljava/lang/String;I)I	getIntProperty
METHOD	ko	a	(Ljava/lang/String;Ljava/lang/Object;)V	setProperty
METHOD	ko	a	(Ljava/lang/String;Ljava/lang/String;)Ljava/lang/String;	getStringProperty
METHOD	ko	a	(Ljava/lang/String;Lm;)V	addPendingCommand
METHOD	ko	a	(Ljava/lang/String;Z)Z	getBooleanProperty
METHOD	ko	a	(Lor;)V	addServerStatsToSnooper
METHOD	ko	aB	()Z	isAnnouncingPlayerAchievements
METHOD	ko	aI	()I	getMaxWorldSize
METHOD	ko	aK	()I	getNetworkCompressionTreshold
METHOD	ko	aO	()V	executePendingCommands
METHOD	ko	aP	()Lkn;	getConfigurationManager
METHOD	ko	aQ	()V	setGuiEnabled
METHOD	ko	aR	()Z	convertFiles
METHOD	ko	aS	()J	getMaxTickTime
METHOD	ko	aT	()Lorg/apache/logging/log4j/Logger;	access$000
METHOD	ko	aU	()V	sleepFiveSeconds
METHOD	ko	a_	(Ljava/lang/String;)Ljava/lang/String;	handleRConCommand
METHOD	ko	ad	()Z	isSnooperEnabled
METHOD	ko	ae	()Z	isDedicatedServer
METHOD	ko	ai	()Z	shouldUseNativeTransport
METHOD	ko	al	()Z	isCommandBlockEnabled
METHOD	ko	ap	()Llx;	getConfigurationManager
METHOD	ko	as	()Z	getGuiEnabled
METHOD	ko	aw	()I	getSpawnProtectionSize
METHOD	ko	b	()Ljava/lang/String;	getSettingsFilename
METHOD	ko	b	(Lb;)Lb;	addServerInfoToCrashReport
METHOD	ko	d	(I)V	setPlayerIdleTimeout
METHOD	ko	d_	()Ljava/lang/String;	getPlugins
METHOD	ko	i	()Z	startServer
METHOD	ko	l	()Z	canStructuresSpawn
METHOD	ko	m	()Ladp$a;	getGameType
METHOD	ko	n	()Loj;	getDifficulty
METHOD	ko	o	()Z	isHardcore
METHOD	ko	p	()I	getOpPermissionLevel
METHOD	ko	q	()Z	shouldBroadcastRconToOps
METHOD	ko	r	()Z	shouldBroadcastConsoleToOps
METHOD	ko	z	()V	systemExitNow
METHOD	kp$1	run	()V	run
METHOD	kp	a	()V	scheduleHalt
METHOD	kp	run	()V	run
METHOD	kr$1	windowClosing	(Ljava/awt/event/WindowEvent;)V	windowClosing
METHOD	kr$2	actionPerformed	(Ljava/awt/event/ActionEvent;)V	actionPerformed
METHOD	kr$3	focusGained	(Ljava/awt/event/FocusEvent;)V	focusGained
METHOD	kr$4	run	()V	run
METHOD	kr$5	run	()V	run
METHOD	kr	a	()Ljavax/swing/JComponent;	getStatsComponent
METHOD	kr	a	(Ljavax/swing/JTextArea;Ljavax/swing/JScrollPane;Ljava/lang/String;)V	func_164247_a
METHOD	kr	a	(Lko;)V	createServerGui
METHOD	kr	a	(Lkr;)Lko;	access$000
METHOD	kr	b	()Ljavax/swing/JComponent;	getPlayerListComponent
METHOD	kr	c	()Ljavax/swing/JComponent;	getLogComponent
METHOD	ks	c	()V	update
METHOD	kt$1	actionPerformed	(Ljava/awt/event/ActionEvent;)V	actionPerformed
METHOD	kt	a	()V	func_120034_a
METHOD	kt	a	(Lkt;)V	access$000
METHOD	kt	a	([J)D	func_120035_a
METHOD	kt	paint	(Ljava/awt/Graphics;)V	paint
METHOD	kw	a	(I)V	setPartialBlockDamage
METHOD	kw	b	()Lcj;	getPosition
METHOD	kw	b	(I)V	setCloudUpdateTick
METHOD	kw	c	()I	getPartialBlockDamage
METHOD	kw	d	()I	getCreationCloudUpdateTick
METHOD	ky	a	()V	updateBlockRemoving
METHOD	ky	a	(Lcj;)V	blockRemoving
METHOD	ky	a	(Lcj;Lcq;)V	onBlockClicked
METHOD	ky	a	(Lwn;Ladm;Lzx;)Z	tryUseItem
METHOD	ky	a	(Lwn;Ladm;Lzx;Lcj;Lcq;FFF)Z	activateBlockOrUseItem
METHOD	ky	b	(Lcj;)Z	tryHarvestBlock
METHOD	ky	f	()V	sendDemoReminder
METHOD	kz$1	a	(Lams;D)V	onSizeChanged
METHOD	kz$1	a	(Lams;DD)V	onCenterChanged
METHOD	kz$1	a	(Lams;DDJ)V	onTransitionStarted
METHOD	kz$1	a	(Lams;I)V	onWarningTimeChanged
METHOD	kz$1	b	(Lams;D)V	onDamageAmountChanged
METHOD	kz$1	b	(Lams;I)V	onWarningDistanceChanged
METHOD	kz$1	c	(Lams;D)V	onDamageBufferChanged
METHOD	kz	a	()V	saveLevel
METHOD	kz	b	()Ladm;	init
METHOD	l	a	()Ljava/util/Map;	getCommands
METHOD	l	a	(Lm;)Ljava/util/List;	getPossibleCommands
METHOD	l	a	(Lm;Ljava/lang/String;)I	executeCommand
METHOD	l	a	(Lm;Ljava/lang/String;Lcj;)Ljava/util/List;	getTabCompletionOptions
METHOD	la$1	a	()Ljava/lang/String;	call
METHOD	la$1	call	()Ljava/lang/Object;	call
METHOD	la	a	()V	updateTrackedEntities
METHOD	la	a	(Llf;)V	func_180245_a
METHOD	la	a	(Llf;Lamy;)V	func_85172_a
METHOD	la	a	(Lpk;)V	trackEntity
METHOD	la	a	(Lpk;II)V	trackEntity
METHOD	la	a	(Lpk;IIZ)V	addEntityToTracker
METHOD	la	a	(Lpk;Lff;)V	sendToAllTrackingEntity
METHOD	la	b	(Llf;)V	removePlayerFromTrackers
METHOD	la	b	(Lpk;)V	untrackEntity
METHOD	la	b	(Lpk;Lff;)V	func_151248_b
METHOD	lb	a	(IIIIII)V	markBlockRangeForRenderUpdate
METHOD	lb	a	(ILcj;I)V	broadcastSound
METHOD	lb	a	(IZDDDDDD[I)V	spawnParticle
METHOD	lb	a	(Lcj;)V	markBlockForUpdate
METHOD	lb	a	(Ljava/lang/String;DDDFF)V	playSound
METHOD	lb	a	(Ljava/lang/String;Lcj;)V	playRecord
METHOD	lb	a	(Lpk;)V	onEntityAdded
METHOD	lb	a	(Lwn;ILcj;I)V	playAuxSFX
METHOD	lb	a	(Lwn;Ljava/lang/String;DDDFF)V	playSoundToNearExcept
METHOD	lb	b	(ILcj;I)V	sendBlockBreakProgress
METHOD	lb	b	(Lcj;)V	notifyLightSet
METHOD	lb	b	(Lpk;)V	onEntityRemoved
METHOD	lc$a	a	()V	processChunk
METHOD	lc$a	a	(III)V	flagChunkForUpdate
METHOD	lc$a	a	(Lakw;)V	sendTileToAllPlayersWatchingChunk
METHOD	lc$a	a	(Lamy;)V	increaseInhabitedTime
METHOD	lc$a	a	(Lff;)V	sendToAllPlayersWatchingChunk
METHOD	lc$a	a	(Llc$a;)Ladg;	access$500
METHOD	lc$a	a	(Llf;)V	addPlayer
METHOD	lc$a	b	()V	onUpdate
METHOD	lc$a	b	(Llc$a;)Ljava/util/List;	access$600
METHOD	lc$a	b	(Llf;)V	removePlayer
METHOD	lc	a	()Lle;	getWorldServer
METHOD	lc	a	(I)V	setPlayerViewRadius
METHOD	lc	a	(II)Z	hasPlayerInstance
METHOD	lc	a	(IIIII)Z	overlaps
METHOD	lc	a	(IIZ)Llc$a;	getPlayerInstance
METHOD	lc	a	(Lcj;)V	markBlockForUpdate
METHOD	lc	a	(Llc;)Lle;	access$100
METHOD	lc	a	(Llf;)V	addPlayer
METHOD	lc	a	(Llf;II)Z	isPlayerWatchingChunk
METHOD	lc	b	()V	updatePlayerInstances
METHOD	lc	b	(I)I	getFurthestViewableBlock
METHOD	lc	b	(Llc;)Lnq;	access$200
METHOD	lc	b	(Llf;)V	filterChunkLoadQueue
METHOD	lc	c	()Lorg/apache/logging/log4j/Logger;	access$000
METHOD	lc	c	(Llc;)Ljava/util/List;	access$300
METHOD	lc	c	(Llf;)V	removePlayer
METHOD	lc	d	(Llc;)Ljava/util/List;	access$400
METHOD	lc	d	(Llf;)V	updateMountedMovingPlayer
METHOD	ld	a	()Ljava/util/List;	func_152380_a
METHOD	ld	a	(II)Z	chunkExists
METHOD	ld	a	(Ladm;Ljava/lang/String;Lcj;)Lcj;	getStrongholdGen
METHOD	ld	a	(Lamv;II)V	populate
METHOD	ld	a	(Lamv;Lamy;II)Z	populateChunk
METHOD	ld	a	(Lamy;)V	saveChunkExtraData
METHOD	ld	a	(Lamy;II)V	recreateStructures
METHOD	ld	a	(Lcj;)Lamy;	provideChunk
METHOD	ld	a	(Lpt;Lcj;)Ljava/util/List;	getPossibleCreatures
METHOD	ld	a	(ZLnu;)Z	saveChunks
METHOD	ld	b	()V	unloadAllChunks
METHOD	ld	b	(II)V	dropChunk
METHOD	ld	b	(Lamy;)V	saveChunkData
METHOD	ld	c	()V	saveExtraData
METHOD	ld	c	(II)Lamy;	loadChunk
METHOD	ld	d	()Z	unloadQueuedChunks
METHOD	ld	d	(II)Lamy;	provideChunk
METHOD	ld	e	()Z	canSave
METHOD	ld	e	(II)Lamy;	loadChunkFromFile
METHOD	ld	f	()Ljava/lang/String;	makeString
METHOD	ld	g	()I	getLoadedChunkCount
METHOD	le$1	a	(Lpr;)Z	apply
METHOD	le$1	apply	(Ljava/lang/Object;)Z	apply
METHOD	le	a	()V	saveLevel
METHOD	le	a	(IIIIII)Ljava/util/List;	getTileEntitiesIn
METHOD	le	a	(Lade;)Z	fireBlockEvent
METHOD	le	a	(Ladp;)V	initialize
METHOD	le	a	(Lamy;Z)Ljava/util/List;	getPendingBlockUpdates
METHOD	le	a	(Laqe;Z)Ljava/util/List;	func_175712_a
METHOD	le	a	(Lcj;)Lcj;	adjustPosToNearbyEntity
METHOD	le	a	(Lcj;Lafh;)Z	isBlockTickPending
METHOD	le	a	(Lcj;Lafh;I)V	scheduleUpdate
METHOD	le	a	(Lcj;Lafh;II)V	updateBlockTick
METHOD	le	a	(Lcy;DDDIDDDD[I)V	spawnParticle
METHOD	le	a	(Lcy;ZDDDIDDDD[I)V	spawnParticle
METHOD	le	a	(Ljava/lang/Runnable;)Lcom/google/common/util/concurrent/ListenableFuture;	addScheduledTask
METHOD	le	a	(Ljava/util/UUID;)Lpk;	getEntityFromUuid
METHOD	le	a	(Lpk;)V	onEntityAdded
METHOD	le	a	(Lpk;B)V	setEntityState
METHOD	le	a	(Lpk;DDDFZZ)Ladi;	newExplosion
METHOD	le	a	(Lpk;Z)V	updateEntityWithOptionalForce
METHOD	le	a	(Lpt;Lady$c;Lcj;)Z	canCreatureTypeSpawnHere
METHOD	le	a	(Lpt;Lcj;)Lady$c;	getSpawnListEntryForTypeAt
METHOD	le	a	(Lwn;Lcj;)Z	isBlockModifiable
METHOD	le	a	(Z)Z	tickUpdates
METHOD	le	a	(ZLnu;)V	saveAllChunks
METHOD	le	aJ	()Z	isCallingFromMinecraftThread
METHOD	le	ag	()V	resetRainAndThunder
METHOD	le	ah	()Z	canSpawnNPCs
METHOD	le	ai	()Z	canSpawnAnimals
METHOD	le	aj	()V	setDebugWorldSettings
METHOD	le	ak	()V	sendQueuedBlockEvents
METHOD	le	b	()Ladm;	init
METHOD	le	b	(Ladp;)V	createSpawnPosition
METHOD	le	b	(Lcj;Lafh;II)V	scheduleBlockUpdate
METHOD	le	b	(Lpk;)V	onEntityRemoved
METHOD	le	c	()V	tick
METHOD	le	c	(Lcj;Lafh;II)V	addBlockEvent
METHOD	le	c	(Lpk;)Z	addWeatherEffect
METHOD	le	d	()V	updateAllPlayersSleepingFlag
METHOD	le	e	()V	wakeAllPlayers
METHOD	le	f	()Z	areAllPlayersAsleep
METHOD	le	g	()V	setInitialSpawnLocation
METHOD	le	h	()V	updateBlocks
METHOD	le	i	()V	updateEntities
METHOD	le	j	()V	resetUpdateEntityTick
METHOD	le	k	()Lamv;	createChunkProvider
METHOD	le	l	()V	createBonusChest
METHOD	le	m	()Lcj;	getSpawnCoordinate
METHOD	le	n	()V	saveChunkData
METHOD	le	o	()V	flush
METHOD	le	p	()V	updateWeather
METHOD	le	q	()I	getRenderDistanceChunks
METHOD	le	r	()Lnet/minecraft/server/MinecraftServer;	getMinecraftServer
METHOD	le	s	()Lla;	getEntityTracker
METHOD	le	t	()Llc;	getPlayerManager
METHOD	le	u	()Ladu;	getDefaultTeleporter
METHOD	lf	A	()Lmv;	getStatFile
METHOD	lf	B	()V	updatePotionMetadata
METHOD	lf	C	()Lpk;	getSpectatingEntity
METHOD	lf	D	()J	getLastActiveTime
METHOD	lf	E	()Leu;	getTabListDisplayName
METHOD	lf	a	(DDD)V	setPositionAndUpdate
METHOD	lf	a	(DZ)V	handleFalling
METHOD	lf	a	(DZLafh;Lcj;)V	updateFallState
METHOD	lf	a	(FFZZ)V	setEntityActionState
METHOD	lf	a	(I)V	addExperienceLevel
METHOD	lf	a	(ILjava/lang/String;)Z	canCommandSenderUseCommand
METHOD	lf	a	(Lacy;)V	displayVillagerTradeGui
METHOD	lf	a	(Ladp$a;)V	setGameType
METHOD	lf	a	(Lakw;)V	sendTileEntityUpdate
METHOD	lf	a	(Laln;)V	openEditSign
METHOD	lf	a	(Lcj;)Lwn$a;	trySleep
METHOD	lf	a	(Ldn;)V	readEntityFromNBT
METHOD	lf	a	(Leu;)V	addChatMessage
METHOD	lf	a	(Lih;)V	handleClientSettings
METHOD	lf	a	(Ljava/lang/String;Ljava/lang/String;)V	loadResourcePack
METHOD	lf	a	(Llf;)Z	isSpectatedByPlayer
METHOD	lf	a	(Lmw;)V	func_175145_a
METHOD	lf	a	(Lmw;I)V	addStat
METHOD	lf	a	(Log;)V	displayGUIChest
METHOD	lf	a	(Lol;)V	displayGui
METHOD	lf	a	(Low;)V	onDeath
METHOD	lf	a	(Low;F)Z	attackEntityFrom
METHOD	lf	a	(Lpf;)V	onNewPotionEffect
METHOD	lf	a	(Lpf;Z)V	onChangedPotionEffect
METHOD	lf	a	(Lpk;)V	mountEntity
METHOD	lf	a	(Lpk;I)V	onItemPickup
METHOD	lf	a	(Ltp;Log;)V	displayGUIHorse
METHOD	lf	a	(Lwn;)Z	canAttackPlayer
METHOD	lf	a	(Lwn;Z)V	clonePlayer
METHOD	lf	a	(Lxi;)V	sendContainerToPlayer
METHOD	lf	a	(Lxi;II)V	sendProgressBarUpdate
METHOD	lf	a	(Lxi;ILzx;)V	sendSlotContents
METHOD	lf	a	(Lxi;Ljava/util/List;)V	updateCraftingInventory
METHOD	lf	a	(Lxi;Log;)V	sendAllWindowProperties
METHOD	lf	a	(Lzx;)V	displayGUIBook
METHOD	lf	a	(Lzx;I)V	setItemInUse
METHOD	lf	a	(ZZZ)V	wakeUpPlayer
METHOD	lf	b	(I)V	removeExperienceLevel
METHOD	lf	b	(Ldn;)V	writeEntityToNBT
METHOD	lf	b	(Leu;)V	addChatComponentMessage
METHOD	lf	b	(Lpf;)V	onFinishedPotionEffect
METHOD	lf	b	(Lpk;)V	onCriticalHit
METHOD	lf	c	()Lcj;	getPosition
METHOD	lf	c	(I)V	travelToDimension
METHOD	lf	c	(Lpk;)V	onEnchantmentCritical
METHOD	lf	cr	()Z	canPlayersAttack
METHOD	lf	cs	()V	getNextWindowId
METHOD	lf	d	(Lpk;)V	removeEntity
METHOD	lf	e	(Lpk;)V	setSpectatingEntity
METHOD	lf	f	(Lpk;)V	attackTargetEntityWithCurrentItem
METHOD	lf	g_	()V	addSelfToInternalCraftingInventory
METHOD	lf	h_	()V	sendEnterCombat
METHOD	lf	i_	()V	updateBiomesExplored
METHOD	lf	j	()V	sendEndCombat
METHOD	lf	l	()V	onUpdateEntity
METHOD	lf	n	()V	closeScreen
METHOD	lf	o	()V	updateHeldItem
METHOD	lf	p	()V	closeContainer
METHOD	lf	q	()V	mountEntityAndWakeUp
METHOD	lf	r	()V	setPlayerHealthUpdated
METHOD	lf	s	()V	onItemUseFinish
METHOD	lf	t	()V	sendPlayerAbilities
METHOD	lf	t_	()V	onUpdate
METHOD	lf	u	()Lle;	getServerForPlayer
METHOD	lf	v	()Z	isSpectator
METHOD	lf	w	()Ljava/lang/String;	getPlayerIP
METHOD	lf	y	()Lwn$b;	getChatVisibility
METHOD	lf	z	()V	markPlayerActive
METHOD	lg	a	()V	updateBlockRemoving
METHOD	lg	a	(Ladp$a;)V	setGameType
METHOD	lg	a	(Lcj;)V	blockRemoving
METHOD	lg	a	(Lcj;Lcq;)V	onBlockClicked
METHOD	lg	a	(Lle;)V	setWorld
METHOD	lg	a	(Lwn;Ladm;Lzx;)Z	tryUseItem
METHOD	lg	a	(Lwn;Ladm;Lzx;Lcj;Lcq;FFF)Z	activateBlockOrUseItem
METHOD	lg	b	()Ladp$a;	getGameType
METHOD	lg	b	(Ladp$a;)V	initializeGameType
METHOD	lg	b	(Lcj;)Z	tryHarvestBlock
METHOD	lg	c	()Z	survivalOrAdventure
METHOD	lg	c	(Lcj;)Z	removeBlock
METHOD	lg	d	()Z	isCreative
METHOD	lg	e	()V	cancelDestroyingBlock
METHOD	lh	a	()V	sendDestroyEntityPacketToTrackedPlayers
METHOD	lh	a	(Lff;)V	sendPacketToTrackedPlayers
METHOD	lh	a	(Ljava/util/List;)V	updatePlayerList
METHOD	lh	a	(Llf;)V	removeFromTrackedPlayers
METHOD	lh	b	()V	sendMetadataToAllAssociatedPlayers
METHOD	lh	b	(Lff;)V	func_151261_b
METHOD	lh	b	(Ljava/util/List;)V	updatePlayerEntities
METHOD	lh	b	(Llf;)V	updatePlayerEntity
METHOD	lh	c	()Lff;	createSpawnPacket
METHOD	lh	c	(Llf;)Z	func_180233_c
METHOD	lh	d	(Llf;)V	removeTrackedPlayerSymmetric
METHOD	lh	e	(Llf;)Z	isPlayerWatchingThisChunk
METHOD	lh	equals	(Ljava/lang/Object;)Z	equals
METHOD	lh	hashCode	()I	hashCode
METHOD	lj	a	(Lio/netty/channel/ChannelHandlerContext;Lio/netty/buffer/ByteBuf;)V	writeAndFlush
METHOD	lj	a	(Ljava/lang/String;)Lio/netty/buffer/ByteBuf;	getStringBuffer
METHOD	lj	channelRead	(Lio/netty/channel/ChannelHandlerContext;Ljava/lang/Object;)V	channelRead
METHOD	lk	a	(Leu;)V	onDisconnect
METHOD	lk	a	(Ljc;)V	processHandshake
METHOD	ll$1	a	()Lio/netty/channel/nio/NioEventLoopGroup;	load
METHOD	ll$1	b	()Ljava/lang/Object;	load
METHOD	ll$2	a	()Lio/netty/channel/epoll/EpollEventLoopGroup;	load
METHOD	ll$2	b	()Ljava/lang/Object;	load
METHOD	ll$3	a	()Lio/netty/channel/local/LocalEventLoopGroup;	load
METHOD	ll$3	b	()Ljava/lang/Object;	load
METHOD	ll$4	initChannel	(Lio/netty/channel/Channel;)V	initChannel
METHOD	ll$5	initChannel	(Lio/netty/channel/Channel;)V	initChannel
METHOD	ll$6	a	()Ljava/lang/String;	call
METHOD	ll$6	call	()Ljava/lang/Object;	call
METHOD	ll$7	operationComplete	(Lio/netty/util/concurrent/Future;)V	operationComplete
METHOD	ll	a	()Ljava/net/SocketAddress;	addLocalEndpoint
METHOD	ll	a	(Ljava/net/InetAddress;I)V	addLanEndpoint
METHOD	ll	a	(Lll;)Ljava/util/List;	access$000
METHOD	ll	b	()V	terminateEndpoints
METHOD	ll	b	(Lll;)Lnet/minecraft/server/MinecraftServer;	access$100
METHOD	ll	c	()V	networkTick
METHOD	ll	d	()Lnet/minecraft/server/MinecraftServer;	getServer
METHOD	lm$1	operationComplete	(Lio/netty/util/concurrent/Future;)V	operationComplete
METHOD	lm$2	run	()V	run
METHOD	lm$3	a	()Ljava/lang/String;	call
METHOD	lm$3	call	()Ljava/lang/Object;	call
METHOD	lm	a	()Lek;	getNetworkManager
METHOD	lm	a	(DDDFF)V	setPlayerLocation
METHOD	lm	a	(DDDFFLjava/util/Set;)V	setPlayerLocation
METHOD	lm	a	(Leu;)V	onDisconnect
METHOD	lm	a	(Lff;)V	sendPacket
METHOD	lm	a	(Lid;)V	processTabComplete
METHOD	lm	a	(Lie;)V	processChatMessage
METHOD	lm	a	(Lig;)V	processClientStatus
METHOD	lm	a	(Lih;)V	processClientSettings
METHOD	lm	a	(Lii;)V	processConfirmTransaction
METHOD	lm	a	(Lij;)V	processEnchantItem
METHOD	lm	a	(Lik;)V	processClickWindow
METHOD	lm	a	(Lil;)V	processCloseWindow
METHOD	lm	a	(Lim;)V	processVanilla250Packet
METHOD	lm	a	(Lin;)V	processUseEntity
METHOD	lm	a	(Lio;)V	processKeepAlive
METHOD	lm	a	(Lip;)V	processPlayer
METHOD	lm	a	(Liq;)V	processPlayerAbilities
METHOD	lm	a	(Lir;)V	processPlayerDigging
METHOD	lm	a	(Lis;)V	processEntityAction
METHOD	lm	a	(Lit;)V	processInput
METHOD	lm	a	(Liu;)V	handleResourcePackStatus
METHOD	lm	a	(Liv;)V	processHeldItemChange
METHOD	lm	a	(Liw;)V	processCreativeInventoryAction
METHOD	lm	a	(Lix;)V	processUpdateSign
METHOD	lm	a	(Liy;)V	handleAnimation
METHOD	lm	a	(Liz;)V	handleSpectate
METHOD	lm	a	(Lja;)V	processPlayerBlockPlacement
METHOD	lm	b	(Lip;)Z	func_183006_b
METHOD	lm	c	()V	update
METHOD	lm	c	(Ljava/lang/String;)V	kickPlayerFromServer
METHOD	lm	d	()J	currentTimeMillis
METHOD	lm	d	(Ljava/lang/String;)V	handleSlashCommand
METHOD	ln	a	(Leu;)V	onDisconnect
METHOD	ln	a	(Ljc;)V	processHandshake
METHOD	lo$1	a	(Lio/netty/channel/ChannelFuture;)V	operationComplete
METHOD	lo$1	operationComplete	(Lio/netty/util/concurrent/Future;)V	operationComplete
METHOD	lo$2	run	()V	run
METHOD	lo$a	values	()[Llo$a;	values
METHOD	lo	a	(Lcom/mojang/authlib/GameProfile;)Lcom/mojang/authlib/GameProfile;	getOfflineProfile
METHOD	lo	a	(Leu;)V	onDisconnect
METHOD	lo	a	(Ljava/lang/String;)V	closeConnection
METHOD	lo	a	(Ljl;)V	processLoginStart
METHOD	lo	a	(Ljm;)V	processEncryptionResponse
METHOD	lo	a	(Llo;)Lnet/minecraft/server/MinecraftServer;	access$000
METHOD	lo	a	(Llo;Lcom/mojang/authlib/GameProfile;)Lcom/mojang/authlib/GameProfile;	access$102
METHOD	lo	a	(Llo;Llo$a;)Llo$a;	access$502
METHOD	lo	b	()V	tryAcceptPlayer
METHOD	lo	b	(Llo;)Lcom/mojang/authlib/GameProfile;	access$100
METHOD	lo	c	()V	update
METHOD	lo	c	(Llo;)Ljava/lang/String;	access$200
METHOD	lo	d	()Ljava/lang/String;	getConnectionInfo
METHOD	lo	d	(Llo;)Ljavax/crypto/SecretKey;	access$300
METHOD	lo	e	()Lorg/apache/logging/log4j/Logger;	access$400
METHOD	lp	a	(Leu;)V	onDisconnect
METHOD	lp	a	(Lju;)V	processPing
METHOD	lp	a	(Ljv;)V	processServerQuery
METHOD	ls	a	(Lcom/google/gson/JsonObject;)V	onSerialization
METHOD	ls	c	()Ljava/util/Date;	getBanEndDate
METHOD	ls	d	()Ljava/lang/String;	getBanReason
METHOD	ls	e	()Z	hasBanExpired
METHOD	lt$1	onProfileLookupFailed	(Lcom/mojang/authlib/GameProfile;Ljava/lang/Exception;)V	onProfileLookupFailed
METHOD	lt$1	onProfileLookupSucceeded	(Lcom/mojang/authlib/GameProfile;)V	onProfileLookupSucceeded
METHOD	lt$2	getActualTypeArguments	()[Ljava/lang/reflect/Type;	getActualTypeArguments
METHOD	lt$2	getOwnerType	()Ljava/lang/reflect/Type;	getOwnerType
METHOD	lt$2	getRawType	()Ljava/lang/reflect/Type;	getRawType
METHOD	lt$a	a	()Lcom/mojang/authlib/GameProfile;	getGameProfile
METHOD	lt$a	a	(Llt$a;)Ljava/util/Date;	access$200
METHOD	lt$a	b	()Ljava/util/Date;	getExpirationDate
METHOD	lt$b	a	(Lcom/google/gson/JsonElement;Ljava/lang/reflect/Type;Lcom/google/gson/JsonDeserializationContext;)Llt$a;	deserialize
METHOD	lt$b	a	(Llt$a;Ljava/lang/reflect/Type;Lcom/google/gson/JsonSerializationContext;)Lcom/google/gson/JsonElement;	serialize
METHOD	lt$b	deserialize	(Lcom/google/gson/JsonElement;Ljava/lang/reflect/Type;Lcom/google/gson/JsonDeserializationContext;)Ljava/lang/Object;	deserialize
METHOD	lt$b	serialize	(Ljava/lang/Object;Ljava/lang/reflect/Type;Lcom/google/gson/JsonSerializationContext;)Lcom/google/gson/JsonElement;	serialize
METHOD	lt	a	()[Ljava/lang/String;	getUsernames
METHOD	lt	a	(I)Ljava/util/List;	getEntriesWithLimit
METHOD	lt	a	(Lcom/mojang/authlib/GameProfile;)V	addEntry
METHOD	lt	a	(Lcom/mojang/authlib/GameProfile;Ljava/util/Date;)V	addEntry
METHOD	lt	a	(Ljava/lang/String;)Lcom/mojang/authlib/GameProfile;	getGameProfileForUsername
METHOD	lt	a	(Ljava/util/UUID;)Lcom/mojang/authlib/GameProfile;	getProfileByUUID
METHOD	lt	a	(Lnet/minecraft/server/MinecraftServer;Ljava/lang/String;)Lcom/mojang/authlib/GameProfile;	getGameProfile
METHOD	lt	b	()V	load
METHOD	lt	b	(Ljava/util/UUID;)Llt$a;	getByUUID
METHOD	lt	c	()V	save
METHOD	lu	a	(Lcom/google/gson/JsonObject;)Lma;	createEntry
METHOD	lu	a	(Ljava/net/SocketAddress;)Z	isBanned
METHOD	lu	b	(Ljava/net/SocketAddress;)Llv;	getBanEntry
METHOD	lu	c	(Ljava/net/SocketAddress;)Ljava/lang/String;	addressToString
METHOD	lv	a	(Lcom/google/gson/JsonObject;)V	onSerialization
METHOD	lv	b	(Lcom/google/gson/JsonObject;)Ljava/lang/String;	getIPFromJson
METHOD	lw$1	a	(Ljava/lang/String;)Z	apply
METHOD	lw$1	apply	(Ljava/lang/Object;)Z	apply
METHOD	lw$2	onProfileLookupFailed	(Lcom/mojang/authlib/GameProfile;Ljava/lang/Exception;)V	onProfileLookupFailed
METHOD	lw$2	onProfileLookupSucceeded	(Lcom/mojang/authlib/GameProfile;)V	onProfileLookupSucceeded
METHOD	lw$3	onProfileLookupFailed	(Lcom/mojang/authlib/GameProfile;Ljava/lang/Exception;)V	onProfileLookupFailed
METHOD	lw$3	onProfileLookupSucceeded	(Lcom/mojang/authlib/GameProfile;)V	onProfileLookupSucceeded
METHOD	lw$4	onProfileLookupFailed	(Lcom/mojang/authlib/GameProfile;Ljava/lang/Exception;)V	onProfileLookupFailed
METHOD	lw$4	onProfileLookupSucceeded	(Lcom/mojang/authlib/GameProfile;)V	onProfileLookupSucceeded
METHOD	lw$5	onProfileLookupFailed	(Lcom/mojang/authlib/GameProfile;Ljava/lang/Exception;)V	onProfileLookupFailed
METHOD	lw$5	onProfileLookupSucceeded	(Lcom/mojang/authlib/GameProfile;)V	onProfileLookupSucceeded
METHOD	lw$6	a	(Lcom/mojang/authlib/GameProfile;)Ljava/lang/String;	func_152744_a
METHOD	lw$6	a	(Ljava/io/File;Ljava/lang/String;Ljava/lang/String;)V	func_152743_a
METHOD	lw$6	onProfileLookupFailed	(Lcom/mojang/authlib/GameProfile;Ljava/lang/Exception;)V	onProfileLookupFailed
METHOD	lw$6	onProfileLookupSucceeded	(Lcom/mojang/authlib/GameProfile;)V	onProfileLookupSucceeded
METHOD	lw	a	()Lorg/apache/logging/log4j/Logger;	access$000
METHOD	lw	a	(Ljava/io/File;)V	access$400
METHOD	lw	a	(Ljava/io/File;Ljava/util/Map;)Ljava/util/List;	readFile
METHOD	lw	a	(Ljava/lang/String;)Ljava/lang/String;	getStringUUIDFromName
METHOD	lw	a	(Ljava/lang/String;Ljava/util/Date;)Ljava/util/Date;	access$200
METHOD	lw	a	(Lkl;)Z	tryConvert
METHOD	lw	a	(Lko;Lkl;)Z	convertSaveFiles
METHOD	lw	a	(Lnet/minecraft/server/MinecraftServer;)Z	convertUserBanlist
METHOD	lw	a	(Lnet/minecraft/server/MinecraftServer;Ljava/util/Collection;Lcom/mojang/authlib/ProfileLookupCallback;)V	lookupNames
METHOD	lw	b	(Ljava/io/File;)V	mkdir
METHOD	lw	b	(Ljava/lang/String;Ljava/util/Date;)Ljava/util/Date;	parseDate
METHOD	lw	b	(Lkl;)Z	hasUnconvertableFiles
METHOD	lw	b	(Lnet/minecraft/server/MinecraftServer;)Z	convertIpBanlist
METHOD	lw	c	(Ljava/io/File;)V	backupConverted
METHOD	lw	c	(Lkl;)Z	hasUnconvertablePlayerFiles
METHOD	lw	c	(Lnet/minecraft/server/MinecraftServer;)Z	convertOplist
METHOD	lw	d	(Lkl;)Ljava/io/File;	getPlayersDirectory
METHOD	lw	d	(Lnet/minecraft/server/MinecraftServer;)Z	convertWhitelist
METHOD	lx$1	a	(Lams;D)V	onSizeChanged
METHOD	lx$1	a	(Lams;DD)V	onCenterChanged
METHOD	lx$1	a	(Lams;DDJ)V	onTransitionStarted
METHOD	lx$1	a	(Lams;I)V	onWarningTimeChanged
METHOD	lx$1	b	(Lams;D)V	onDamageAmountChanged
METHOD	lx$1	b	(Lams;I)V	onWarningDistanceChanged
METHOD	lx$1	c	(Lams;D)V	onDamageBufferChanged
METHOD	lx	a	()V	loadWhiteList
METHOD	lx	a	(DDDDILff;)V	sendToAllNear
METHOD	lx	a	(I)V	setViewDistance
METHOD	lx	a	(Ladp$a;)V	setGameType
METHOD	lx	a	(Lcom/mojang/authlib/GameProfile;)V	addOp
METHOD	lx	a	(Lek;Llf;)V	initializeConnectionToPlayer
METHOD	lx	a	(Leu;)V	sendChatMsg
METHOD	lx	a	(Leu;Z)V	sendChatMsgImpl
METHOD	lx	a	(Lff;)V	sendPacketToAllPlayers
METHOD	lx	a	(Lff;I)V	sendPacketToAllPlayersInDimension
METHOD	lx	a	(Ljava/lang/String;)Llf;	getPlayerByUsername
METHOD	lx	a	(Ljava/net/SocketAddress;Lcom/mojang/authlib/GameProfile;)Ljava/lang/String;	allowUserToConnect
METHOD	lx	a	(Ljava/util/UUID;)Llf;	getPlayerByUUID
METHOD	lx	a	(Lkk;Llf;)V	sendScoreboard
METHOD	lx	a	(Llf;)Ldn;	readPlayerDataFromFile
METHOD	lx	a	(Llf;I)V	transferPlayerToDimension
METHOD	lx	a	(Llf;IZ)Llf;	recreatePlayerEntity
METHOD	lx	a	(Llf;Lle;)V	preparePlayer
METHOD	lx	a	(Llf;Llf;Ladm;)V	setPlayerGameTypeBasedOnOther
METHOD	lx	a	(Lpk;ILle;Lle;)V	transferEntityToWorld
METHOD	lx	a	(Lwn;)Lmv;	getPlayerStatsFile
METHOD	lx	a	(Lwn;DDDDILff;)V	sendToAllNearExcept
METHOD	lx	a	(Lwn;Leu;)V	sendMessageToAllTeamMembers
METHOD	lx	a	(Z)V	setWhiteListEnabled
METHOD	lx	a	([Lle;)V	setPlayerManager
METHOD	lx	b	(Lcom/mojang/authlib/GameProfile;)V	removeOp
METHOD	lx	b	(Ljava/lang/String;)Ljava/util/List;	getPlayersMatchingAddress
METHOD	lx	b	(Llf;)V	writePlayerData
METHOD	lx	b	(Llf;Lle;)V	updateTimeAndWeatherForPlayer
METHOD	lx	b	(Lwn;Leu;)V	sendMessageToTeamOrEvryPlayer
METHOD	lx	b	(Z)Ljava/lang/String;	func_181058_b
METHOD	lx	c	()Lnet/minecraft/server/MinecraftServer;	getServerInstance
METHOD	lx	c	(Lcom/mojang/authlib/GameProfile;)V	removePlayerFromWhitelist
METHOD	lx	c	(Llf;)V	playerLoggedIn
METHOD	lx	c	(Z)V	setCommandsAllowedForAll
METHOD	lx	d	()I	getEntityViewDistance
METHOD	lx	d	(Lcom/mojang/authlib/GameProfile;)V	addWhitelistedPlayer
METHOD	lx	d	(Llf;)V	serverUpdateMountedMovingPlayer
METHOD	lx	e	()V	onTick
METHOD	lx	e	(Lcom/mojang/authlib/GameProfile;)Z	canJoin
METHOD	lx	e	(Llf;)V	playerLoggedOut
METHOD	lx	f	()[Ljava/lang/String;	getAllUsernames
METHOD	lx	f	(Lcom/mojang/authlib/GameProfile;)Z	bypassesPlayerLimit
METHOD	lx	f	(Llf;)V	syncPlayerInventory
METHOD	lx	g	()[Lcom/mojang/authlib/GameProfile;	getAllProfiles
METHOD	lx	g	(Lcom/mojang/authlib/GameProfile;)Llf;	createPlayerForUser
METHOD	lx	h	()Lmc;	getBannedPlayers
METHOD	lx	h	(Lcom/mojang/authlib/GameProfile;)Z	canSendCommands
METHOD	lx	i	()Llu;	getBannedIPs
METHOD	lx	j	()V	saveAllPlayerData
METHOD	lx	k	()Lme;	getWhitelistedPlayers
METHOD	lx	l	()[Ljava/lang/String;	getWhitelistedPlayerNames
METHOD	lx	m	()Lly;	getOppedPlayers
METHOD	lx	n	()[Ljava/lang/String;	getOppedPlayerNames
METHOD	lx	o	()I	getCurrentPlayerCount
METHOD	lx	p	()I	getMaxPlayers
METHOD	lx	q	()[Ljava/lang/String;	getAvailablePlayerDat
METHOD	lx	r	()Z	isWhiteListEnabled
METHOD	lx	s	()I	getViewDistance
METHOD	lx	t	()Ldn;	getHostPlayerData
METHOD	lx	u	()V	removeAllPlayers
METHOD	lx	v	()Ljava/util/List;	getPlayerList
METHOD	ly	a	()[Ljava/lang/String;	getKeys
METHOD	ly	a	(Lcom/google/gson/JsonObject;)Lma;	createEntry
METHOD	ly	a	(Ljava/lang/Object;)Ljava/lang/String;	getObjectKey
METHOD	ly	a	(Ljava/lang/String;)Lcom/mojang/authlib/GameProfile;	getGameProfileFromName
METHOD	ly	b	(Lcom/mojang/authlib/GameProfile;)Z	bypassesPlayerLimit
METHOD	ly	c	(Lcom/mojang/authlib/GameProfile;)Ljava/lang/String;	getObjectKey
METHOD	lz	a	()I	getPermissionLevel
METHOD	lz	a	(Lcom/google/gson/JsonObject;)V	onSerialization
METHOD	lz	b	()Z	bypassesPlayerLimit
METHOD	lz	b	(Lcom/google/gson/JsonObject;)Lcom/mojang/authlib/GameProfile;	constructProfile
METHOD	m	a	(ILjava/lang/String;)Z	canCommandSenderUseCommand
METHOD	m	a	(Leu;)V	addChatMessage
METHOD	m	a	(Ln$a;I)V	setCommandStat
METHOD	m	c	()Lcj;	getPosition
METHOD	m	d	()Laui;	getPositionVector
METHOD	m	e	()Ladm;	getEntityWorld
METHOD	m	e_	()Ljava/lang/String;	getName
METHOD	m	f	()Lpk;	getCommandSenderEntity
METHOD	m	f_	()Leu;	getDisplayName
METHOD	m	u_	()Z	sendCommandFeedback
METHOD	ma	a	(Lcom/google/gson/JsonObject;)V	onSerialization
METHOD	ma	e	()Z	hasBanExpired
METHOD	ma	f	()Ljava/lang/Object;	getValue
METHOD	mb$1	getActualTypeArguments	()[Ljava/lang/reflect/Type;	getActualTypeArguments
METHOD	mb$1	getOwnerType	()Ljava/lang/reflect/Type;	getOwnerType
METHOD	mb$1	getRawType	()Ljava/lang/reflect/Type;	getRawType
METHOD	mb$a	a	(Lcom/google/gson/JsonElement;Ljava/lang/reflect/Type;Lcom/google/gson/JsonDeserializationContext;)Lma;	deserialize
METHOD	mb$a	a	(Lma;Ljava/lang/reflect/Type;Lcom/google/gson/JsonSerializationContext;)Lcom/google/gson/JsonElement;	serialize
METHOD	mb$a	deserialize	(Lcom/google/gson/JsonElement;Ljava/lang/reflect/Type;Lcom/google/gson/JsonDeserializationContext;)Ljava/lang/Object;	deserialize
METHOD	mb$a	serialize	(Ljava/lang/Object;Ljava/lang/reflect/Type;Lcom/google/gson/JsonSerializationContext;)Lcom/google/gson/JsonElement;	serialize
METHOD	mb	a	()[Ljava/lang/String;	getKeys
METHOD	mb	a	(Lcom/google/gson/JsonObject;)Lma;	createEntry
METHOD	mb	a	(Ljava/lang/Object;)Ljava/lang/String;	getObjectKey
METHOD	mb	a	(Lma;)V	addEntry
METHOD	mb	a	(Z)V	setLanServer
METHOD	mb	b	()Z	isLanServer
METHOD	mb	b	(Ljava/lang/Object;)Lma;	getEntry
METHOD	mb	c	()Ljava/io/File;	getSaveFile
METHOD	mb	c	(Ljava/lang/Object;)V	removeEntry
METHOD	mb	d	()Z	isEmpty
METHOD	mb	d	(Ljava/lang/Object;)Z	hasEntry
METHOD	mb	e	()Ljava/util/Map;	getValues
METHOD	mb	f	()V	writeChanges
METHOD	mb	g	()V	readSavedFile
METHOD	mb	h	()V	removeExpired
METHOD	mc	a	()[Ljava/lang/String;	getKeys
METHOD	mc	a	(Lcom/google/gson/JsonObject;)Lma;	createEntry
METHOD	mc	a	(Lcom/mojang/authlib/GameProfile;)Z	isBanned
METHOD	mc	a	(Ljava/lang/Object;)Ljava/lang/String;	getObjectKey
METHOD	mc	a	(Ljava/lang/String;)Lcom/mojang/authlib/GameProfile;	isUsernameBanned
METHOD	mc	b	(Lcom/mojang/authlib/GameProfile;)Ljava/lang/String;	getObjectKey
METHOD	md	a	(Lcom/google/gson/JsonObject;)V	onSerialization
METHOD	md	b	(Lcom/google/gson/JsonObject;)Lcom/mojang/authlib/GameProfile;	toGameProfile
METHOD	me	a	()[Ljava/lang/String;	getKeys
METHOD	me	a	(Lcom/google/gson/JsonObject;)Lma;	createEntry
METHOD	me	a	(Lcom/mojang/authlib/GameProfile;)Z	isWhitelisted
METHOD	me	a	(Ljava/lang/Object;)Ljava/lang/String;	getObjectKey
METHOD	me	a	(Ljava/lang/String;)Lcom/mojang/authlib/GameProfile;	getBannedProfile
METHOD	me	b	(Lcom/mojang/authlib/GameProfile;)Ljava/lang/String;	getObjectKey
METHOD	mf	a	(Lcom/google/gson/JsonObject;)V	onSerialization
METHOD	mf	b	(Lcom/google/gson/JsonObject;)Lcom/mojang/authlib/GameProfile;	gameProfileFromJsonObject
METHOD	mh	a	()[B	toByteArray
METHOD	mh	a	(I)V	writeInt
METHOD	mh	a	(Ljava/lang/String;)V	writeString
METHOD	mh	a	(S)V	writeShort
METHOD	mh	a	([B)V	writeByteArray
METHOD	mh	b	()V	reset
METHOD	mi	a	(B)Ljava/lang/String;	getByteAsHexString
METHOD	mi	a	([BII)Ljava/lang/String;	getBytesAsString
METHOD	mi	b	([BI)I	getRemainingBytesAsLEInt
METHOD	mi	b	([BII)I	getBytesAsLEInt
METHOD	mi	c	([BII)I	getBytesAsBEint
METHOD	mj	a	(ILjava/lang/String;)Z	canCommandSenderUseCommand
METHOD	mj	a	(Leu;)V	addChatMessage
METHOD	mj	a	(Ln$a;I)V	setCommandStat
METHOD	mj	c	()Lcj;	getPosition
METHOD	mj	d	()Laui;	getPositionVector
METHOD	mj	e	()Ladm;	getEntityWorld
METHOD	mj	e_	()Ljava/lang/String;	getName
METHOD	mj	f	()Lpk;	getCommandSenderEntity
METHOD	mj	f_	()Leu;	getDisplayName
METHOD	mj	h	()Lmj;	getInstance
METHOD	mj	i	()V	resetLog
METHOD	mj	j	()Ljava/lang/String;	getLogContents
METHOD	mj	u_	()Z	sendCommandFeedback
METHOD	ml	a	()V	startThread
METHOD	ml	a	(Ljava/lang/String;)V	logDebug
METHOD	ml	a	(Ljava/net/DatagramSocket;)V	registerSocket
METHOD	ml	a	(Ljava/net/DatagramSocket;Z)Z	closeSocket
METHOD	ml	a	(Ljava/net/ServerSocket;Z)Z	closeServerSocket_do
METHOD	ml	a	(Z)V	closeAllSockets_do
METHOD	ml	b	(Ljava/lang/String;)V	logInfo
METHOD	ml	b	(Ljava/net/ServerSocket;)Z	closeServerSocket
METHOD	ml	c	()Z	isRunning
METHOD	ml	c	(Ljava/lang/String;)V	logWarning
METHOD	ml	d	()I	getNumberOfPlayers
METHOD	ml	d	(Ljava/lang/String;)V	logSevere
METHOD	ml	e	()V	closeAllSockets
METHOD	mm$a	a	()I	getRandomChallenge
METHOD	mm$a	a	(J)Ljava/lang/Boolean;	hasExpired
METHOD	mm$a	b	()[B	getChallengeValue
METHOD	mm$a	c	()[B	getRequestId
METHOD	mm	a	()V	startThread
METHOD	mm	a	(Ljava/lang/Exception;)V	stopWithException
METHOD	mm	a	(Ljava/net/DatagramPacket;)Z	parseIncomingPacket
METHOD	mm	a	(Ljava/net/SocketAddress;)[B	getRequestID
METHOD	mm	a	([BLjava/net/DatagramPacket;)V	sendResponsePacket
METHOD	mm	b	(Ljava/net/DatagramPacket;)[B	createQueryResponse
METHOD	mm	c	(Ljava/net/DatagramPacket;)Ljava/lang/Boolean;	verifyClientAuth
METHOD	mm	d	(Ljava/net/DatagramPacket;)V	sendAuthChallenge
METHOD	mm	f	()V	cleanQueryClientsMap
METHOD	mm	g	()Z	initQuerySystem
METHOD	mm	run	()V	run
METHOD	mn	a	(IILjava/lang/String;)V	sendResponse
METHOD	mn	a	(ILjava/lang/String;)V	sendMultipacketResponse
METHOD	mn	f	()V	sendLoginFailedResponse
METHOD	mn	g	()V	closeSocket
METHOD	mn	run	()V	run
METHOD	mo	a	()V	startThread
METHOD	mo	f	()V	initClientThreadList
METHOD	mo	g	()V	cleanClientThreadsMap
METHOD	mo	run	()V	run
METHOD	mq	a	()Lmq;	initIndependentStat
METHOD	mq	a	(Ljava/lang/Class;)Lmq;	func_150953_b
METHOD	mq	a	(Lms;)Lmq;	setStatStringFormatter
METHOD	mq	b	()Lmq;	setSpecial
METHOD	mq	b	(Ljava/lang/Class;)Lmw;	func_150953_b
METHOD	mq	c	()Lmq;	registerStat
METHOD	mq	d	()Z	isAchievement
METHOD	mq	e	()Leu;	getStatName
METHOD	mq	f	()Ljava/lang/String;	getDescription
METHOD	mq	g	()Z	getSpecial
METHOD	mq	h	()Lmw;	registerStat
METHOD	mq	i	()Lmw;	initIndependentStat
METHOD	mr	a	()V	init
METHOD	ms	a	(Ljava/lang/String;)Ljava/lang/String;	formatString
METHOD	mt	h	()Lmw;	registerStat
METHOD	mu	a	()Lzw;	func_150959_a
METHOD	mv	a	()V	readStatFile
METHOD	mv	a	(Ljava/lang/String;)Ljava/util/Map;	parseJson
METHOD	mv	a	(Ljava/util/Map;)Ljava/lang/String;	dumpJson
METHOD	mv	a	(Llf;)V	func_150876_a
METHOD	mv	a	(Lwn;Lmw;I)V	unlockAchievement
METHOD	mv	b	()V	saveStatFile
METHOD	mv	b	(Llf;)V	sendAchievements
METHOD	mv	c	()Ljava/util/Set;	func_150878_c
METHOD	mv	d	()V	func_150877_d
METHOD	mv	e	()Z	func_150879_e
METHOD	mw$1	a	(I)Ljava/lang/String;	format
METHOD	mw$2	a	(I)Ljava/lang/String;	format
METHOD	mw$3	a	(I)Ljava/lang/String;	format
METHOD	mw$4	a	(I)Ljava/lang/String;	format
METHOD	mw	a	(I)Ljava/lang/String;	format
METHOD	mw	b	(Ljava/lang/Class;)Lmw;	func_150953_b
METHOD	mw	d	()Z	isAchievement
METHOD	mw	e	()Leu;	getStatName
METHOD	mw	equals	(Ljava/lang/Object;)Z	equals
METHOD	mw	h	()Lmw;	registerStat
METHOD	mw	hashCode	()I	hashCode
METHOD	mw	i	()Lmw;	initIndependentStat
METHOD	mw	j	()Leu;	createChatComponent
METHOD	mw	k	()Lauu;	getCriteria
METHOD	mw	l	()Ljava/lang/Class;	func_150954_l
METHOD	mw	m	()Ljava/text/NumberFormat;	access$000
METHOD	mw	n	()Ljava/text/DecimalFormat;	access$100
METHOD	mw	toString	()Ljava/lang/String;	toString
METHOD	mx	a	(I)Ljava/lang/String;	format
METHOD	my	a	()I	getIntegerValue
METHOD	my	a	(I)V	setIntegerValue
METHOD	my	a	(Lmz;)V	setJsonSerializableValue
METHOD	my	b	()Lmz;	getJsonSerializableValue
METHOD	mz	a	()Lcom/google/gson/JsonElement;	getSerializableElement
METHOD	mz	a	(Lcom/google/gson/JsonElement;)V	fromJson
METHOD	n$1	a	(ILjava/lang/String;)Z	canCommandSenderUseCommand
METHOD	n$1	a	(Leu;)V	addChatMessage
METHOD	n$1	a	(Ln$a;I)V	setCommandStat
METHOD	n$1	c	()Lcj;	getPosition
METHOD	n$1	d	()Laui;	getPositionVector
METHOD	n$1	e	()Ladm;	getEntityWorld
METHOD	n$1	e_	()Ljava/lang/String;	getName
METHOD	n$1	f	()Lpk;	getCommandSenderEntity
METHOD	n$1	f_	()Leu;	getDisplayName
METHOD	n$1	u_	()Z	sendCommandFeedback
METHOD	n$a	a	()I	getTypeID
METHOD	n$a	a	(Ljava/lang/String;)Ln$a;	getTypeByName
METHOD	n$a	b	()Ljava/lang/String;	getTypeName
METHOD	n$a	c	()[Ljava/lang/String;	getTypeNames
METHOD	n$a	values	()[Ln$a;	values
METHOD	n	a	(Ldn;)V	readStatsFromNBT
METHOD	n	a	(Lm;Ln$a;I)V	setCommandStatScore
METHOD	n	a	(Ln;)V	addAllStats
METHOD	n	a	(Ln;Ln$a;)V	removeScoreBoardStat
METHOD	n	a	(Ln;Ln$a;Ljava/lang/String;Ljava/lang/String;)V	setScoreBoardStat
METHOD	n	b	(Ldn;)V	writeStatsToNBT
METHOD	na	a	()V	init
METHOD	na	a	(Ljava/lang/String;)Lmw;	getOneShotStat
METHOD	na	a	(Lpm$a;)Lmw;	getStatKillEntity
METHOD	na	a	(Lzw;)Ljava/lang/String;	func_180204_a
METHOD	na	a	([Lmw;)V	replaceAllSimilarBlocks
METHOD	na	a	([Lmw;Lafh;Lafh;)V	mergeStatBases
METHOD	na	b	()V	initCraftableStats
METHOD	na	b	(Lpm$a;)Lmw;	getStatEntityKilledBy
METHOD	na	c	()V	initMiningStats
METHOD	na	d	()V	initStats
METHOD	na	e	()V	initItemDepleteStats
METHOD	nb	a	(Lmq;)Z	hasAchievementUnlocked
METHOD	nb	a	(Lmw;)I	readStat
METHOD	nb	a	(Lmw;Lmz;)Lmz;	func_150872_a
METHOD	nb	a	(Lwn;Lmw;I)V	unlockAchievement
METHOD	nb	b	(Lmq;)Z	canUnlockAchievement
METHOD	nb	b	(Lmw;)Lmz;	func_150870_b
METHOD	nb	b	(Lwn;Lmw;I)V	increaseStat
METHOD	nb	c	(Lmq;)I	func_150874_c
METHOD	nc	a	()Lcom/google/gson/JsonElement;	getSerializableElement
METHOD	nc	a	(Lcom/google/gson/JsonElement;)V	fromJson
METHOD	nc	delegate	()Ljava/lang/Object;	delegate
METHOD	nc	delegate	()Ljava/util/Collection;	delegate
METHOD	nc	delegate	()Ljava/util/Set;	delegate
METHOD	ne$1	iterator	()Ljava/util/Iterator;	iterator
METHOD	ne	a	(Ljava/lang/Class;)V	createLookup
METHOD	ne	a	(Ljava/lang/Object;Ljava/lang/Class;)V	addForClass
METHOD	ne	a	(Lne;)Ljava/util/Map;	access$000
METHOD	ne	add	(Ljava/lang/Object;)Z	add
METHOD	ne	b	(Ljava/lang/Class;)Ljava/lang/Class;	initializeClassLookup
METHOD	ne	c	(Ljava/lang/Class;)Ljava/lang/Iterable;	getByClass
METHOD	ne	contains	(Ljava/lang/Object;)Z	contains
METHOD	ne	iterator	()Ljava/util/Iterator;	iterator
METHOD	ne	remove	(Ljava/lang/Object;)Z	remove
METHOD	ne	size	()I	size
METHOD	net/minecraft/client/ClientBrandRetriever	getClientModName	()Ljava/lang/String;	getClientModName
METHOD	net/minecraft/client/main/Main$1	getPasswordAuthentication	()Ljava/net/PasswordAuthentication;	getPasswordAuthentication
METHOD	net/minecraft/client/main/Main$2	run	()V	run
METHOD	net/minecraft/client/main/Main	a	(Ljava/lang/String;)Z	isNullOrEmpty
METHOD	net/minecraft/realms/DisconnectedRealmsScreen	buttonClicked	(Lnet/minecraft/realms/RealmsButton;)V	buttonClicked
METHOD	net/minecraft/realms/DisconnectedRealmsScreen	init	()V	init
METHOD	net/minecraft/realms/DisconnectedRealmsScreen	keyPressed	(CI)V	keyPressed
METHOD	net/minecraft/realms/DisconnectedRealmsScreen	render	(IIF)V	render
METHOD	net/minecraft/realms/Realms	adventureId	()I	adventureId
METHOD	net/minecraft/realms/Realms	clearResourcePack	()V	clearResourcePack
METHOD	net/minecraft/realms/Realms	creativeId	()I	creativeId
METHOD	net/minecraft/realms/Realms	currentTimeMillis	()J	currentTimeMillis
METHOD	net/minecraft/realms/Realms	downloadResourcePack	(Ljava/lang/String;Ljava/lang/String;)Lcom/google/common/util/concurrent/ListenableFuture;	downloadResourcePack
METHOD	net/minecraft/realms/Realms	getGameDirectoryPath	()Ljava/lang/String;	getGameDirectoryPath
METHOD	net/minecraft/realms/Realms	getName	()Ljava/lang/String;	getName
METHOD	net/minecraft/realms/Realms	getProxy	()Ljava/net/Proxy;	getProxy
METHOD	net/minecraft/realms/Realms	getRealmsNotificationsEnabled	()Z	getRealmsNotificationsEnabled
METHOD	net/minecraft/realms/Realms	getSessionId	()Ljava/lang/String;	getSessionId
METHOD	net/minecraft/realms/Realms	getUUID	()Ljava/lang/String;	getUUID
METHOD	net/minecraft/realms/Realms	inTitleScreen	()Z	inTitleScreen
METHOD	net/minecraft/realms/Realms	isTouchScreen	()Z	isTouchScreen
METHOD	net/minecraft/realms/Realms	sessionId	()Ljava/lang/String;	sessionId
METHOD	net/minecraft/realms/Realms	setConnectedToRealms	(Z)V	setConnectedToRealms
METHOD	net/minecraft/realms/Realms	setScreen	(Lnet/minecraft/realms/RealmsScreen;)V	setScreen
METHOD	net/minecraft/realms/Realms	spectatorId	()I	spectatorId
METHOD	net/minecraft/realms/Realms	survivalId	()I	survivalId
METHOD	net/minecraft/realms/Realms	userName	()Ljava/lang/String;	userName
METHOD	net/minecraft/realms/Realms	uuidToName	(Ljava/lang/String;)Ljava/lang/String;	uuidToName
METHOD	net/minecraft/realms/RealmsAnvilLevelStorageSource	clearAll	()V	clearAll
METHOD	net/minecraft/realms/RealmsAnvilLevelStorageSource	convertLevel	(Ljava/lang/String;Lnu;)Z	convertLevel
METHOD	net/minecraft/realms/RealmsAnvilLevelStorageSource	deleteLevel	(Ljava/lang/String;)Z	deleteLevel
METHOD	net/minecraft/realms/RealmsAnvilLevelStorageSource	getLevelList	()Ljava/util/List;	getLevelList
METHOD	net/minecraft/realms/RealmsAnvilLevelStorageSource	getName	()Ljava/lang/String;	getName
METHOD	net/minecraft/realms/RealmsAnvilLevelStorageSource	isConvertible	(Ljava/lang/String;)Z	isConvertible
METHOD	net/minecraft/realms/RealmsAnvilLevelStorageSource	isNewLevelIdAcceptable	(Ljava/lang/String;)Z	isNewLevelIdAcceptable
METHOD	net/minecraft/realms/RealmsAnvilLevelStorageSource	levelExists	(Ljava/lang/String;)Z	levelExists
METHOD	net/minecraft/realms/RealmsAnvilLevelStorageSource	renameLevel	(Ljava/lang/String;Ljava/lang/String;)V	renameLevel
METHOD	net/minecraft/realms/RealmsAnvilLevelStorageSource	requiresConversion	(Ljava/lang/String;)Z	requiresConversion
METHOD	net/minecraft/realms/RealmsBridge	getNotificationScreen	(Laxu;)Lawr;	getNotificationScreen
METHOD	net/minecraft/realms/RealmsBridge	init	()V	init
METHOD	net/minecraft/realms/RealmsBridge	switchToRealms	(Laxu;)V	switchToRealms
METHOD	net/minecraft/realms/RealmsBufferBuilder	begin	(ILbmu;)V	begin
METHOD	net/minecraft/realms/RealmsBufferBuilder	clear	()V	clear
METHOD	net/minecraft/realms/RealmsBufferBuilder	color	(FFFF)Lnet/minecraft/realms/RealmsBufferBuilder;	color
METHOD	net/minecraft/realms/RealmsBufferBuilder	color	(IIII)Lnet/minecraft/realms/RealmsBufferBuilder;	color
METHOD	net/minecraft/realms/RealmsBufferBuilder	end	()V	end
METHOD	net/minecraft/realms/RealmsBufferBuilder	endVertex	()V	endVertex
METHOD	net/minecraft/realms/RealmsBufferBuilder	faceTex2	(IIII)V	faceTex2
METHOD	net/minecraft/realms/RealmsBufferBuilder	faceTint	(FFFI)V	faceTint
METHOD	net/minecraft/realms/RealmsBufferBuilder	fixupQuadColor	(FFF)V	fixupQuadColor
METHOD	net/minecraft/realms/RealmsBufferBuilder	fixupQuadColor	(I)V	fixupQuadColor
METHOD	net/minecraft/realms/RealmsBufferBuilder	fixupVertexColor	(FFFI)V	fixupVertexColor
METHOD	net/minecraft/realms/RealmsBufferBuilder	from	(Lbfd;)Lnet/minecraft/realms/RealmsBufferBuilder;	from
METHOD	net/minecraft/realms/RealmsBufferBuilder	getBuffer	()Ljava/nio/ByteBuffer;	getBuffer
METHOD	net/minecraft/realms/RealmsBufferBuilder	getDrawMode	()I	getDrawMode
METHOD	net/minecraft/realms/RealmsBufferBuilder	getVertexCount	()I	getVertexCount
METHOD	net/minecraft/realms/RealmsBufferBuilder	getVertexFormat	()Lnet/minecraft/realms/RealmsVertexFormat;	getVertexFormat
METHOD	net/minecraft/realms/RealmsBufferBuilder	noColor	()V	noColor
METHOD	net/minecraft/realms/RealmsBufferBuilder	normal	(FFF)Lnet/minecraft/realms/RealmsBufferBuilder;	normal
METHOD	net/minecraft/realms/RealmsBufferBuilder	offset	(DDD)V	offset
METHOD	net/minecraft/realms/RealmsBufferBuilder	postNormal	(FFF)V	postNormal
METHOD	net/minecraft/realms/RealmsBufferBuilder	postProcessFacePosition	(DDD)V	postProcessFacePosition
METHOD	net/minecraft/realms/RealmsBufferBuilder	putBulkData	([I)V	putBulkData
METHOD	net/minecraft/realms/RealmsBufferBuilder	restoreState	(Lbfd$a;)V	restoreState
METHOD	net/minecraft/realms/RealmsBufferBuilder	sortQuads	(FFF)V	sortQuads
METHOD	net/minecraft/realms/RealmsBufferBuilder	tex	(DD)Lnet/minecraft/realms/RealmsBufferBuilder;	tex
METHOD	net/minecraft/realms/RealmsBufferBuilder	tex2	(II)Lnet/minecraft/realms/RealmsBufferBuilder;	tex2
METHOD	net/minecraft/realms/RealmsBufferBuilder	vertex	(DDD)Lnet/minecraft/realms/RealmsBufferBuilder;	vertex
METHOD	net/minecraft/realms/RealmsButton	active	()Z	active
METHOD	net/minecraft/realms/RealmsButton	active	(Z)V	active
METHOD	net/minecraft/realms/RealmsButton	blit	(IIIIII)V	blit
METHOD	net/minecraft/realms/RealmsButton	clicked	(II)V	clicked
METHOD	net/minecraft/realms/RealmsButton	getHeight	()I	getHeight
METHOD	net/minecraft/realms/RealmsButton	getProxy	()Lavs;	getProxy
METHOD	net/minecraft/realms/RealmsButton	getWidth	()I	getWidth
METHOD	net/minecraft/realms/RealmsButton	getYImage	(Z)I	getYImage
METHOD	net/minecraft/realms/RealmsButton	id	()I	id
METHOD	net/minecraft/realms/RealmsButton	msg	(Ljava/lang/String;)V	msg
METHOD	net/minecraft/realms/RealmsButton	released	(II)V	released
METHOD	net/minecraft/realms/RealmsButton	render	(II)V	render
METHOD	net/minecraft/realms/RealmsButton	renderBg	(II)V	renderBg
METHOD	net/minecraft/realms/RealmsButton	y	()I	y
METHOD	net/minecraft/realms/RealmsClickableScrolledSelectionList	customMouseEvent	(IIIFI)V	customMouseEvent
METHOD	net/minecraft/realms/RealmsClickableScrolledSelectionList	getItemCount	()I	getItemCount
METHOD	net/minecraft/realms/RealmsClickableScrolledSelectionList	getMaxPosition	()I	getMaxPosition
METHOD	net/minecraft/realms/RealmsClickableScrolledSelectionList	getScroll	()I	getScroll
METHOD	net/minecraft/realms/RealmsClickableScrolledSelectionList	getScrollbarPosition	()I	getScrollbarPosition
METHOD	net/minecraft/realms/RealmsClickableScrolledSelectionList	isSelectedItem	(I)Z	isSelectedItem
METHOD	net/minecraft/realms/RealmsClickableScrolledSelectionList	itemClicked	(IIIII)V	itemClicked
METHOD	net/minecraft/realms/RealmsClickableScrolledSelectionList	mouseEvent	()V	mouseEvent
METHOD	net/minecraft/realms/RealmsClickableScrolledSelectionList	render	(IIF)V	render
METHOD	net/minecraft/realms/RealmsClickableScrolledSelectionList	renderBackground	()V	renderBackground
METHOD	net/minecraft/realms/RealmsClickableScrolledSelectionList	renderItem	(IIIIII)V	renderItem
METHOD	net/minecraft/realms/RealmsClickableScrolledSelectionList	renderItem	(IIIILnet/minecraft/realms/Tezzelator;II)V	renderItem
METHOD	net/minecraft/realms/RealmsClickableScrolledSelectionList	renderList	(IIII)V	renderList
METHOD	net/minecraft/realms/RealmsClickableScrolledSelectionList	renderSelected	(IIILnet/minecraft/realms/Tezzelator;)V	renderSelected
METHOD	net/minecraft/realms/RealmsClickableScrolledSelectionList	scroll	(I)V	scroll
METHOD	net/minecraft/realms/RealmsClickableScrolledSelectionList	selectItem	(IZII)V	selectItem
METHOD	net/minecraft/realms/RealmsClickableScrolledSelectionList	setLeftPos	(I)V	setLeftPos
METHOD	net/minecraft/realms/RealmsClickableScrolledSelectionList	width	()I	width
METHOD	net/minecraft/realms/RealmsClickableScrolledSelectionList	xm	()I	xm
METHOD	net/minecraft/realms/RealmsClickableScrolledSelectionList	ym	()I	ym
METHOD	net/minecraft/realms/RealmsConnect$1	run	()V	run
METHOD	net/minecraft/realms/RealmsConnect	abort	()V	abort
METHOD	net/minecraft/realms/RealmsConnect	access$000	(Lnet/minecraft/realms/RealmsConnect;)Z	access$000
METHOD	net/minecraft/realms/RealmsConnect	access$100	(Lnet/minecraft/realms/RealmsConnect;)Lek;	access$100
METHOD	net/minecraft/realms/RealmsConnect	access$102	(Lnet/minecraft/realms/RealmsConnect;Lek;)Lek;	access$102
METHOD	net/minecraft/realms/RealmsConnect	access$200	(Lnet/minecraft/realms/RealmsConnect;)Lnet/minecraft/realms/RealmsScreen;	access$200
METHOD	net/minecraft/realms/RealmsConnect	access$300	()Lorg/apache/logging/log4j/Logger;	access$300
METHOD	net/minecraft/realms/RealmsConnect	connect	(Ljava/lang/String;I)V	connect
METHOD	net/minecraft/realms/RealmsConnect	tick	()V	tick
METHOD	net/minecraft/realms/RealmsEditBox	getValue	()Ljava/lang/String;	getValue
METHOD	net/minecraft/realms/RealmsEditBox	isFocused	()Z	isFocused
METHOD	net/minecraft/realms/RealmsEditBox	keyPressed	(CI)V	keyPressed
METHOD	net/minecraft/realms/RealmsEditBox	mouseClicked	(III)V	mouseClicked
METHOD	net/minecraft/realms/RealmsEditBox	render	()V	render
METHOD	net/minecraft/realms/RealmsEditBox	setFocus	(Z)V	setFocus
METHOD	net/minecraft/realms/RealmsEditBox	setIsEditable	(Z)V	setIsEditable
METHOD	net/minecraft/realms/RealmsEditBox	setMaxLength	(I)V	setMaxLength
METHOD	net/minecraft/realms/RealmsEditBox	setValue	(Ljava/lang/String;)V	setValue
METHOD	net/minecraft/realms/RealmsEditBox	tick	()V	tick
METHOD	net/minecraft/realms/RealmsLevelSummary	compareTo	(Lats;)I	compareTo
METHOD	net/minecraft/realms/RealmsLevelSummary	compareTo	(Ljava/lang/Object;)I	compareTo
METHOD	net/minecraft/realms/RealmsLevelSummary	compareTo	(Lnet/minecraft/realms/RealmsLevelSummary;)I	compareTo
METHOD	net/minecraft/realms/RealmsLevelSummary	getGameMode	()I	getGameMode
METHOD	net/minecraft/realms/RealmsLevelSummary	getLastPlayed	()J	getLastPlayed
METHOD	net/minecraft/realms/RealmsLevelSummary	getLevelId	()Ljava/lang/String;	getLevelId
METHOD	net/minecraft/realms/RealmsLevelSummary	getLevelName	()Ljava/lang/String;	getLevelName
METHOD	net/minecraft/realms/RealmsLevelSummary	getSizeOnDisk	()J	getSizeOnDisk
METHOD	net/minecraft/realms/RealmsLevelSummary	hasCheats	()Z	hasCheats
METHOD	net/minecraft/realms/RealmsLevelSummary	isHardcore	()Z	isHardcore
METHOD	net/minecraft/realms/RealmsLevelSummary	isRequiresConversion	()Z	isRequiresConversion
METHOD	net/minecraft/realms/RealmsMth	abs	(F)F	abs
METHOD	net/minecraft/realms/RealmsMth	abs	(I)I	abs
METHOD	net/minecraft/realms/RealmsMth	absFloor	(D)I	absFloor
METHOD	net/minecraft/realms/RealmsMth	absMax	(DD)D	absMax
METHOD	net/minecraft/realms/RealmsMth	average	([J)D	average
METHOD	net/minecraft/realms/RealmsMth	ceil	(D)I	ceil
METHOD	net/minecraft/realms/RealmsMth	ceil	(F)I	ceil
METHOD	net/minecraft/realms/RealmsMth	clamp	(DDD)D	clamp
METHOD	net/minecraft/realms/RealmsMth	clamp	(FFF)F	clamp
METHOD	net/minecraft/realms/RealmsMth	clamp	(III)I	clamp
METHOD	net/minecraft/realms/RealmsMth	clampedLerp	(DDD)D	clampedLerp
METHOD	net/minecraft/realms/RealmsMth	cos	(F)F	cos
METHOD	net/minecraft/realms/RealmsMth	fastFloor	(D)I	fastFloor
METHOD	net/minecraft/realms/RealmsMth	floor	(D)I	floor
METHOD	net/minecraft/realms/RealmsMth	floor	(F)I	floor
METHOD	net/minecraft/realms/RealmsMth	getDouble	(Ljava/lang/String;D)D	getDouble
METHOD	net/minecraft/realms/RealmsMth	getDouble	(Ljava/lang/String;DD)D	getDouble
METHOD	net/minecraft/realms/RealmsMth	getInt	(Ljava/lang/String;I)I	getInt
METHOD	net/minecraft/realms/RealmsMth	getInt	(Ljava/lang/String;II)I	getInt
METHOD	net/minecraft/realms/RealmsMth	intFloorDiv	(II)I	intFloorDiv
METHOD	net/minecraft/realms/RealmsMth	isEmpty	(Ljava/lang/String;)Z	isEmpty
METHOD	net/minecraft/realms/RealmsMth	lfloor	(D)J	lfloor
METHOD	net/minecraft/realms/RealmsMth	log2	(I)I	log2
METHOD	net/minecraft/realms/RealmsMth	nextDouble	(Ljava/util/Random;DD)D	nextDouble
METHOD	net/minecraft/realms/RealmsMth	nextFloat	(Ljava/util/Random;FF)F	nextFloat
METHOD	net/minecraft/realms/RealmsMth	nextInt	(Ljava/util/Random;II)I	nextInt
METHOD	net/minecraft/realms/RealmsMth	roundUp	(II)I	roundUp
METHOD	net/minecraft/realms/RealmsMth	sin	(F)F	sin
METHOD	net/minecraft/realms/RealmsMth	smallestEncompassingPowerOfTwo	(I)I	smallestEncompassingPowerOfTwo
METHOD	net/minecraft/realms/RealmsMth	sqrt	(D)F	sqrt
METHOD	net/minecraft/realms/RealmsMth	sqrt	(F)F	sqrt
METHOD	net/minecraft/realms/RealmsMth	wrapDegrees	(D)D	wrapDegrees
METHOD	net/minecraft/realms/RealmsMth	wrapDegrees	(F)F	wrapDegrees
METHOD	net/minecraft/realms/RealmsScreen	bind	(Ljava/lang/String;)V	bind
METHOD	net/minecraft/realms/RealmsScreen	bindFace	(Ljava/lang/String;Ljava/lang/String;)V	bindFace
METHOD	net/minecraft/realms/RealmsScreen	blit	(IIFFIIFF)V	blit
METHOD	net/minecraft/realms/RealmsScreen	blit	(IIFFIIIIFF)V	blit
METHOD	net/minecraft/realms/RealmsScreen	blit	(IIIIII)V	blit
METHOD	net/minecraft/realms/RealmsScreen	buttonClicked	(Lnet/minecraft/realms/RealmsButton;)V	buttonClicked
METHOD	net/minecraft/realms/RealmsScreen	buttons	()Ljava/util/List;	buttons
METHOD	net/minecraft/realms/RealmsScreen	buttonsAdd	(Lnet/minecraft/realms/RealmsButton;)V	buttonsAdd
METHOD	net/minecraft/realms/RealmsScreen	buttonsClear	()V	buttonsClear
METHOD	net/minecraft/realms/RealmsScreen	buttonsRemove	(Lnet/minecraft/realms/RealmsButton;)V	buttonsRemove
METHOD	net/minecraft/realms/RealmsScreen	confirmResult	(ZI)V	confirmResult
METHOD	net/minecraft/realms/RealmsScreen	drawCenteredString	(Ljava/lang/String;III)V	drawCenteredString
METHOD	net/minecraft/realms/RealmsScreen	drawString	(Ljava/lang/String;III)V	drawString
METHOD	net/minecraft/realms/RealmsScreen	drawString	(Ljava/lang/String;IIIZ)V	drawString
METHOD	net/minecraft/realms/RealmsScreen	fillGradient	(IIIIII)V	fillGradient
METHOD	net/minecraft/realms/RealmsScreen	fontDrawShadow	(Ljava/lang/String;III)V	fontDrawShadow
METHOD	net/minecraft/realms/RealmsScreen	fontLineHeight	()I	fontLineHeight
METHOD	net/minecraft/realms/RealmsScreen	fontSplit	(Ljava/lang/String;I)Ljava/util/List;	fontSplit
METHOD	net/minecraft/realms/RealmsScreen	fontWidth	(Ljava/lang/String;)I	fontWidth
METHOD	net/minecraft/realms/RealmsScreen	getLevelStorageSource	()Lnet/minecraft/realms/RealmsAnvilLevelStorageSource;	getLevelStorageSource
METHOD	net/minecraft/realms/RealmsScreen	getLocalizedString	(Ljava/lang/String;)Ljava/lang/String;	getLocalizedString
METHOD	net/minecraft/realms/RealmsScreen	getLocalizedString	(Ljava/lang/String;[Ljava/lang/Object;)Ljava/lang/String;	getLocalizedString
METHOD	net/minecraft/realms/RealmsScreen	getProxy	()Lawr;	getProxy
METHOD	net/minecraft/realms/RealmsScreen	height	()I	height
METHOD	net/minecraft/realms/RealmsScreen	init	()V	init
METHOD	net/minecraft/realms/RealmsScreen	init	(Lave;II)V	init
METHOD	net/minecraft/realms/RealmsScreen	isPauseScreen	()Z	isPauseScreen
METHOD	net/minecraft/realms/RealmsScreen	keyPressed	(CI)V	keyPressed
METHOD	net/minecraft/realms/RealmsScreen	keyboardEvent	()V	keyboardEvent
METHOD	net/minecraft/realms/RealmsScreen	mouseClicked	(III)V	mouseClicked
METHOD	net/minecraft/realms/RealmsScreen	mouseDragged	(IIIJ)V	mouseDragged
METHOD	net/minecraft/realms/RealmsScreen	mouseEvent	()V	mouseEvent
METHOD	net/minecraft/realms/RealmsScreen	mouseReleased	(III)V	mouseReleased
METHOD	net/minecraft/realms/RealmsScreen	newButton	(IIIIILjava/lang/String;)Lnet/minecraft/realms/RealmsButton;	newButton
METHOD	net/minecraft/realms/RealmsScreen	newButton	(IIILjava/lang/String;)Lnet/minecraft/realms/RealmsButton;	newButton
METHOD	net/minecraft/realms/RealmsScreen	newEditBox	(IIIII)Lnet/minecraft/realms/RealmsEditBox;	newEditBox
METHOD	net/minecraft/realms/RealmsScreen	removed	()V	removed
METHOD	net/minecraft/realms/RealmsScreen	render	(IIF)V	render
METHOD	net/minecraft/realms/RealmsScreen	renderBackground	()V	renderBackground
METHOD	net/minecraft/realms/RealmsScreen	renderBackground	(I)V	renderBackground
METHOD	net/minecraft/realms/RealmsScreen	renderTooltip	(Ljava/lang/String;II)V	renderTooltip
METHOD	net/minecraft/realms/RealmsScreen	renderTooltip	(Ljava/util/List;II)V	renderTooltip
METHOD	net/minecraft/realms/RealmsScreen	renderTooltip	(Lzx;II)V	renderTooltip
METHOD	net/minecraft/realms/RealmsScreen	tick	()V	tick
METHOD	net/minecraft/realms/RealmsScreen	width	()I	width
METHOD	net/minecraft/realms/RealmsScrolledSelectionList	getItemCount	()I	getItemCount
METHOD	net/minecraft/realms/RealmsScrolledSelectionList	getMaxPosition	()I	getMaxPosition
METHOD	net/minecraft/realms/RealmsScrolledSelectionList	getScroll	()I	getScroll
METHOD	net/minecraft/realms/RealmsScrolledSelectionList	getScrollbarPosition	()I	getScrollbarPosition
METHOD	net/minecraft/realms/RealmsScrolledSelectionList	isSelectedItem	(I)Z	isSelectedItem
METHOD	net/minecraft/realms/RealmsScrolledSelectionList	mouseEvent	()V	mouseEvent
METHOD	net/minecraft/realms/RealmsScrolledSelectionList	render	(IIF)V	render
METHOD	net/minecraft/realms/RealmsScrolledSelectionList	renderBackground	()V	renderBackground
METHOD	net/minecraft/realms/RealmsScrolledSelectionList	renderItem	(IIIIII)V	renderItem
METHOD	net/minecraft/realms/RealmsScrolledSelectionList	renderItem	(IIIILnet/minecraft/realms/Tezzelator;II)V	renderItem
METHOD	net/minecraft/realms/RealmsScrolledSelectionList	renderList	(IIII)V	renderList
METHOD	net/minecraft/realms/RealmsScrolledSelectionList	scroll	(I)V	scroll
METHOD	net/minecraft/realms/RealmsScrolledSelectionList	selectItem	(IZII)V	selectItem
METHOD	net/minecraft/realms/RealmsScrolledSelectionList	width	()I	width
METHOD	net/minecraft/realms/RealmsScrolledSelectionList	xm	()I	xm
METHOD	net/minecraft/realms/RealmsScrolledSelectionList	ym	()I	ym
METHOD	net/minecraft/realms/RealmsServerAddress	getHost	()Ljava/lang/String;	getHost
METHOD	net/minecraft/realms/RealmsServerAddress	getPort	()I	getPort
METHOD	net/minecraft/realms/RealmsServerAddress	parseString	(Ljava/lang/String;)Lnet/minecraft/realms/RealmsServerAddress;	parseString
METHOD	net/minecraft/realms/RealmsServerStatusPinger$1	a	(Leu;)V	onDisconnect
METHOD	net/minecraft/realms/RealmsServerStatusPinger$1	a	(Ljq;)V	handlePong
METHOD	net/minecraft/realms/RealmsServerStatusPinger$1	a	(Ljr;)V	handleServerInfo
METHOD	net/minecraft/realms/RealmsServerStatusPinger	access$000	()Lorg/apache/logging/log4j/Logger;	access$000
METHOD	net/minecraft/realms/RealmsServerStatusPinger	pingServer	(Ljava/lang/String;Lnet/minecraft/realms/RealmsServerPing;)V	pingServer
METHOD	net/minecraft/realms/RealmsServerStatusPinger	removeAll	()V	removeAll
METHOD	net/minecraft/realms/RealmsServerStatusPinger	tick	()V	tick
METHOD	net/minecraft/realms/RealmsSimpleScrolledSelectionList	getItemCount	()I	getItemCount
METHOD	net/minecraft/realms/RealmsSimpleScrolledSelectionList	getMaxPosition	()I	getMaxPosition
METHOD	net/minecraft/realms/RealmsSimpleScrolledSelectionList	getScroll	()I	getScroll
METHOD	net/minecraft/realms/RealmsSimpleScrolledSelectionList	getScrollbarPosition	()I	getScrollbarPosition
METHOD	net/minecraft/realms/RealmsSimpleScrolledSelectionList	isSelectedItem	(I)Z	isSelectedItem
METHOD	net/minecraft/realms/RealmsSimpleScrolledSelectionList	mouseEvent	()V	mouseEvent
METHOD	net/minecraft/realms/RealmsSimpleScrolledSelectionList	render	(IIF)V	render
METHOD	net/minecraft/realms/RealmsSimpleScrolledSelectionList	renderBackground	()V	renderBackground
METHOD	net/minecraft/realms/RealmsSimpleScrolledSelectionList	renderItem	(IIIIII)V	renderItem
METHOD	net/minecraft/realms/RealmsSimpleScrolledSelectionList	renderItem	(IIIILnet/minecraft/realms/Tezzelator;II)V	renderItem
METHOD	net/minecraft/realms/RealmsSimpleScrolledSelectionList	renderList	(IIII)V	renderList
METHOD	net/minecraft/realms/RealmsSimpleScrolledSelectionList	scroll	(I)V	scroll
METHOD	net/minecraft/realms/RealmsSimpleScrolledSelectionList	selectItem	(IZII)V	selectItem
METHOD	net/minecraft/realms/RealmsSimpleScrolledSelectionList	width	()I	width
METHOD	net/minecraft/realms/RealmsSimpleScrolledSelectionList	xm	()I	xm
METHOD	net/minecraft/realms/RealmsSimpleScrolledSelectionList	ym	()I	ym
METHOD	net/minecraft/realms/RealmsSliderButton	clamp	(F)F	clamp
METHOD	net/minecraft/realms/RealmsSliderButton	clampSteps	(F)F	clampSteps
METHOD	net/minecraft/realms/RealmsSliderButton	clicked	(F)V	clicked
METHOD	net/minecraft/realms/RealmsSliderButton	clicked	(II)V	clicked
METHOD	net/minecraft/realms/RealmsSliderButton	getMessage	()Ljava/lang/String;	getMessage
METHOD	net/minecraft/realms/RealmsSliderButton	getYImage	(Z)I	getYImage
METHOD	net/minecraft/realms/RealmsSliderButton	released	(II)V	released
METHOD	net/minecraft/realms/RealmsSliderButton	renderBg	(II)V	renderBg
METHOD	net/minecraft/realms/RealmsSliderButton	toPct	(F)F	toPct
METHOD	net/minecraft/realms/RealmsSliderButton	toValue	(F)F	toValue
METHOD	net/minecraft/realms/RealmsVertexFormat	addElement	(Lnet/minecraft/realms/RealmsVertexFormatElement;)Lnet/minecraft/realms/RealmsVertexFormat;	addElement
METHOD	net/minecraft/realms/RealmsVertexFormat	clear	()V	clear
METHOD	net/minecraft/realms/RealmsVertexFormat	equals	(Ljava/lang/Object;)Z	equals
METHOD	net/minecraft/realms/RealmsVertexFormat	from	(Lbmu;)Lnet/minecraft/realms/RealmsVertexFormat;	from
METHOD	net/minecraft/realms/RealmsVertexFormat	getColorOffset	()I	getColorOffset
METHOD	net/minecraft/realms/RealmsVertexFormat	getElement	(I)Lnet/minecraft/realms/RealmsVertexFormatElement;	getElement
METHOD	net/minecraft/realms/RealmsVertexFormat	getElementCount	()I	getElementCount
METHOD	net/minecraft/realms/RealmsVertexFormat	getElements	()Ljava/util/List;	getElements
METHOD	net/minecraft/realms/RealmsVertexFormat	getIntegerSize	()I	getIntegerSize
METHOD	net/minecraft/realms/RealmsVertexFormat	getNormalOffset	()I	getNormalOffset
METHOD	net/minecraft/realms/RealmsVertexFormat	getOffset	(I)I	getOffset
METHOD	net/minecraft/realms/RealmsVertexFormat	getUvOffset	(I)I	getUvOffset
METHOD	net/minecraft/realms/RealmsVertexFormat	getVertexFormat	()Lbmu;	getVertexFormat
METHOD	net/minecraft/realms/RealmsVertexFormat	getVertexSize	()I	getVertexSize
METHOD	net/minecraft/realms/RealmsVertexFormat	hasColor	()Z	hasColor
METHOD	net/minecraft/realms/RealmsVertexFormat	hasNormal	()Z	hasNormal
METHOD	net/minecraft/realms/RealmsVertexFormat	hasUv	(I)Z	hasUv
METHOD	net/minecraft/realms/RealmsVertexFormat	hashCode	()I	hashCode
METHOD	net/minecraft/realms/RealmsVertexFormat	toString	()Ljava/lang/String;	toString
METHOD	net/minecraft/realms/RealmsVertexFormatElement	equals	(Ljava/lang/Object;)Z	equals
METHOD	net/minecraft/realms/RealmsVertexFormatElement	getByteSize	()I	getByteSize
METHOD	net/minecraft/realms/RealmsVertexFormatElement	getCount	()I	getCount
METHOD	net/minecraft/realms/RealmsVertexFormatElement	getIndex	()I	getIndex
METHOD	net/minecraft/realms/RealmsVertexFormatElement	getVertexFormatElement	()Lbmv;	getVertexFormatElement
METHOD	net/minecraft/realms/RealmsVertexFormatElement	hashCode	()I	hashCode
METHOD	net/minecraft/realms/RealmsVertexFormatElement	isPosition	()Z	isPosition
METHOD	net/minecraft/realms/RealmsVertexFormatElement	toString	()Ljava/lang/String;	toString
METHOD	net/minecraft/realms/Tezzelator	begin	(ILnet/minecraft/realms/RealmsVertexFormat;)V	begin
METHOD	net/minecraft/realms/Tezzelator	color	(FFFF)V	color
METHOD	net/minecraft/realms/Tezzelator	color	(IIII)Lnet/minecraft/realms/RealmsBufferBuilder;	color
METHOD	net/minecraft/realms/Tezzelator	end	()V	end
METHOD	net/minecraft/realms/Tezzelator	endVertex	()V	endVertex
METHOD	net/minecraft/realms/Tezzelator	normal	(FFF)V	normal
METHOD	net/minecraft/realms/Tezzelator	offset	(DDD)V	offset
METHOD	net/minecraft/realms/Tezzelator	tex	(DD)Lnet/minecraft/realms/Tezzelator;	tex
METHOD	net/minecraft/realms/Tezzelator	tex2	(SS)V	tex2
METHOD	net/minecraft/realms/Tezzelator	vertex	(DDD)Lnet/minecraft/realms/Tezzelator;	vertex
METHOD	net/minecraft/server/MinecraftServer$1	a	()V	setDoneWorking
METHOD	net/minecraft/server/MinecraftServer$1	a	(I)V	setLoadingProgress
METHOD	net/minecraft/server/MinecraftServer$1	a	(Ljava/lang/String;)V	displaySavingString
METHOD	net/minecraft/server/MinecraftServer$1	b	(Ljava/lang/String;)V	resetProgressAndMessage
METHOD	net/minecraft/server/MinecraftServer$1	c	(Ljava/lang/String;)V	displayLoadingString
METHOD	net/minecraft/server/MinecraftServer$2	run	()V	run
METHOD	net/minecraft/server/MinecraftServer$3	a	()Ljava/lang/String;	call
METHOD	net/minecraft/server/MinecraftServer$3	call	()Ljava/lang/Object;	call
METHOD	net/minecraft/server/MinecraftServer$4	a	()Ljava/lang/String;	call
METHOD	net/minecraft/server/MinecraftServer$4	call	()Ljava/lang/Object;	call
METHOD	net/minecraft/server/MinecraftServer	A	()V	tick
METHOD	net/minecraft/server/MinecraftServer	B	()V	updateTimeLightAndEntities
METHOD	net/minecraft/server/MinecraftServer	C	()Z	getAllowNether
METHOD	net/minecraft/server/MinecraftServer	D	()V	startServerThread
METHOD	net/minecraft/server/MinecraftServer	E	()Ljava/lang/String;	getHostname
METHOD	net/minecraft/server/MinecraftServer	F	()I	getPort
METHOD	net/minecraft/server/MinecraftServer	G	()Ljava/lang/String;	getMotd
METHOD	net/minecraft/server/MinecraftServer	H	()Ljava/lang/String;	getMinecraftVersion
METHOD	net/minecraft/server/MinecraftServer	I	()I	getCurrentPlayerCount
METHOD	net/minecraft/server/MinecraftServer	J	()I	getMaxPlayers
METHOD	net/minecraft/server/MinecraftServer	K	()[Ljava/lang/String;	getAllUsernames
METHOD	net/minecraft/server/MinecraftServer	L	()[Lcom/mojang/authlib/GameProfile;	getGameProfiles
METHOD	net/minecraft/server/MinecraftServer	M	()Z	isDebuggingEnabled
METHOD	net/minecraft/server/MinecraftServer	N	()Lnet/minecraft/server/MinecraftServer;	getServer
METHOD	net/minecraft/server/MinecraftServer	O	()Z	isAnvilFileSet
METHOD	net/minecraft/server/MinecraftServer	P	()Ll;	getCommandManager
METHOD	net/minecraft/server/MinecraftServer	Q	()Ljava/security/KeyPair;	getKeyPair
METHOD	net/minecraft/server/MinecraftServer	R	()I	getServerPort
METHOD	net/minecraft/server/MinecraftServer	S	()Ljava/lang/String;	getServerOwner
METHOD	net/minecraft/server/MinecraftServer	T	()Z	isSinglePlayer
METHOD	net/minecraft/server/MinecraftServer	U	()Ljava/lang/String;	getFolderName
METHOD	net/minecraft/server/MinecraftServer	V	()Ljava/lang/String;	getWorldName
METHOD	net/minecraft/server/MinecraftServer	W	()Z	allowSpawnMonsters
METHOD	net/minecraft/server/MinecraftServer	X	()Z	isDemo
METHOD	net/minecraft/server/MinecraftServer	Y	()Latr;	getActiveAnvilConverter
METHOD	net/minecraft/server/MinecraftServer	a	(I)Lle;	worldServerForDimension
METHOD	net/minecraft/server/MinecraftServer	a	(ILjava/lang/String;)Z	canCommandSenderUseCommand
METHOD	net/minecraft/server/MinecraftServer	a	(Ladm;Lcj;Lwn;)Z	isBlockProtected
METHOD	net/minecraft/server/MinecraftServer	a	(Ladp$a;)V	setGameType
METHOD	net/minecraft/server/MinecraftServer	a	(Ladp$a;Z)Ljava/lang/String;	shareToLAN
METHOD	net/minecraft/server/MinecraftServer	a	(Lb;)V	finalTick
METHOD	net/minecraft/server/MinecraftServer	a	(Leu;)V	addChatMessage
METHOD	net/minecraft/server/MinecraftServer	a	(Ljava/lang/Runnable;)Lcom/google/common/util/concurrent/ListenableFuture;	addScheduledTask
METHOD	net/minecraft/server/MinecraftServer	a	(Ljava/lang/String;)V	convertMapIfNeeded
METHOD	net/minecraft/server/MinecraftServer	a	(Ljava/lang/String;Latp;)V	setResourcePackFromWorld
METHOD	net/minecraft/server/MinecraftServer	a	(Ljava/lang/String;Ljava/lang/String;JLadr;Ljava/lang/String;)V	loadAllWorlds
METHOD	net/minecraft/server/MinecraftServer	a	(Ljava/security/KeyPair;)V	setKeyPair
METHOD	net/minecraft/server/MinecraftServer	a	(Ljava/util/UUID;)Lpk;	getEntityFromUuid
METHOD	net/minecraft/server/MinecraftServer	a	(Ljava/util/concurrent/Callable;)Lcom/google/common/util/concurrent/ListenableFuture;	callFromMainThread
METHOD	net/minecraft/server/MinecraftServer	a	(Ljs;)V	addFaviconToStatusResponse
METHOD	net/minecraft/server/MinecraftServer	a	(Lkm;)V	registerTickable
METHOD	net/minecraft/server/MinecraftServer	a	(Llx;)V	setConfigManager
METHOD	net/minecraft/server/MinecraftServer	a	(Lm;Ljava/lang/String;Lcj;)Ljava/util/List;	getTabCompletions
METHOD	net/minecraft/server/MinecraftServer	a	(Ln$a;I)V	setCommandStat
METHOD	net/minecraft/server/MinecraftServer	a	(Lnet/minecraft/server/MinecraftServer;)Llx;	access$100
METHOD	net/minecraft/server/MinecraftServer	a	(Loj;)V	setDifficultyForAllWorlds
METHOD	net/minecraft/server/MinecraftServer	a	(Lor;)V	addServerStatsToSnooper
METHOD	net/minecraft/server/MinecraftServer	a	(Z)V	saveAllWorlds
METHOD	net/minecraft/server/MinecraftServer	aA	()I	getMaxPlayerIdleMinutes
METHOD	net/minecraft/server/MinecraftServer	aB	()Z	isAnnouncingPlayerAchievements
METHOD	net/minecraft/server/MinecraftServer	aD	()Lcom/mojang/authlib/minecraft/MinecraftSessionService;	getMinecraftSessionService
METHOD	net/minecraft/server/MinecraftServer	aE	()Lcom/mojang/authlib/GameProfileRepository;	getGameProfileRepository
METHOD	net/minecraft/server/MinecraftServer	aF	()Llt;	getPlayerProfileCache
METHOD	net/minecraft/server/MinecraftServer	aG	()Ljs;	getServerStatusResponse
METHOD	net/minecraft/server/MinecraftServer	aH	()V	refreshStatusNextTick
METHOD	net/minecraft/server/MinecraftServer	aI	()I	getMaxWorldSize
METHOD	net/minecraft/server/MinecraftServer	aJ	()Z	isCallingFromMinecraftThread
METHOD	net/minecraft/server/MinecraftServer	aK	()I	getNetworkCompressionTreshold
METHOD	net/minecraft/server/MinecraftServer	aL	()J	getCurrentTime
METHOD	net/minecraft/server/MinecraftServer	aM	()Ljava/lang/Thread;	getServerThread
METHOD	net/minecraft/server/MinecraftServer	aN	()Lorg/apache/logging/log4j/Logger;	access$000
METHOD	net/minecraft/server/MinecraftServer	a_	(Ljava/lang/String;I)V	outputPercentRemaining
METHOD	net/minecraft/server/MinecraftServer	a_	(Ljava/lang/String;Ljava/lang/String;)V	setResourcePack
METHOD	net/minecraft/server/MinecraftServer	aa	()V	deleteWorldAndStopServer
METHOD	net/minecraft/server/MinecraftServer	ab	()Ljava/lang/String;	getResourcePackUrl
METHOD	net/minecraft/server/MinecraftServer	ac	()Ljava/lang/String;	getResourcePackHash
METHOD	net/minecraft/server/MinecraftServer	ad	()Z	isSnooperEnabled
METHOD	net/minecraft/server/MinecraftServer	ae	()Z	isDedicatedServer
METHOD	net/minecraft/server/MinecraftServer	af	()Z	isServerInOnlineMode
METHOD	net/minecraft/server/MinecraftServer	ag	()Z	getCanSpawnAnimals
METHOD	net/minecraft/server/MinecraftServer	ah	()Z	getCanSpawnNPCs
METHOD	net/minecraft/server/MinecraftServer	ai	()Z	shouldUseNativeTransport
METHOD	net/minecraft/server/MinecraftServer	aj	()Z	isPVPEnabled
METHOD	net/minecraft/server/MinecraftServer	ak	()Z	isFlightAllowed
METHOD	net/minecraft/server/MinecraftServer	al	()Z	isCommandBlockEnabled
METHOD	net/minecraft/server/MinecraftServer	am	()Ljava/lang/String;	getMOTD
METHOD	net/minecraft/server/MinecraftServer	an	()I	getBuildLimit
METHOD	net/minecraft/server/MinecraftServer	ao	()Z	isServerStopped
METHOD	net/minecraft/server/MinecraftServer	ap	()Llx;	getConfigurationManager
METHOD	net/minecraft/server/MinecraftServer	aq	()Lll;	getNetworkSystem
METHOD	net/minecraft/server/MinecraftServer	ar	()Z	serverIsInRunLoop
METHOD	net/minecraft/server/MinecraftServer	as	()Z	getGuiEnabled
METHOD	net/minecraft/server/MinecraftServer	at	()I	getTickCounter
METHOD	net/minecraft/server/MinecraftServer	au	()V	enableProfiling
METHOD	net/minecraft/server/MinecraftServer	av	()Lor;	getPlayerUsageSnooper
METHOD	net/minecraft/server/MinecraftServer	aw	()I	getSpawnProtectionSize
METHOD	net/minecraft/server/MinecraftServer	ax	()Z	getForceGamemode
METHOD	net/minecraft/server/MinecraftServer	ay	()Ljava/net/Proxy;	getServerProxy
METHOD	net/minecraft/server/MinecraftServer	az	()J	getCurrentTimeMillis
METHOD	net/minecraft/server/MinecraftServer	b	(I)V	setServerPort
METHOD	net/minecraft/server/MinecraftServer	b	(Lb;)Lb;	addServerInfoToCrashReport
METHOD	net/minecraft/server/MinecraftServer	b	(Ljava/lang/String;)V	setUserMessage
METHOD	net/minecraft/server/MinecraftServer	b	(Lor;)V	addServerTypeToSnooper
METHOD	net/minecraft/server/MinecraftServer	b	(Z)V	setDemo
METHOD	net/minecraft/server/MinecraftServer	c	()Lcj;	getPosition
METHOD	net/minecraft/server/MinecraftServer	c	(I)V	setBuildLimit
METHOD	net/minecraft/server/MinecraftServer	c	(Ljava/lang/String;)V	setHostname
METHOD	net/minecraft/server/MinecraftServer	c	(Z)V	canCreateBonusChest
METHOD	net/minecraft/server/MinecraftServer	d	()Laui;	getPositionVector
METHOD	net/minecraft/server/MinecraftServer	d	(I)V	setPlayerIdleTimeout
METHOD	net/minecraft/server/MinecraftServer	d	(Ljava/lang/String;)Ljava/io/File;	getFile
METHOD	net/minecraft/server/MinecraftServer	d	(Z)V	setOnlineMode
METHOD	net/minecraft/server/MinecraftServer	e	()Ladm;	getEntityWorld
METHOD	net/minecraft/server/MinecraftServer	e	(Ljava/lang/String;)V	logInfo
METHOD	net/minecraft/server/MinecraftServer	e	(Z)V	setCanSpawnAnimals
METHOD	net/minecraft/server/MinecraftServer	e_	()Ljava/lang/String;	getName
METHOD	net/minecraft/server/MinecraftServer	f	()Lpk;	getCommandSenderEntity
METHOD	net/minecraft/server/MinecraftServer	f	(Ljava/lang/String;)V	logWarning
METHOD	net/minecraft/server/MinecraftServer	f	(Z)V	setCanSpawnNPCs
METHOD	net/minecraft/server/MinecraftServer	f_	()Leu;	getDisplayName
METHOD	net/minecraft/server/MinecraftServer	g	(Ljava/lang/String;)V	logSevere
METHOD	net/minecraft/server/MinecraftServer	g	(Z)V	setAllowPvp
METHOD	net/minecraft/server/MinecraftServer	getServerModName	()Ljava/lang/String;	getServerModName
METHOD	net/minecraft/server/MinecraftServer	h	()Lbd;	createNewCommandManager
METHOD	net/minecraft/server/MinecraftServer	h	(Ljava/lang/String;)V	logDebug
METHOD	net/minecraft/server/MinecraftServer	h	(Z)V	setAllowFlight
METHOD	net/minecraft/server/MinecraftServer	i	()Z	startServer
METHOD	net/minecraft/server/MinecraftServer	i	(Ljava/lang/String;)V	setServerOwner
METHOD	net/minecraft/server/MinecraftServer	i	(Z)V	setForceGamemode
METHOD	net/minecraft/server/MinecraftServer	j	()Ljava/lang/String;	getUserMessage
METHOD	net/minecraft/server/MinecraftServer	j	(Ljava/lang/String;)V	setFolderName
METHOD	net/minecraft/server/MinecraftServer	k	()V	initialWorldChunkLoad
METHOD	net/minecraft/server/MinecraftServer	k	(Ljava/lang/String;)V	setWorldName
METHOD	net/minecraft/server/MinecraftServer	l	()Z	canStructuresSpawn
METHOD	net/minecraft/server/MinecraftServer	l	(Ljava/lang/String;)V	setMOTD
METHOD	net/minecraft/server/MinecraftServer	m	()Ladp$a;	getGameType
METHOD	net/minecraft/server/MinecraftServer	n	()Loj;	getDifficulty
METHOD	net/minecraft/server/MinecraftServer	o	()Z	isHardcore
METHOD	net/minecraft/server/MinecraftServer	p	()I	getOpPermissionLevel
METHOD	net/minecraft/server/MinecraftServer	q	()Z	shouldBroadcastRconToOps
METHOD	net/minecraft/server/MinecraftServer	r	()Z	shouldBroadcastConsoleToOps
METHOD	net/minecraft/server/MinecraftServer	run	()V	run
METHOD	net/minecraft/server/MinecraftServer	s	()V	clearCurrentTask
METHOD	net/minecraft/server/MinecraftServer	t	()V	stopServer
METHOD	net/minecraft/server/MinecraftServer	u	()Ljava/lang/String;	getServerHostname
METHOD	net/minecraft/server/MinecraftServer	u_	()Z	sendCommandFeedback
METHOD	net/minecraft/server/MinecraftServer	v	()Z	isServerRunning
METHOD	net/minecraft/server/MinecraftServer	w	()V	initiateShutdown
METHOD	net/minecraft/server/MinecraftServer	x	()V	setInstance
METHOD	net/minecraft/server/MinecraftServer	y	()Ljava/io/File;	getDataDirectory
METHOD	net/minecraft/server/MinecraftServer	z	()V	systemExitNow
METHOD	ng	a	()Ljavax/crypto/SecretKey;	createNewSharedKey
METHOD	ng	a	(ILjava/lang/String;Ljava/security/Key;)Ljavax/crypto/Cipher;	createTheCipherInstance
METHOD	ng	a	(ILjava/security/Key;)Ljavax/crypto/Cipher;	createNetCipherInstance
METHOD	ng	a	(ILjava/security/Key;[B)[B	cipherOperation
METHOD	ng	a	(Ljava/lang/String;Ljava/security/PublicKey;Ljavax/crypto/SecretKey;)[B	getServerIdHash
METHOD	ng	a	(Ljava/lang/String;[[B)[B	digestOperation
METHOD	ng	a	(Ljava/security/Key;[B)[B	encryptData
METHOD	ng	a	(Ljava/security/PrivateKey;[B)Ljavax/crypto/SecretKey;	decryptSharedKey
METHOD	ng	a	([B)Ljava/security/PublicKey;	decodePublicKey
METHOD	ng	b	()Ljava/security/KeyPair;	generateKeyPair
METHOD	ng	b	(Ljava/security/Key;[B)[B	decryptData
METHOD	nh	a	()I	getLastIndex
METHOD	nh	a	(J)V	addFrame
METHOD	nh	a	(JI)I	getLagometerValue
METHOD	nh	b	()I	getIndex
METHOD	nh	b	(I)I	parseIndex
METHOD	nh	c	()[J	getFrames
METHOD	ni	a	(Lcom/google/gson/JsonElement;)Z	isString
METHOD	ni	a	(Lcom/google/gson/JsonElement;Ljava/lang/String;)Ljava/lang/String;	getString
METHOD	ni	a	(Lcom/google/gson/JsonObject;Ljava/lang/String;)Z	isString
METHOD	ni	a	(Lcom/google/gson/JsonObject;Ljava/lang/String;F)F	getFloat
METHOD	ni	a	(Lcom/google/gson/JsonObject;Ljava/lang/String;I)I	getInt
METHOD	ni	a	(Lcom/google/gson/JsonObject;Ljava/lang/String;Lcom/google/gson/JsonArray;)Lcom/google/gson/JsonArray;	getJsonArray
METHOD	ni	a	(Lcom/google/gson/JsonObject;Ljava/lang/String;Lcom/google/gson/JsonObject;)Lcom/google/gson/JsonObject;	getJsonObject
METHOD	ni	a	(Lcom/google/gson/JsonObject;Ljava/lang/String;Ljava/lang/String;)Ljava/lang/String;	getString
METHOD	ni	a	(Lcom/google/gson/JsonObject;Ljava/lang/String;Z)Z	getBoolean
METHOD	ni	b	(Lcom/google/gson/JsonElement;Ljava/lang/String;)Z	getBoolean
METHOD	ni	c	(Lcom/google/gson/JsonObject;Ljava/lang/String;)Z	isBoolean
METHOD	ni	d	(Lcom/google/gson/JsonElement;)Ljava/lang/String;	toString
METHOD	ni	d	(Lcom/google/gson/JsonElement;Ljava/lang/String;)F	getFloat
METHOD	ni	d	(Lcom/google/gson/JsonObject;Ljava/lang/String;)Z	isJsonArray
METHOD	ni	f	(Lcom/google/gson/JsonElement;Ljava/lang/String;)I	getInt
METHOD	ni	f	(Lcom/google/gson/JsonObject;Ljava/lang/String;)Z	isJsonPrimitive
METHOD	ni	g	(Lcom/google/gson/JsonObject;Ljava/lang/String;)Z	hasField
METHOD	ni	h	(Lcom/google/gson/JsonObject;Ljava/lang/String;)Ljava/lang/String;	getString
METHOD	ni	i	(Lcom/google/gson/JsonObject;Ljava/lang/String;)Z	getBoolean
METHOD	ni	k	(Lcom/google/gson/JsonObject;Ljava/lang/String;)F	getFloat
METHOD	ni	l	(Lcom/google/gson/JsonElement;Ljava/lang/String;)Lcom/google/gson/JsonObject;	getJsonObject
METHOD	ni	m	(Lcom/google/gson/JsonElement;Ljava/lang/String;)Lcom/google/gson/JsonArray;	getJsonArray
METHOD	ni	m	(Lcom/google/gson/JsonObject;Ljava/lang/String;)I	getInt
METHOD	ni	s	(Lcom/google/gson/JsonObject;Ljava/lang/String;)Lcom/google/gson/JsonObject;	getJsonObject
METHOD	ni	t	(Lcom/google/gson/JsonObject;Ljava/lang/String;)Lcom/google/gson/JsonArray;	getJsonArray
METHOD	nj$1	run	()V	run
METHOD	nj	a	()I	getSuitableLanPort
METHOD	nj	a	(Ljava/io/File;Ljava/lang/String;Ljava/util/Map;ILnu;Ljava/net/Proxy;)Lcom/google/common/util/concurrent/ListenableFuture;	downloadResourcePack
METHOD	nj	a	(Ljava/net/URL;)Ljava/lang/String;	get
METHOD	nj	a	(Ljava/net/URL;Ljava/lang/String;Z)Ljava/lang/String;	post
METHOD	nj	a	(Ljava/net/URL;Ljava/util/Map;Z)Ljava/lang/String;	postMap
METHOD	nj	a	(Ljava/util/Map;)Ljava/lang/String;	buildPostString
METHOD	nj	b	()Lorg/apache/logging/log4j/Logger;	access$000
METHOD	nk	a	(Ljava/lang/String;Ljava/lang/Object;)Ljava/lang/Object;	put
METHOD	nk	clear	()V	clear
METHOD	nk	containsKey	(Ljava/lang/Object;)Z	containsKey
METHOD	nk	containsValue	(Ljava/lang/Object;)Z	containsValue
METHOD	nk	entrySet	()Ljava/util/Set;	entrySet
METHOD	nk	get	(Ljava/lang/Object;)Ljava/lang/Object;	get
METHOD	nk	isEmpty	()Z	isEmpty
METHOD	nk	keySet	()Ljava/util/Set;	keySet
METHOD	nk	put	(Ljava/lang/Object;Ljava/lang/Object;)Ljava/lang/Object;	put
METHOD	nk	putAll	(Ljava/util/Map;)V	putAll
METHOD	nk	remove	(Ljava/lang/Object;)Ljava/lang/Object;	remove
METHOD	nk	size	()I	size
METHOD	nk	values	()Ljava/util/Collection;	values
METHOD	nl	a	(I)Ljava/lang/Integer;	getInteger
METHOD	nm$a	a	()I	getHash
METHOD	nm$a	b	()Ljava/lang/Object;	getValue
METHOD	nm$a	equals	(Ljava/lang/Object;)Z	equals
METHOD	nm$a	hashCode	()I	hashCode
METHOD	nm$a	toString	()Ljava/lang/String;	toString
METHOD	nm	a	(I)Ljava/lang/Object;	lookup
METHOD	nm	a	(II)I	getSlotIndex
METHOD	nm	a	(IILjava/lang/Object;I)V	insert
METHOD	nm	a	(ILjava/lang/Object;)V	addKey
METHOD	nm	a	([Lnm$a;)V	copyTo
METHOD	nm	b	(I)Z	containsItem
METHOD	nm	c	()V	clearMap
METHOD	nm	c	(I)Lnm$a;	lookupEntry
METHOD	nm	d	(I)Ljava/lang/Object;	removeObject
METHOD	nm	e	(I)Lnm$a;	removeEntry
METHOD	nm	f	(I)I	access$000
METHOD	nm	g	(I)I	computeHash
METHOD	nm	h	(I)V	grow
METHOD	no	b	()Ljava/lang/Object;	load
METHOD	no	c	()Ljava/lang/Object;	getValue
METHOD	np	a	(Ljava/lang/Object;)Ljava/lang/Object;	func_152757_a
METHOD	np	b	()I	func_152758_b
METHOD	np	c	()[Ljava/lang/Object;	func_152756_c
METHOD	nq$a	a	()J	getKey
METHOD	nq$a	b	()Ljava/lang/Object;	getValue
METHOD	nq$a	equals	(Ljava/lang/Object;)Z	equals
METHOD	nq$a	hashCode	()I	hashCode
METHOD	nq$a	toString	()Ljava/lang/String;	toString
METHOD	nq	a	()I	getNumHashElements
METHOD	nq	a	(I)I	hash
METHOD	nq	a	(II)I	getHashIndex
METHOD	nq	a	(IJLjava/lang/Object;I)V	createKey
METHOD	nq	a	(J)Ljava/lang/Object;	getValueByKey
METHOD	nq	a	(JLjava/lang/Object;)V	add
METHOD	nq	a	([Lnq$a;)V	copyHashTableTo
METHOD	nq	b	(I)V	resizeTable
METHOD	nq	b	(J)Z	containsItem
METHOD	nq	c	(J)Lnq$a;	getEntry
METHOD	nq	d	(J)Ljava/lang/Object;	remove
METHOD	nq	e	(J)Lnq$a;	removeKey
METHOD	nq	f	(J)I	access$000
METHOD	nq	g	(J)I	getHashedKey
METHOD	nr$1	read	(Lcom/google/gson/stream/JsonReader;)Ljava/lang/Object;	read
METHOD	nr$1	write	(Lcom/google/gson/stream/JsonWriter;Ljava/lang/Object;)V	write
METHOD	nr	a	(Ljava/lang/Object;)Ljava/lang/String;	func_151232_a
METHOD	nr	a	(Lnr;Ljava/lang/Object;)Ljava/lang/String;	access$000
METHOD	nr	create	(Lcom/google/gson/Gson;Lcom/google/gson/reflect/TypeToken;)Lcom/google/gson/TypeAdapter;	create
METHOD	ns	a	(D)F	sqrt_double
METHOD	ns	a	(DD)D	abs_max
METHOD	ns	a	(DDD)D	clamp_double
METHOD	ns	a	(F)F	sin
METHOD	ns	a	(FF)Z	epsilonEquals
METHOD	ns	a	(FFF)F	clamp_float
METHOD	ns	a	(I)I	abs_int
METHOD	ns	a	(II)I	bucketInt
METHOD	ns	a	(III)I	clamp_int
METHOD	ns	a	(Ldf;)J	getPositionRandom
METHOD	ns	a	(Ljava/lang/String;D)D	parseDoubleWithDefault
METHOD	ns	a	(Ljava/lang/String;DD)D	parseDoubleWithDefaultAndMax
METHOD	ns	a	(Ljava/lang/String;I)I	parseIntWithDefault
METHOD	ns	a	(Ljava/lang/String;II)I	parseIntWithDefaultAndMax
METHOD	ns	a	(Ljava/util/Random;)Ljava/util/UUID;	getRandomUuid
METHOD	ns	a	(Ljava/util/Random;DD)D	getRandomDoubleInRange
METHOD	ns	a	(Ljava/util/Random;FF)F	randomFloatClamp
METHOD	ns	a	(Ljava/util/Random;II)I	getRandomIntegerInRange
METHOD	ns	a	([J)D	average
METHOD	ns	b	(D)I	truncateDoubleToInt
METHOD	ns	b	(DD)D	atan2
METHOD	ns	b	(DDD)D	denormalizeClamp
METHOD	ns	b	(F)F	cos
METHOD	ns	b	(FFF)I	func_180183_b
METHOD	ns	b	(I)I	roundUpToPowerOfTwo
METHOD	ns	b	(II)I	normalizeAngle
METHOD	ns	b	(III)I	func_180181_b
METHOD	ns	c	(D)I	floor_double
METHOD	ns	c	(DDD)D	func_181160_c
METHOD	ns	c	(F)F	sqrt_float
METHOD	ns	c	(FFF)I	hsvToRGB
METHOD	ns	c	(I)I	calculateLogBaseTwo
METHOD	ns	c	(II)I	roundUp
METHOD	ns	c	(III)J	getCoordinateRandom
METHOD	ns	d	(D)J	floor_double_long
METHOD	ns	d	(F)I	floor_float
METHOD	ns	d	(I)Z	isPowerOfTwo
METHOD	ns	d	(II)I	func_180188_d
METHOD	ns	e	(D)I	func_154353_e
METHOD	ns	e	(F)F	abs
METHOD	ns	e	(I)I	calculateLogBaseTwoDeBruijn
METHOD	ns	f	(D)I	ceiling_double_int
METHOD	ns	f	(F)I	ceiling_float_int
METHOD	ns	g	(D)D	wrapAngleTo180_double
METHOD	ns	g	(F)F	wrapAngleTo180_float
METHOD	ns	h	(D)D	func_181162_h
METHOD	ns	i	(D)D	func_181161_i
METHOD	nt$a	a	()I	getColor
METHOD	nt$a	a	(Lnt$a;)I	compareTo
METHOD	nt$a	compareTo	(Ljava/lang/Object;)I	compareTo
METHOD	nt	a	()V	clearProfiling
METHOD	nt	a	(Ljava/lang/String;)V	startSection
METHOD	nt	b	()V	endSection
METHOD	nt	b	(Ljava/lang/String;)Ljava/util/List;	getProfilingData
METHOD	nt	c	()Ljava/lang/String;	getNameOfLastSection
METHOD	nt	c	(Ljava/lang/String;)V	endStartSection
METHOD	nu	a	()V	setDoneWorking
METHOD	nu	a	(I)V	setLoadingProgress
METHOD	nu	a	(Ljava/lang/String;)V	displaySavingString
METHOD	nu	b	(Ljava/lang/String;)V	resetProgressAndMessage
METHOD	nu	c	(Ljava/lang/String;)V	displayLoadingString
METHOD	nv	a	()V	reset
METHOD	nv	a	(FF)F	smooth
METHOD	nw	l	()Ljava/lang/String;	getName
METHOD	nx	a	(I)Ljava/lang/String;	ticksToElapsedTime
METHOD	nx	a	(Ljava/lang/String;)Ljava/lang/String;	stripControlCodes
METHOD	nx	b	(Ljava/lang/String;)Z	isNullOrEmpty
METHOD	nz	a	()Ljava/lang/Object;	getFirst
METHOD	nz	b	()Ljava/lang/Object;	getSecond
METHOD	o$1	a	(Lpk;)Z	apply
METHOD	o$1	apply	(Ljava/lang/Object;)Z	apply
METHOD	o$10	a	(Lpk;)Z	apply
METHOD	o$10	apply	(Ljava/lang/Object;)Z	apply
METHOD	o$11	a	(Lpk;)Z	apply
METHOD	o$11	apply	(Ljava/lang/Object;)Z	apply
METHOD	o$12	a	(Lpk;)Z	apply
METHOD	o$12	apply	(Ljava/lang/Object;)Z	apply
METHOD	o$2	a	(Lpk;)Z	apply
METHOD	o$2	apply	(Ljava/lang/Object;)Z	apply
METHOD	o$3	a	(Lpk;)Z	apply
METHOD	o$3	apply	(Ljava/lang/Object;)Z	apply
METHOD	o$4	a	(Lpk;Lpk;)I	compare
METHOD	o$4	compare	(Ljava/lang/Object;Ljava/lang/Object;)I	compare
METHOD	o$5	a	(Lpk;)Z	apply
METHOD	o$5	apply	(Ljava/lang/Object;)Z	apply
METHOD	o$6	a	(Lpk;)Z	apply
METHOD	o$6	apply	(Ljava/lang/Object;)Z	apply
METHOD	o$7	a	(Lpk;)Z	apply
METHOD	o$7	apply	(Ljava/lang/Object;)Z	apply
METHOD	o$8	a	(Lpk;)Z	apply
METHOD	o$8	apply	(Ljava/lang/Object;)Z	apply
METHOD	o$9	a	(Lpk;)Z	apply
METHOD	o$9	apply	(Ljava/lang/Object;)Z	apply
METHOD	o	a	(I)I	func_179650_a
METHOD	o	a	(Lcj;III)Laug;	func_179661_a
METHOD	o	a	(Ljava/lang/String;)Z	matchesMultiplePlayers
METHOD	o	a	(Ljava/util/List;Ljava/util/Map;Lm;Ljava/lang/Class;Ljava/lang/String;Lcj;)Ljava/util/List;	func_179658_a
METHOD	o	a	(Ljava/util/Map;)Ljava/util/Map;	func_96560_a
METHOD	o	a	(Ljava/util/Map;Lcj;)Ljava/util/List;	func_180698_a
METHOD	o	a	(Ljava/util/Map;Ljava/lang/Class;Ljava/util/List;Ljava/lang/String;Ladm;Lcj;)Ljava/util/List;	filterResults
METHOD	o	a	(Ljava/util/Map;Ljava/lang/String;)Ljava/util/List;	func_179663_a
METHOD	o	a	(Ljava/util/Map;Ljava/lang/String;I)I	parseIntWithDefault
METHOD	o	a	(Lm;Ljava/lang/String;)Llf;	matchOnePlayer
METHOD	o	a	(Lm;Ljava/lang/String;Ljava/lang/Class;)Lpk;	matchOneEntity
METHOD	o	a	(Lm;Ljava/util/Map;)Ljava/util/List;	getWorlds
METHOD	o	b	(Ljava/lang/String;)Z	hasArguments
METHOD	o	b	(Ljava/util/Map;)Ljava/util/List;	getXpLevelPredicates
METHOD	o	b	(Ljava/util/Map;Lcj;)Lcj;	func_179664_b
METHOD	o	b	(Ljava/util/Map;Ljava/lang/String;)Ljava/lang/String;	func_179651_b
METHOD	o	b	(Lm;Ljava/lang/String;)Leu;	matchEntitiesToChatComponent
METHOD	o	b	(Lm;Ljava/lang/String;Ljava/lang/Class;)Ljava/util/List;	matchEntities
METHOD	o	b	(Lm;Ljava/util/Map;)Z	isEntityTypeValid
METHOD	o	c	(Ljava/lang/String;)Ljava/util/Map;	getArgumentMap
METHOD	o	c	(Ljava/util/Map;)Ljava/util/List;	getGamemodePredicates
METHOD	o	d	(Ljava/util/Map;)Ljava/util/List;	getTeamPredicates
METHOD	o	e	(Ljava/util/Map;)Ljava/util/List;	getScorePredicates
METHOD	o	f	(Ljava/util/Map;)Ljava/util/List;	getNamePredicates
METHOD	o	g	(Ljava/util/Map;)Ljava/util/List;	getRotationsPredicates
METHOD	o	h	(Ljava/util/Map;)Z	func_179665_h
METHOD	oa	a	(Ljava/util/Collection;)I	getTotalWeight
METHOD	oa	a	(Ljava/util/Collection;I)Loa$a;	getRandomItem
METHOD	oa	a	(Ljava/util/Random;Ljava/util/Collection;)Loa$a;	getRandomItem
METHOD	oa	a	(Ljava/util/Random;Ljava/util/Collection;I)Loa$a;	getRandomItem
METHOD	ob	a	(Ljava/util/List;[Lob;)Ljava/util/List;	func_177629_a
METHOD	ob	a	(Ljava/util/Random;Ljava/util/List;Lalc;I)V	generateDispenserContents
METHOD	ob	a	(Ljava/util/Random;Ljava/util/List;Log;I)V	generateChestContents
METHOD	od	a	(Ljava/lang/Runnable;)Lcom/google/common/util/concurrent/ListenableFuture;	addScheduledTask
METHOD	od	aJ	()Z	isCallingFromMinecraftThread
METHOD	of	a	(I)Lzx;	getStackInSlot
METHOD	of	a	(II)Lzx;	decrStackSize
METHOD	of	a	(ILzx;)V	setInventorySlotContents
METHOD	of	a	(Log;)Z	isPartOfLargeChest
METHOD	of	a	(Lon;)V	setLockCode
METHOD	of	a	(Lwm;Lwn;)Lxi;	createContainer
METHOD	of	a	(Lwn;)Z	isUseableByPlayer
METHOD	of	a_	(I)I	getField
METHOD	of	b	(I)Lzx;	removeStackFromSlot
METHOD	of	b	(II)V	setField
METHOD	of	b	(ILzx;)Z	isItemValidForSlot
METHOD	of	b	(Lwn;)V	openInventory
METHOD	of	c	(Lwn;)V	closeInventory
METHOD	of	e_	()Ljava/lang/String;	getName
METHOD	of	f_	()Leu;	getDisplayName
METHOD	of	g	()I	getFieldCount
METHOD	of	i	()Lon;	getLockCode
METHOD	of	k	()Ljava/lang/String;	getGuiID
METHOD	of	l	()V	clear
METHOD	of	l_	()Z	hasCustomName
METHOD	of	o_	()I	getSizeInventory
METHOD	of	p_	()V	markDirty
METHOD	of	q_	()I	getInventoryStackLimit
METHOD	of	r_	()Z	isLocked
METHOD	og	a	(I)Lzx;	getStackInSlot
METHOD	og	a	(II)Lzx;	decrStackSize
METHOD	og	a	(ILzx;)V	setInventorySlotContents
METHOD	og	a	(Lwn;)Z	isUseableByPlayer
METHOD	og	a_	(I)I	getField
METHOD	og	b	(I)Lzx;	removeStackFromSlot
METHOD	og	b	(II)V	setField
METHOD	og	b	(ILzx;)Z	isItemValidForSlot
METHOD	og	b	(Lwn;)V	openInventory
METHOD	og	c	(Lwn;)V	closeInventory
METHOD	og	g	()I	getFieldCount
METHOD	og	l	()V	clear
METHOD	og	o_	()I	getSizeInventory
METHOD	og	p_	()V	markDirty
METHOD	og	q_	()I	getInventoryStackLimit
METHOD	oh	a	(Loq;)V	onInventoryChanged
METHOD	oi	a	(Ladm;DDDLog;)V	dropInventoryItems
METHOD	oi	a	(Ladm;DDDLzx;)V	spawnItemStack
METHOD	oi	a	(Ladm;Lcj;Log;)V	dropInventoryItems
METHOD	oi	a	(Ladm;Lpk;Log;)V	dropInventoryItems
METHOD	oj	a	()I	getDifficultyId
METHOD	oj	a	(I)Loj;	getDifficultyEnum
METHOD	oj	b	()Ljava/lang/String;	getDifficultyResourceKey
METHOD	oj	values	()[Loj;	values
METHOD	ok	a	(Loj;JJF)F	calculateAdditionalDifficulty
METHOD	ok	b	()F	getAdditionalDifficulty
METHOD	ok	c	()F	getClampedAdditionalDifficulty
METHOD	ol	a	(Lwm;Lwn;)Lxi;	createContainer
METHOD	ol	k	()Ljava/lang/String;	getGuiID
METHOD	on	a	()Z	isEmpty
METHOD	on	a	(Ldn;)V	toNBT
METHOD	on	b	()Ljava/lang/String;	getLock
METHOD	on	b	(Ldn;)Lon;	fromNBT
METHOD	oo	a	(Lon;)V	setLockCode
METHOD	oo	i	()Lon;	getLockCode
METHOD	oo	r_	()Z	isLocked
METHOD	op	e_	()Ljava/lang/String;	getName
METHOD	op	f_	()Leu;	getDisplayName
METHOD	op	l_	()Z	hasCustomName
METHOD	oq	a	(I)Lzx;	getStackInSlot
METHOD	oq	a	(II)Lzx;	decrStackSize
METHOD	oq	a	(ILzx;)V	setInventorySlotContents
METHOD	oq	a	(Ljava/lang/String;)V	setCustomName
METHOD	oq	a	(Loh;)V	addInventoryChangeListener
METHOD	oq	a	(Lwn;)Z	isUseableByPlayer
METHOD	oq	a	(Lzx;)Lzx;	func_174894_a
METHOD	oq	a_	(I)I	getField
METHOD	oq	b	(I)Lzx;	removeStackFromSlot
METHOD	oq	b	(II)V	setField
METHOD	oq	b	(ILzx;)Z	isItemValidForSlot
METHOD	oq	b	(Loh;)V	removeInventoryChangeListener
METHOD	oq	b	(Lwn;)V	openInventory
METHOD	oq	c	(Lwn;)V	closeInventory
METHOD	oq	e_	()Ljava/lang/String;	getName
METHOD	oq	f_	()Leu;	getDisplayName
METHOD	oq	g	()I	getFieldCount
METHOD	oq	l	()V	clear
METHOD	oq	l_	()Z	hasCustomName
METHOD	oq	o_	()I	getSizeInventory
METHOD	oq	p_	()V	markDirty
METHOD	oq	q_	()I	getInventoryStackLimit
METHOD	or$1	run	()V	run
METHOD	or	a	()V	startSnooper
METHOD	or	a	(Ljava/lang/String;Ljava/lang/Object;)V	addClientStat
METHOD	or	a	(Lor;)Los;	access$000
METHOD	or	b	()V	addMemoryStatsToSnooper
METHOD	or	b	(Ljava/lang/String;Ljava/lang/Object;)V	addStatToSnooper
METHOD	or	b	(Lor;)Ljava/lang/Object;	access$100
METHOD	or	c	()Ljava/util/Map;	getCurrentStats
METHOD	or	c	(Lor;)Ljava/util/Map;	access$200
METHOD	or	d	()Z	isSnooperRunning
METHOD	or	d	(Lor;)I	access$300
METHOD	or	e	()V	stopSnooper
METHOD	or	e	(Lor;)Ljava/util/Map;	access$400
METHOD	or	f	()Ljava/lang/String;	getUniqueID
METHOD	or	f	(Lor;)I	access$308
METHOD	or	g	()J	getMinecraftStartTimeMillis
METHOD	or	g	(Lor;)Ljava/lang/String;	access$500
METHOD	or	h	()V	addOSData
METHOD	or	h	(Lor;)Ljava/net/URL;	access$600
METHOD	or	i	()V	addJvmArgsToSnooper
METHOD	os	a	(Lor;)V	addServerStatsToSnooper
METHOD	os	ad	()Z	isSnooperEnabled
METHOD	os	b	(Lor;)V	addServerTypeToSnooper
METHOD	ot	a	(ILzx;Lcq;)Z	canInsertItem
METHOD	ot	a	(Lcq;)[I	getSlotsForFace
METHOD	ot	b	(ILzx;Lcq;)Z	canExtractItem
METHOD	ou	a	()Low;	getDamageSrc
METHOD	ou	c	()F	func_94563_c
METHOD	ou	f	()Z	isLivingDamageSrc
METHOD	ou	g	()Ljava/lang/String;	func_94562_g
METHOD	ou	h	()Leu;	getDamageSrcDisplayName
METHOD	ou	i	()F	getDamageAmount
METHOD	ov	a	()V	func_94545_a
METHOD	ov	a	(Lou;)Ljava/lang/String;	func_94548_b
METHOD	ov	a	(Low;FF)V	trackDamage
METHOD	ov	b	()Leu;	getDeathMessage
METHOD	ov	c	()Lpr;	func_94550_c
METHOD	ov	f	()I	func_180134_f
METHOD	ov	g	()V	reset
METHOD	ov	h	()Lpr;	getFighter
METHOD	ov	i	()Lou;	func_94544_f
METHOD	ov	j	()V	func_94542_g
METHOD	ow	a	()Z	isProjectile
METHOD	ow	a	(Ladi;)Low;	setExplosionSource
METHOD	ow	a	(Lpk;)Low;	causeThornsDamage
METHOD	ow	a	(Lpk;Lpk;)Low;	causeThrownDamage
METHOD	ow	a	(Lpr;)Low;	causeMobDamage
METHOD	ow	a	(Lwn;)Low;	causePlayerDamage
METHOD	ow	a	(Lwq;Lpk;)Low;	causeArrowDamage
METHOD	ow	a	(Lws;Lpk;)Low;	causeFireballDamage
METHOD	ow	b	()Low;	setProjectile
METHOD	ow	b	(Lpk;Lpk;)Low;	causeIndirectMagicDamage
METHOD	ow	b	(Lpr;)Leu;	getDeathMessage
METHOD	ow	c	()Z	isExplosion
METHOD	ow	d	()Low;	setExplosion
METHOD	ow	e	()Z	isUnblockable
METHOD	ow	f	()F	getHungerDamage
METHOD	ow	g	()Z	canHarmInCreative
METHOD	ow	h	()Z	isDamageAbsolute
METHOD	ow	i	()Lpk;	getSourceOfDamage
METHOD	ow	j	()Lpk;	getEntity
METHOD	ow	k	()Low;	setDamageBypassesArmor
METHOD	ow	l	()Low;	setDamageAllowedInCreativeMode
METHOD	ow	m	()Low;	setDamageIsAbsolute
METHOD	ow	n	()Low;	setFireDamage
METHOD	ow	o	()Z	isFireDamage
METHOD	ow	p	()Ljava/lang/String;	getDamageType
METHOD	ow	q	()Low;	setDifficultyScaled
METHOD	ow	r	()Z	isDifficultyScaled
METHOD	ow	s	()Z	isMagicDamage
METHOD	ow	t	()Low;	setMagicDamage
METHOD	ow	u	()Z	isCreativePlayer
METHOD	ox	b	(Lpr;)Leu;	getDeathMessage
METHOD	ox	j	()Lpk;	getEntity
METHOD	ox	r	()Z	isDifficultyScaled
METHOD	ox	v	()Lox;	setIsThornsDamage
METHOD	ox	w	()Z	getIsThornsDamage
METHOD	oy	b	(Lpr;)Leu;	getDeathMessage
METHOD	oy	i	()Lpk;	getSourceOfDamage
METHOD	oy	j	()Lpk;	getEntity
METHOD	p$1	a	(Lmq;)Z	apply
METHOD	p$1	apply	(Ljava/lang/Object;)Z	apply
METHOD	p	a	()I	getRequiredPermissionLevel
METHOD	p	a	(Lm;[Ljava/lang/String;)V	processCommand
METHOD	p	a	(Lm;[Ljava/lang/String;Lcj;)Ljava/util/List;	addTabCompletionOptions
METHOD	p	b	([Ljava/lang/String;I)Z	isUsernameIndex
METHOD	p	c	()Ljava/lang/String;	getCommandName
METHOD	p	c	(Lm;)Ljava/lang/String;	getCommandUsage
METHOD	pa	a	(Lpr;Lqf;I)V	removeAttributesModifiersFromEntity
METHOD	pa	b	(Lpr;Lqf;I)V	applyAttributesModifiersToEntity
METHOD	pb	a	(ILqd;)D	getAttributeModifierAmount
METHOD	pc	a	(Lpr;Lqf;I)V	removeAttributesModifiersFromEntity
METHOD	pd	a	(II)Z	isReady
METHOD	pd	b	()Z	isInstant
METHOD	pe	a	()Ljava/lang/String;	getName
METHOD	pe	a	(D)Lpe;	setEffectiveness
METHOD	pe	a	(II)Z	isReady
METHOD	pe	a	(ILqd;)D	getAttributeModifierAmount
METHOD	pe	a	(Lpf;)Ljava/lang/String;	getDurationString
METHOD	pe	a	(Lpk;Lpk;Lpr;ID)V	affectEntity
METHOD	pe	a	(Lpr;I)V	performEffect
METHOD	pe	a	(Lpr;Lqf;I)V	removeAttributesModifiersFromEntity
METHOD	pe	a	(Lqb;Ljava/lang/String;DI)Lpe;	registerPotionAttributeModifier
METHOD	pe	b	()Z	isInstant
METHOD	pe	b	(II)Lpe;	setIconIndex
METHOD	pe	b	(Ljava/lang/String;)Lpe;	getPotionFromResourceLocation
METHOD	pe	b	(Lpr;Lqf;I)V	applyAttributesModifiersToEntity
METHOD	pe	c	()Ljava/util/Set;	getPotionLocations
METHOD	pe	c	(Ljava/lang/String;)Lpe;	setPotionName
METHOD	pe	d	()I	getId
METHOD	pe	e	()Z	hasStatusIcon
METHOD	pe	f	()I	getStatusIconIndex
METHOD	pe	g	()Z	isBadEffect
METHOD	pe	h	()D	getEffectiveness
METHOD	pe	j	()Z	isUsable
METHOD	pe	k	()I	getLiquidColor
METHOD	pe	l	()Ljava/util/Map;	getAttributeModifierMap
METHOD	pf	a	()I	getPotionID
METHOD	pf	a	(Ldn;)Ldn;	writeCustomPotionEffectToNBT
METHOD	pf	a	(Lpf;)V	combine
METHOD	pf	a	(Lpr;)Z	onUpdate
METHOD	pf	a	(Z)V	setSplashPotion
METHOD	pf	b	()I	getDuration
METHOD	pf	b	(Ldn;)Lpf;	readCustomPotionEffectFromNBT
METHOD	pf	b	(Lpr;)V	performEffect
METHOD	pf	b	(Z)V	setPotionDurationMax
METHOD	pf	c	()I	getAmplifier
METHOD	pf	e	()Z	getIsAmbient
METHOD	pf	equals	(Ljava/lang/Object;)Z	equals
METHOD	pf	f	()Z	getIsShowParticles
METHOD	pf	g	()Ljava/lang/String;	getEffectName
METHOD	pf	h	()Z	getIsPotionDurationMax
METHOD	pf	hashCode	()I	hashCode
METHOD	pf	i	()I	deincrementDuration
METHOD	pf	toString	()Ljava/lang/String;	toString
METHOD	ph	a	(F)V	setScale
METHOD	ph	a	(FF)V	setSize
METHOD	ph	a	(I)V	addGrowth
METHOD	ph	a	(IZ)V	func_175501_a
METHOD	ph	a	(Ldn;)V	readEntityFromNBT
METHOD	ph	a	(Lph;)Lph;	createChild
METHOD	ph	a	(Lwn;)Z	interact
METHOD	ph	a	(Z)V	setScaleForAge
METHOD	ph	b	(I)V	setGrowingAge
METHOD	ph	b	(Ldn;)V	writeEntityToNBT
METHOD	ph	h	()V	entityInit
METHOD	ph	j_	()Z	isChild
METHOD	ph	l	()I	getGrowingAge
METHOD	ph	m	()V	onLivingUpdate
METHOD	ph	n	()V	onGrowingAdult
METHOD	pk$1	a	()Ljava/lang/String;	call
METHOD	pk$1	call	()Ljava/lang/Object;	call
METHOD	pk$2	a	()Ljava/lang/String;	call
METHOD	pk$2	call	()Ljava/lang/Object;	call
METHOD	pk$3	a	()Ljava/lang/String;	call
METHOD	pk$3	call	()Ljava/lang/Object;	call
METHOD	pk$4	a	()Ljava/lang/String;	call
METHOD	pk$4	call	()Ljava/lang/Object;	call
METHOD	pk	F	()I	getEntityId
METHOD	pk	G	()V	onKillCommand
METHOD	pk	H	()Lpz;	getDataWatcher
METHOD	pk	I	()V	preparePlayerToSpawn
METHOD	pk	J	()V	setDead
METHOD	pk	K	()V	onEntityUpdate
METHOD	pk	L	()I	getMaxInPortalTime
METHOD	pk	M	()V	setOnFireFromLava
METHOD	pk	N	()V	extinguish
METHOD	pk	O	()V	kill
METHOD	pk	P	()Ljava/lang/String;	getSwimSound
METHOD	pk	Q	()V	doBlockCollisions
METHOD	pk	R	()Z	isSilent
METHOD	pk	S	()Laug;	getCollisionBoundingBox
METHOD	pk	T	()Z	isImmuneToFire
METHOD	pk	U	()Z	isWet
METHOD	pk	V	()Z	isInWater
METHOD	pk	W	()Z	handleWaterMovement
METHOD	pk	X	()V	resetHeight
METHOD	pk	Y	()V	spawnRunningParticles
METHOD	pk	Z	()V	createRunningParticles
METHOD	pk	a	(B)V	handleStatusUpdate
METHOD	pk	a	(D)Z	isInRangeToRenderDist
METHOD	pk	a	(DDD)V	setPositionAndUpdate
METHOD	pk	a	(DDDFF)V	setPositionAndRotation
METHOD	pk	a	(DDDFFIZ)V	setPositionAndRotation2
METHOD	pk	a	(DF)Lauh;	rayTrace
METHOD	pk	a	(DZLafh;Lcj;)V	updateFallState
METHOD	pk	a	(FF)V	setSize
METHOD	pk	a	(FFF)V	moveFlying
METHOD	pk	a	(ILjava/lang/String;)Z	canCommandSenderUseCommand
METHOD	pk	a	(Ladi;Ladm;Lcj;Lalz;)F	getExplosionResistance
METHOD	pk	a	(Ladi;Ladm;Lcj;Lalz;F)Z	verifyExplosion
METHOD	pk	a	(Ladm;)V	setWorld
METHOD	pk	a	(Larm;)Z	isInsideOfMaterial
METHOD	pk	a	(Laug;)V	setEntityBoundingBox
METHOD	pk	a	(Lc;)V	addEntityCrashInfo
METHOD	pk	a	(Lcj;FF)V	moveToBlockPosAndAngles
METHOD	pk	a	(Lcj;Lafh;)V	playStepSound
METHOD	pk	a	(Ldn;)V	readEntityFromNBT
METHOD	pk	a	(Leu;)V	addChatMessage
METHOD	pk	a	(Ljava/lang/String;)V	setCustomNameTag
METHOD	pk	a	(Ljava/lang/String;FF)V	playSound
METHOD	pk	a	(Llf;)Z	isSpectatedByPlayer
METHOD	pk	a	(Ln$a;I)V	setCommandStat
METHOD	pk	a	(Low;F)Z	attackEntityFrom
METHOD	pk	a	(Lpk;)V	mountEntity
METHOD	pk	a	(Lpr;)V	onKillEntity
METHOD	pk	a	(Lpr;Lpk;)V	applyEnchantments
METHOD	pk	a	(Luv;)V	onStruckByLightning
METHOD	pk	a	(Lwn;Laui;)Z	interactAt
METHOD	pk	a	(Lzw;I)Luz;	dropItem
METHOD	pk	a	(Lzw;IF)Luz;	dropItemWithOffset
METHOD	pk	a	(Lzx;F)Luz;	entityDropItem
METHOD	pk	a	([D)Ldu;	newDoubleNBTList
METHOD	pk	a	([F)Ldu;	newFloatNBTList
METHOD	pk	aA	()V	setInWeb
METHOD	pk	aB	()[Lpk;	getParts
METHOD	pk	aC	()F	getRotationYawHead
METHOD	pk	aD	()Z	canAttackWithItem
METHOD	pk	aE	()I	getMaxFallHeight
METHOD	pk	aG	()Laui;	func_181014_aG
METHOD	pk	aH	()Lcq;	getTeleportDirection
METHOD	pk	aI	()Z	doesEntityNotTriggerPressurePlate
METHOD	pk	aJ	()Z	canRenderOnFire
METHOD	pk	aK	()Ljava/util/UUID;	getUniqueID
METHOD	pk	aL	()Z	isPushedByWater
METHOD	pk	aM	()Ljava/lang/String;	getCustomNameTag
METHOD	pk	aN	()Z	getAlwaysRenderNameTag
METHOD	pk	aO	()Z	getAlwaysRenderNameTagForRender
METHOD	pk	aP	()Lcq;	getHorizontalFacing
METHOD	pk	aQ	()Lew;	getHoverEvent
METHOD	pk	aR	()Laug;	getEntityBoundingBox
METHOD	pk	aS	()F	getEyeHeight
METHOD	pk	aT	()Z	isOutsideBorder
METHOD	pk	aU	()Ln;	getCommandStats
METHOD	pk	aV	()Ldn;	getNBTTagCompound
METHOD	pk	aW	()Z	isImmuneToExplosions
METHOD	pk	aa	()Ljava/lang/String;	getSplashSound
METHOD	pk	ab	()Z	isInLava
METHOD	pk	ac	()V	setBeenAttacked
METHOD	pk	ad	()Z	canBeCollidedWith
METHOD	pk	ae	()Z	canBePushed
METHOD	pk	af	()Z	shouldSetPosAfterLoading
METHOD	pk	ag	()Ljava/lang/String;	getEntityString
METHOD	pk	ah	()V	onChunkLoad
METHOD	pk	ai	()Z	isEntityAlive
METHOD	pk	aj	()Z	isEntityInsideOpaqueBlock
METHOD	pk	ak	()V	updateRidden
METHOD	pk	al	()V	updateRiderPosition
METHOD	pk	am	()D	getYOffset
METHOD	pk	an	()D	getMountedYOffset
METHOD	pk	ao	()F	getCollisionBorderSize
METHOD	pk	ap	()Laui;	getLookVec
METHOD	pk	aq	()I	getPortalCooldown
METHOD	pk	ar	()V	performHurtAnimation
METHOD	pk	as	()[Lzx;	getInventory
METHOD	pk	at	()Z	isBurning
METHOD	pk	au	()Z	isRiding
METHOD	pk	av	()Z	isSneaking
METHOD	pk	aw	()Z	isSprinting
METHOD	pk	ax	()Z	isInvisible
METHOD	pk	ay	()Z	isEating
METHOD	pk	az	()I	getAir
METHOD	pk	b	(DDD)V	setPosition
METHOD	pk	b	(DDDFF)V	setLocationAndAngles
METHOD	pk	b	(F)I	getBrightnessForRender
METHOD	pk	b	(FF)V	setRotation
METHOD	pk	b	(IZ)V	setFlag
METHOD	pk	b	(Laug;)Z	isLiquidPresentInAABB
METHOD	pk	b	(Lcj;)D	getDistanceSq
METHOD	pk	b	(Ldn;)V	writeEntityToNBT
METHOD	pk	b	(Low;)Z	isEntityInvulnerable
METHOD	pk	b	(Lpk;I)V	addToPlayerScore
METHOD	pk	b	(Z)V	setSilent
METHOD	pk	c	()Lcj;	getPosition
METHOD	pk	c	(DDD)Z	isOffsetPositionInLiquid
METHOD	pk	c	(F)F	getBrightness
METHOD	pk	c	(FF)V	setAngles
METHOD	pk	c	(I)V	travelToDimension
METHOD	pk	c	(ILzx;)V	setCurrentItemOrArmor
METHOD	pk	c	(Lcj;)D	getDistanceSqToCenter
METHOD	pk	c	(Ldn;)Z	writeMountToNBT
METHOD	pk	c	(Z)V	setSneaking
METHOD	pk	d	()Laui;	getPositionVector
METHOD	pk	d	(DDD)V	moveEntity
METHOD	pk	d	(F)Laui;	getLook
METHOD	pk	d	(I)V	setEntityId
METHOD	pk	d	(ILzx;)Z	replaceItemInInventory
METHOD	pk	d	(Lcj;)V	setPortal
METHOD	pk	d	(Ldn;)Z	writeToNBTOptional
METHOD	pk	d	(Lwn;)V	onCollideWithPlayer
METHOD	pk	d	(Z)V	setSprinting
METHOD	pk	e	()Ladm;	getEntityWorld
METHOD	pk	e	(DDD)D	getDistanceSq
METHOD	pk	e	(F)Laui;	getPositionEyes
METHOD	pk	e	(FF)V	fall
METHOD	pk	e	(I)V	setFire
METHOD	pk	e	(Ldn;)V	writeToNBT
METHOD	pk	e	(Lwn;)Z	interactFirst
METHOD	pk	e	(Z)V	setInvisible
METHOD	pk	e_	()Ljava/lang/String;	getName
METHOD	pk	equals	(Ljava/lang/Object;)Z	equals
METHOD	pk	f	()Lpk;	getCommandSenderEntity
METHOD	pk	f	(DDD)D	getDistance
METHOD	pk	f	(F)V	setRotationYawHead
METHOD	pk	f	(FF)Laui;	getVectorForRotation
METHOD	pk	f	(I)V	dealFireDamage
METHOD	pk	f	(Ldn;)V	readFromNBT
METHOD	pk	f	(Lwn;)Z	isInvisibleToPlayer
METHOD	pk	f	(Z)V	setEating
METHOD	pk	f_	()Leu;	getDisplayName
METHOD	pk	g	(DDD)V	addVelocity
METHOD	pk	g	(F)V	setRenderYawOffset
METHOD	pk	g	(I)Z	getFlag
METHOD	pk	g	(Ldn;)V	clientUpdateEntityNBT
METHOD	pk	g	(Lpk;)F	getDistanceToEntity
METHOD	pk	g	(Z)V	setAlwaysRenderNameTag
METHOD	pk	h	()V	entityInit
METHOD	pk	h	(DDD)Z	isInRangeToRender3d
METHOD	pk	h	(I)V	setAir
METHOD	pk	h	(Lpk;)D	getDistanceSqToEntity
METHOD	pk	h	(Z)V	setOutsideBorder
METHOD	pk	hashCode	()I	hashCode
METHOD	pk	i	(DDD)V	setVelocity
METHOD	pk	i	(I)V	onDataWatcherUpdate
METHOD	pk	i	(Lpk;)V	applyEntityCollision
METHOD	pk	j	(DDD)Z	pushOutOfBlocks
METHOD	pk	j	(Lpk;)Laug;	getCollisionBox
METHOD	pk	k	(Lpk;)Z	isEntityEqual
METHOD	pk	l	(Lpk;)Z	hitByEntity
METHOD	pk	l_	()Z	hasCustomName
METHOD	pk	m	()V	resetPositionToBB
METHOD	pk	m	(Lpk;)V	copyLocationAndAnglesFrom
METHOD	pk	n	(Lpk;)V	copyDataFromOld
METHOD	pk	o	(Lpk;)V	setCommandStats
METHOD	pk	s_	()Z	canTriggerWalking
METHOD	pk	t_	()V	onUpdate
METHOD	pk	toString	()Ljava/lang/String;	toString
METHOD	pk	u_	()Z	sendCommandFeedback
METHOD	pm	a	()V	func_151514_a
METHOD	pm	a	(I)Ljava/lang/Class;	getClassFromID
METHOD	pm	a	(ILadm;)Lpk;	createEntityByID
METHOD	pm	a	(Ldn;Ladm;)Lpk;	createEntityFromNBT
METHOD	pm	a	(Ljava/lang/Class;Ljava/lang/String;I)V	addMapping
METHOD	pm	a	(Ljava/lang/Class;Ljava/lang/String;III)V	addMapping
METHOD	pm	a	(Ljava/lang/String;)I	getIDFromString
METHOD	pm	a	(Ljava/lang/String;Ladm;)Lpk;	createEntityByName
METHOD	pm	a	(Lpk;)I	getEntityID
METHOD	pm	a	(Lpk;Ljava/lang/String;)Z	isStringEntityName
METHOD	pm	b	()Ljava/util/List;	getEntityNameList
METHOD	pm	b	(I)Ljava/lang/String;	getStringFromID
METHOD	pm	b	(Ljava/lang/String;)Z	isStringValidEntityName
METHOD	pm	b	(Lpk;)Ljava/lang/String;	getEntityString
METHOD	po$1	a	(Lpk;)Z	apply
METHOD	po$1	apply	(Ljava/lang/Object;)Z	apply
METHOD	po$2	a	(Lpk;)Z	apply
METHOD	po$2	apply	(Ljava/lang/Object;)Z	apply
METHOD	po$3	a	(Lpk;)Z	apply
METHOD	po$3	apply	(Ljava/lang/Object;)Z	apply
METHOD	po$4	a	(Lpk;)Z	apply
METHOD	po$4	apply	(Ljava/lang/Object;)Z	apply
METHOD	po$a	a	(Lpk;)Z	apply
METHOD	po$a	apply	(Ljava/lang/Object;)Z	apply
METHOD	pp	W	()Z	handleWaterMovement
METHOD	pp	a	(I)I	getXPSplit
METHOD	pp	a	(Ldn;)V	readEntityFromNBT
METHOD	pp	a	(Low;F)Z	attackEntityFrom
METHOD	pp	aD	()Z	canAttackWithItem
METHOD	pp	b	(F)I	getBrightnessForRender
METHOD	pp	b	(Ldn;)V	writeEntityToNBT
METHOD	pp	d	(Lwn;)V	onCollideWithPlayer
METHOD	pp	f	(I)V	dealFireDamage
METHOD	pp	h	()V	entityInit
METHOD	pp	j	()I	getXpValue
METHOD	pp	l	()I	getTextureByXP
METHOD	pp	s_	()Z	canTriggerWalking
METHOD	pp	t_	()V	onUpdate
METHOD	pq	a	(DZLafh;Lcj;)V	updateFallState
METHOD	pq	e	(FF)V	fall
METHOD	pq	g	(FF)V	moveEntityWithHeading
METHOD	pq	k_	()Z	isOnLadder
METHOD	pr$1	a	(Lpk;)Z	apply
METHOD	pr$1	apply	(Ljava/lang/Object;)Z	apply
METHOD	pr	B	()V	updatePotionMetadata
METHOD	pr	G	()V	onKillCommand
METHOD	pr	K	()V	onEntityUpdate
METHOD	pr	O	()V	kill
METHOD	pr	a	(B)V	handleStatusUpdate
METHOD	pr	a	(DDDFFIZ)V	setPositionAndRotation2
METHOD	pr	a	(DZLafh;Lcj;)V	updateFallState
METHOD	pr	a	(Lauq;)Z	isOnTeam
METHOD	pr	a	(Ldn;)V	readEntityFromNBT
METHOD	pr	a	(Low;)V	onDeath
METHOD	pr	a	(Low;F)Z	attackEntityFrom
METHOD	pr	a	(Lpe;)Z	isPotionActive
METHOD	pr	a	(Lpf;)V	onNewPotionEffect
METHOD	pr	a	(Lpf;Z)V	onChangedPotionEffect
METHOD	pr	a	(Lpk;)V	mountEntity
METHOD	pr	a	(Lpk;FDD)V	knockBack
METHOD	pr	a	(Lpk;I)V	onItemPickup
METHOD	pr	a	(Lqb;)Lqc;	getEntityAttribute
METHOD	pr	a	(ZI)V	dropEquipment
METHOD	pr	aC	()F	getRotationYawHead
METHOD	pr	aO	()Z	getAlwaysRenderNameTagForRender
METHOD	pr	aX	()V	applyEntityAttributes
METHOD	pr	aY	()Z	canBreatheUnderwater
METHOD	pr	aZ	()V	onDeathUpdate
METHOD	pr	ac	()V	setBeenAttacked
METHOD	pr	ad	()Z	canBeCollidedWith
METHOD	pr	ae	()Z	canBePushed
METHOD	pr	ai	()Z	isEntityAlive
METHOD	pr	ak	()V	updateRidden
METHOD	pr	ap	()Laui;	getLookVec
METHOD	pr	ar	()V	performHurtAnimation
METHOD	pr	as	()[Lzx;	getInventory
METHOD	pr	b	(Ldn;)V	writeEntityToNBT
METHOD	pr	b	(Low;F)F	applyArmorCalculations
METHOD	pr	b	(Lpe;)Lpf;	getActivePotionEffect
METHOD	pr	b	(Lpf;)V	onFinishedPotionEffect
METHOD	pr	b	(Lpr;)V	setRevengeTarget
METHOD	pr	b	(Lwn;)I	getExperiencePoints
METHOD	pr	b	(Lzx;)V	renderBrokenItemStack
METHOD	pr	b	(ZI)V	dropFewItems
METHOD	pr	bA	()Lzx;	getHeldItem
METHOD	pr	bB	()F	getSoundVolume
METHOD	pr	bC	()F	getSoundPitch
METHOD	pr	bD	()Z	isMovementBlocked
METHOD	pr	bE	()F	getJumpUpwardsMotion
METHOD	pr	bF	()V	jump
METHOD	pr	bG	()V	updateAITick
METHOD	pr	bH	()V	handleJumpLava
METHOD	pr	bI	()F	getAIMoveSpeed
METHOD	pr	bJ	()Z	isPlayerSleeping
METHOD	pr	bK	()V	updateEntityActionState
METHOD	pr	bL	()V	collideWithNearbyEntities
METHOD	pr	bM	()Z	isServerWorld
METHOD	pr	bN	()F	getAbsorptionAmount
METHOD	pr	bO	()Lauq;	getTeam
METHOD	pr	bP	()V	markPotionsDirty
METHOD	pr	ba	()Z	canDropLoot
METHOD	pr	bb	()Z	isPlayer
METHOD	pr	bc	()Ljava/util/Random;	getRNG
METHOD	pr	bd	()Lpr;	getAITarget
METHOD	pr	be	()I	getRevengeTimer
METHOD	pr	bf	()Lpr;	getLastAttacker
METHOD	pr	bg	()I	getLastAttackerTime
METHOD	pr	bh	()I	getAge
METHOD	pr	bi	()V	updatePotionEffects
METHOD	pr	bj	()V	resetPotionEffectMetadata
METHOD	pr	bk	()V	clearActivePotions
METHOD	pr	bl	()Ljava/util/Collection;	getActivePotionEffects
METHOD	pr	bm	()Z	isEntityUndead
METHOD	pr	bn	()F	getHealth
METHOD	pr	bo	()Ljava/lang/String;	getHurtSound
METHOD	pr	bp	()Ljava/lang/String;	getDeathSound
METHOD	pr	bq	()V	addRandomDrop
METHOD	pr	br	()I	getTotalArmorValue
METHOD	pr	bs	()Lov;	getCombatTracker
METHOD	pr	bt	()Lpr;	getAttackingEntity
METHOD	pr	bu	()F	getMaxHealth
METHOD	pr	bv	()I	getArrowCountInEntity
METHOD	pr	bw	()V	swingItem
METHOD	pr	bx	()V	updateArmSwingProgress
METHOD	pr	by	()Lqf;	getAttributeMap
METHOD	pr	bz	()Lpw;	getCreatureAttribute
METHOD	pr	c	(ILzx;)V	setCurrentItemOrArmor
METHOD	pr	c	(Low;F)F	applyPotionDamageCalculations
METHOD	pr	c	(Lpf;)V	addPotionEffect
METHOD	pr	c	(Lpr;)Z	isOnSameTeam
METHOD	pr	d	(F)Laui;	getLook
METHOD	pr	d	(Low;F)V	damageEntity
METHOD	pr	d	(Lpf;)Z	isPotionApplicable
METHOD	pr	d	(Z)V	setSprinting
METHOD	pr	e	(FF)V	fall
METHOD	pr	f	(F)V	setRotationYawHead
METHOD	pr	g	(F)V	setRenderYawOffset
METHOD	pr	g	(FF)V	moveEntityWithHeading
METHOD	pr	h	()V	entityInit
METHOD	pr	h	(F)V	heal
METHOD	pr	h	(FF)F	updateDistance
METHOD	pr	h_	()V	sendEnterCombat
METHOD	pr	i	(F)V	setHealth
METHOD	pr	i	(Z)V	setJumping
METHOD	pr	j	()V	sendEndCombat
METHOD	pr	j	(F)V	damageArmor
METHOD	pr	j	(I)I	decreaseAirSupply
METHOD	pr	j_	()Z	isChild
METHOD	pr	k	(F)V	setAIMoveSpeed
METHOD	pr	k	(I)Z	isPotionActive
METHOD	pr	k_	()Z	isOnLadder
METHOD	pr	l	(F)F	getSwingProgress
METHOD	pr	l	(I)V	removePotionEffectClient
METHOD	pr	m	()V	onLivingUpdate
METHOD	pr	m	(F)V	setAbsorptionAmount
METHOD	pr	m	(I)V	removePotionEffect
METHOD	pr	n	()I	getArmSwingAnimationEnd
METHOD	pr	n	(I)Ljava/lang/String;	getFallSoundString
METHOD	pr	o	(I)V	setArrowCountInEntity
METHOD	pr	p	(I)Lzx;	getEquipmentInSlot
METHOD	pr	p	(Lpk;)V	setLastAttacker
METHOD	pr	q	(I)Lzx;	getCurrentArmor
METHOD	pr	q	(Lpk;)V	dismountEntity
METHOD	pr	r	(Lpk;)Z	attackEntityAsMob
METHOD	pr	s	(Lpk;)V	collideWithEntity
METHOD	pr	t	(Lpk;)Z	canEntityBeSeen
METHOD	pr	t_	()V	onUpdate
METHOD	ps$a	values	()[Lps$a;	values
METHOD	ps	A	()Lzw;	getDropItem
METHOD	ps	C	()Z	canDespawn
METHOD	ps	D	()V	despawnEntity
METHOD	ps	E	()V	updateAITasks
METHOD	ps	K	()V	onEntityUpdate
METHOD	ps	a	(B)V	handleStatusUpdate
METHOD	ps	a	(IF)V	setEquipmentDropChance
METHOD	ps	a	(II)Lzw;	getArmorItemForSlot
METHOD	ps	a	(Ldn;)V	readEntityFromNBT
METHOD	ps	a	(Ljava/lang/Class;)Z	canAttackClass
METHOD	ps	a	(Lok;)V	setEquipmentBasedOnDifficulty
METHOD	ps	a	(Lok;Lpu;)Lpu;	onInitialSpawn
METHOD	ps	a	(Lpk;FF)V	faceEntity
METHOD	ps	a	(Lpk;Z)V	setLeashedToEntity
METHOD	ps	a	(Luz;)V	updateEquipmentIfNeeded
METHOD	ps	a	(Lwn;)Z	interact
METHOD	ps	a	(Lzx;)Z	func_175448_a
METHOD	ps	a	(ZI)V	dropEquipment
METHOD	ps	a	(ZZ)V	clearLeashed
METHOD	ps	aE	()I	getMaxFallHeight
METHOD	ps	aX	()V	applyEntityAttributes
METHOD	ps	as	()[Lzx;	getInventory
METHOD	ps	b	(FFF)F	updateRotation
METHOD	ps	b	(Ladm;)Lsw;	getNewNavigator
METHOD	ps	b	(Ldn;)V	writeEntityToNBT
METHOD	ps	b	(Lok;)V	setEnchantmentBasedOnDifficulty
METHOD	ps	b	(Lwn;)I	getExperiencePoints
METHOD	ps	b	(ZI)V	dropFewItems
METHOD	ps	bA	()Lzx;	getHeldItem
METHOD	ps	bK	()V	updateEntityActionState
METHOD	ps	bM	()Z	isServerWorld
METHOD	ps	bQ	()I	getVerticalFaceSpeed
METHOD	ps	bR	()Z	getCanSpawnHere
METHOD	ps	bS	()Z	isNotColliding
METHOD	ps	bT	()F	getRenderSizeModifier
METHOD	ps	bV	()I	getMaxSpawnedInChunk
METHOD	ps	bW	()Z	canBeSteered
METHOD	ps	bX	()V	enablePersistence
METHOD	ps	bY	()Z	canPickUpLoot
METHOD	ps	bZ	()Z	isNoDespawnRequired
METHOD	ps	c	(ILzx;)V	setCurrentItemOrArmor
METHOD	ps	c	(Lzx;)I	getArmorPosition
METHOD	ps	ca	()V	updateLeashedState
METHOD	ps	cb	()Z	allowLeashing
METHOD	ps	cc	()Z	getLeashed
METHOD	ps	cd	()Lpk;	getLeashedToEntity
METHOD	ps	ce	()Z	isAIDisabled
METHOD	ps	d	(ILzx;)Z	replaceItemInInventory
METHOD	ps	d	(Lpr;)V	setAttackTarget
METHOD	ps	e	(Lwn;)Z	interactFirst
METHOD	ps	h	()V	entityInit
METHOD	ps	h	(FF)F	updateDistance
METHOD	ps	j	(Z)V	setCanPickUpLoot
METHOD	ps	k	(F)V	setAIMoveSpeed
METHOD	ps	k	(Z)V	setNoAI
METHOD	ps	m	()V	onLivingUpdate
METHOD	ps	n	()V	recreateLeash
METHOD	ps	n	(F)V	setMoveForward
METHOD	ps	p	()Lqp;	getLookHelper
METHOD	ps	p	(I)Lzx;	getEquipmentInSlot
METHOD	ps	q	()Lqq;	getMoveHelper
METHOD	ps	q	(I)Lzx;	getCurrentArmor
METHOD	ps	r	()Lqo;	getJumpHelper
METHOD	ps	s	()Lsw;	getNavigator
METHOD	ps	t	()Lta;	getEntitySenses
METHOD	ps	t_	()V	onUpdate
METHOD	ps	u	()Lpr;	getAttackTarget
METHOD	ps	v	()V	eatGrassBonus
METHOD	ps	w	()I	getTalkInterval
METHOD	ps	x	()V	playLivingSound
METHOD	ps	y	()V	spawnExplosionParticle
METHOD	ps	z	()Ljava/lang/String;	getLivingSound
METHOD	pt	a	()Ljava/lang/Class;	getCreatureClass
METHOD	pt	b	()I	getMaxNumberOfCreature
METHOD	pt	d	()Z	getPeacefulCreature
METHOD	pt	e	()Z	getAnimal
METHOD	pt	valueOf	(Ljava/lang/String;)Lpt;	valueOf
METHOD	pt	values	()[Lpt;	values
METHOD	pv	a	(Ljava/lang/Class;)Lps$a;	getPlacementForEntity
METHOD	pw	valueOf	(Ljava/lang/String;)Lpw;	valueOf
METHOD	pw	values	()[Lpw;	values
METHOD	px	b	()Ljava/lang/String;	getOwnerId
METHOD	px	m_	()Lpk;	getOwner
METHOD	py	a	(Lcj;)F	getBlockPathWeight
METHOD	py	a	(Lcj;I)V	setHomePosAndDistance
METHOD	py	bR	()Z	getCanSpawnHere
METHOD	py	ca	()V	updateLeashedState
METHOD	py	cf	()Z	hasPath
METHOD	py	cg	()Z	isWithinHomeDistanceCurrentPosition
METHOD	py	ch	()Lcj;	getHomePosition
METHOD	py	ci	()F	getMaximumHomeDistance
METHOD	py	cj	()V	detachHome
METHOD	py	ck	()Z	hasHome
METHOD	py	e	(Lcj;)Z	isWithinHomeDistanceFromPosition
METHOD	py	o	(F)V	func_142017_o
METHOD	pz$a	a	()I	getDataValueId
METHOD	pz$a	a	(Ljava/lang/Object;)V	setObject
METHOD	pz$a	a	(Lpz$a;Z)Z	access$002
METHOD	pz$a	a	(Z)V	setWatched
METHOD	pz$a	b	()Ljava/lang/Object;	getObject
METHOD	pz$a	c	()I	getObjectType
METHOD	pz$a	d	()Z	isWatched
METHOD	pz	a	()Z	hasObjectChanged
METHOD	pz	a	(I)B	getWatchableObjectByte
METHOD	pz	a	(II)V	addObjectByDataType
METHOD	pz	a	(ILjava/lang/Object;)V	addObject
METHOD	pz	a	(Lem;)V	writeTo
METHOD	pz	a	(Lem;Lpz$a;)V	writeWatchableObjectToPacketBuffer
METHOD	pz	a	(Ljava/util/List;)V	updateWatchedObjectsFromList
METHOD	pz	a	(Ljava/util/List;Lem;)V	writeWatchedListToPacketBuffer
METHOD	pz	b	()Ljava/util/List;	getChanged
METHOD	pz	b	(I)S	getWatchableObjectShort
METHOD	pz	b	(ILjava/lang/Object;)V	updateObject
METHOD	pz	b	(Lem;)Ljava/util/List;	readWatchedListFromPacketBuffer
METHOD	pz	c	()Ljava/util/List;	getAllWatched
METHOD	pz	c	(I)I	getWatchableObjectInt
METHOD	pz	d	()Z	getIsBlank
METHOD	pz	d	(I)F	getWatchableObjectFloat
METHOD	pz	e	()V	func_111144_e
METHOD	pz	e	(I)Ljava/lang/String;	getWatchableObjectString
METHOD	pz	f	(I)Lzx;	getWatchableObjectItemStack
METHOD	pz	h	(I)Ldc;	getWatchableObjectRotations
METHOD	pz	i	(I)V	setObjectWatched
METHOD	pz	j	(I)Lpz$a;	getWatchedObject
METHOD	q	a	()I	getRequiredPermissionLevel
METHOD	q	a	(Lm;)Z	canCommandSenderUseCommand
METHOD	q	a	(Lm;Ljava/lang/String;Ljava/lang/String;)V	func_147210_a
METHOD	q	a	(Lm;[Ljava/lang/String;)V	processCommand
METHOD	q	a	(Lm;[Ljava/lang/String;Lcj;)Ljava/util/List;	addTabCompletionOptions
METHOD	q	c	()Ljava/lang/String;	getCommandName
METHOD	q	c	(Lm;)Ljava/lang/String;	getCommandUsage
METHOD	qa	a	(B)V	handleStatusUpdate
METHOD	qa	a	(Ldn;)V	readEntityFromNBT
METHOD	qa	a	(Low;)V	onDeath
METHOD	qa	a	(Lpr;Lpr;)Z	shouldAttackEntity
METHOD	qa	b	()Ljava/lang/String;	getOwnerId
METHOD	qa	b	(Ldn;)V	writeEntityToNBT
METHOD	qa	b	(Ljava/lang/String;)V	setOwnerId
METHOD	qa	bO	()Lauq;	getTeam
METHOD	qa	c	(Lpr;)Z	isOnSameTeam
METHOD	qa	cl	()Z	isTamed
METHOD	qa	cm	()V	setupTamedAI
METHOD	qa	cn	()Z	isSitting
METHOD	qa	co	()Lpr;	getOwner
METHOD	qa	cp	()Lse;	getAISit
METHOD	qa	e	(Lpr;)Z	isOwner
METHOD	qa	h	()V	entityInit
METHOD	qa	l	(Z)V	playTameEffect
METHOD	qa	m	(Z)V	setTamed
METHOD	qa	m_	()Lpk;	getOwner
METHOD	qa	n	(Z)V	setSitting
METHOD	qb	a	()Ljava/lang/String;	getAttributeUnlocalizedName
METHOD	qb	a	(D)D	clampValue
METHOD	qb	b	()D	getDefaultValue
METHOD	qb	c	()Z	getShouldWatch
METHOD	qb	d	()Lqb;	func_180372_d
METHOD	qc	a	()Lqb;	getAttribute
METHOD	qc	a	(D)V	setBaseValue
METHOD	qc	a	(I)Ljava/util/Collection;	getModifiersByOperation
METHOD	qc	a	(Ljava/util/UUID;)Lqd;	getModifier
METHOD	qc	a	(Lqd;)Z	hasModifier
METHOD	qc	b	()D	getBaseValue
METHOD	qc	b	(Lqd;)V	applyModifier
METHOD	qc	c	()Ljava/util/Collection;	func_111122_c
METHOD	qc	c	(Lqd;)V	removeModifier
METHOD	qc	d	()V	removeAllModifiers
METHOD	qc	e	()D	getAttributeValue
METHOD	qd	a	()Ljava/util/UUID;	getID
METHOD	qd	a	(Z)Lqd;	setSaved
METHOD	qd	b	()Ljava/lang/String;	getName
METHOD	qd	c	()I	getOperation
METHOD	qd	d	()D	getAmount
METHOD	qd	e	()Z	isSaved
METHOD	qd	equals	(Ljava/lang/Object;)Z	equals
METHOD	qd	hashCode	()I	hashCode
METHOD	qd	toString	()Ljava/lang/String;	toString
METHOD	qe	a	()Ljava/lang/String;	getAttributeUnlocalizedName
METHOD	qe	a	(Z)Lqe;	setShouldWatch
METHOD	qe	b	()D	getDefaultValue
METHOD	qe	c	()Z	getShouldWatch
METHOD	qe	d	()Lqb;	func_180372_d
METHOD	qe	equals	(Ljava/lang/Object;)Z	equals
METHOD	qe	hashCode	()I	hashCode
METHOD	qf	a	()Ljava/util/Collection;	getAllAttributes
METHOD	qf	a	(Lcom/google/common/collect/Multimap;)V	removeAttributeModifiers
METHOD	qf	a	(Ljava/lang/String;)Lqc;	getAttributeInstanceByName
METHOD	qf	a	(Lqb;)Lqc;	getAttributeInstance
METHOD	qf	a	(Lqc;)V	func_180794_a
METHOD	qf	b	(Lcom/google/common/collect/Multimap;)V	applyAttributeModifiers
METHOD	qf	b	(Lqb;)Lqc;	registerAttribute
METHOD	qf	c	(Lqb;)Lqc;	func_180376_c
METHOD	qh	a	()Lqb;	getAttribute
METHOD	qh	a	(D)V	setBaseValue
METHOD	qh	a	(I)Ljava/util/Collection;	getModifiersByOperation
METHOD	qh	a	(Ljava/util/UUID;)Lqd;	getModifier
METHOD	qh	a	(Lqd;)Z	hasModifier
METHOD	qh	b	()D	getBaseValue
METHOD	qh	b	(I)Ljava/util/Collection;	func_180375_b
METHOD	qh	b	(Lqd;)V	applyModifier
METHOD	qh	c	()Ljava/util/Collection;	func_111122_c
METHOD	qh	c	(Lqd;)V	removeModifier
METHOD	qh	d	()V	removeAllModifiers
METHOD	qh	e	()D	getAttributeValue
METHOD	qh	f	()V	flagForUpdate
METHOD	qh	g	()D	computeValue
METHOD	qi	a	(Ljava/lang/String;)Lqc;	getAttributeInstanceByName
METHOD	qi	a	(Lqb;)Lqc;	getAttributeInstance
METHOD	qi	a	(Lqc;)V	func_180794_a
METHOD	qi	b	()Ljava/util/Set;	getAttributeInstanceSet
METHOD	qi	b	(Ljava/lang/String;)Lqh;	getAttributeInstanceByName
METHOD	qi	b	(Lqb;)Lqc;	registerAttribute
METHOD	qi	c	()Ljava/util/Collection;	getWatchedAttributes
METHOD	qi	c	(Lqb;)Lqc;	func_180376_c
METHOD	qi	e	(Lqb;)Lqh;	getAttributeInstance
METHOD	qj	a	(D)D	clampValue
METHOD	qj	a	(Ljava/lang/String;)Lqj;	setDescription
METHOD	qj	g	()Ljava/lang/String;	getDescription
METHOD	qm	a	()V	updateRenderAngles
METHOD	qm	a	(FFF)F	computeAngleWithBound
METHOD	qo	a	()V	setJumping
METHOD	qo	b	()V	doJump
METHOD	qp	a	()V	onUpdateLook
METHOD	qp	a	(DDDFF)V	setLookPosition
METHOD	qp	a	(FFF)F	updateRotation
METHOD	qp	a	(Lpk;FF)V	setLookPositionWithEntity
METHOD	qp	b	()Z	getIsLooking
METHOD	qp	e	()D	getLookPosX
METHOD	qp	f	()D	getLookPosY
METHOD	qp	g	()D	getLookPosZ
METHOD	qq	a	()Z	isUpdating
METHOD	qq	a	(DDDD)V	setMoveTo
METHOD	qq	a	(FFF)F	limitAngle
METHOD	qq	b	()D	getSpeed
METHOD	qq	c	()V	onUpdateMoveHelper
METHOD	qq	d	()D	getX
METHOD	qq	e	()D	getY
METHOD	qq	f	()D	getZ
METHOD	qs$1	a	(Lpk;)Z	apply
METHOD	qs$1	apply	(Ljava/lang/Object;)Z	apply
METHOD	qs	a	()Z	shouldExecute
METHOD	qs	b	()Z	continueExecuting
METHOD	qs	c	()V	startExecuting
METHOD	qs	d	()V	resetTask
METHOD	qs	e	()V	updateTask
METHOD	qt	a	()Z	shouldExecute
METHOD	qt	a	(Lwn;)Z	hasPlayerGotBoneInHand
METHOD	qt	b	()Z	continueExecuting
METHOD	qt	c	()V	startExecuting
METHOD	qt	d	()V	resetTask
METHOD	qt	e	()V	updateTask
METHOD	qu	a	()Z	shouldExecute
METHOD	qu	b	()Z	continueExecuting
METHOD	qu	c	()V	startExecuting
METHOD	qu	d	()V	resetTask
METHOD	qu	e	()V	updateTask
METHOD	qv	a	()Z	shouldExecute
METHOD	qv	b	()Z	continueExecuting
METHOD	qv	d	()V	resetTask
METHOD	qv	e	()V	updateTask
METHOD	qv	f	()Ltm;	getNearbyMate
METHOD	qv	g	()V	spawnBaby
METHOD	qw	a	()Z	shouldExecute
METHOD	qw	a	(Lafh;)Z	isStairOrSlab
METHOD	qw	c	()V	startExecuting
METHOD	qw	d	()V	resetTask
METHOD	qw	e	()V	updateTask
METHOD	qw	f	()Z	isSpeedBoosted
METHOD	qw	g	()V	boostSpeed
METHOD	qw	h	()Z	isControlledByPlayer
METHOD	qx	a	()Z	shouldExecute
METHOD	qx	a	(Lcj;)Lagh;	getBlockDoor
METHOD	qx	b	()Z	continueExecuting
METHOD	qx	c	()V	startExecuting
METHOD	qx	e	()V	updateTask
METHOD	qy	a	()Z	shouldExecute
METHOD	qy	b	()Z	continueExecuting
METHOD	qy	c	()V	startExecuting
METHOD	qy	d	()V	resetTask
METHOD	qy	e	()V	updateTask
METHOD	qy	f	()I	getEatingGrassTimer
METHOD	qz	a	()Z	shouldExecute
METHOD	qz	b	()Z	continueExecuting
METHOD	qz	c	()V	startExecuting
METHOD	qz	f	()Laui;	findPossibleShelter
METHOD	r	a	()I	getRequiredPermissionLevel
METHOD	r	a	(Lm;)Z	canCommandSenderUseCommand
METHOD	r	a	(Lm;[Ljava/lang/String;)V	processCommand
METHOD	r	a	(Lm;[Ljava/lang/String;Lcj;)Ljava/util/List;	addTabCompletionOptions
METHOD	r	c	()Ljava/lang/String;	getCommandName
METHOD	r	c	(Lm;)Ljava/lang/String;	getCommandUsage
METHOD	ra	a	()Z	shouldExecute
METHOD	ra	e	()V	updateTask
METHOD	rb	a	()Z	shouldExecute
METHOD	rb	a	(Lcj;)Z	func_181065_a
METHOD	rb	b	()Z	continueExecuting
METHOD	rb	c	()V	startExecuting
METHOD	rb	d	()V	resetTask
METHOD	rb	e	()V	updateTask
METHOD	rc	a	()Z	shouldExecute
METHOD	rc	b	()Z	continueExecuting
METHOD	rc	c	()V	startExecuting
METHOD	rc	d	()V	resetTask
METHOD	rc	e	()V	updateTask
METHOD	rd	a	()Z	shouldExecute
METHOD	rd	a	(I)V	setMutexBits
METHOD	rd	b	()Z	continueExecuting
METHOD	rd	c	()V	startExecuting
METHOD	rd	d	()V	resetTask
METHOD	rd	e	()V	updateTask
METHOD	rd	i	()Z	isInterruptible
METHOD	rd	j	()I	getMutexBits
METHOD	re	a	()V	onUpdateTasks
METHOD	re	a	(ILrd;)V	addTask
METHOD	re	a	(Lrd;)V	removeTask
METHOD	re	a	(Lre$a;)Z	canContinue
METHOD	re	a	(Lre$a;Lre$a;)Z	areTasksCompatible
METHOD	re	b	(Lre$a;)Z	canUse
METHOD	rf	a	()Z	shouldExecute
METHOD	rf	a	(Ladm;Lcj;)Z	shouldMoveTo
METHOD	rf	b	()Z	continueExecuting
METHOD	rf	c	()V	startExecuting
METHOD	rf	d	()V	resetTask
METHOD	rf	e	()V	updateTask
METHOD	rh	a	()Z	shouldExecute
METHOD	rh	b	()Z	continueExecuting
METHOD	rh	c	()V	startExecuting
METHOD	ri	a	()Z	shouldExecute
METHOD	ri	b	()Z	continueExecuting
METHOD	ri	c	()V	startExecuting
METHOD	ri	d	()V	resetTask
METHOD	ri	e	()V	updateTask
METHOD	rj	a	()Z	shouldExecute
METHOD	rk	a	()Z	shouldExecute
METHOD	rk	b	()Z	continueExecuting
METHOD	rk	c	()V	startExecuting
METHOD	rk	d	()V	resetTask
METHOD	rk	e	()V	updateTask
METHOD	rk	f	()Z	checkSufficientDoorsPresentForNewVillager
METHOD	rk	g	()V	giveBirth
METHOD	rl	a	()Z	shouldExecute
METHOD	rl	a	(Lpr;)D	func_179512_a
METHOD	rl	b	()Z	continueExecuting
METHOD	rl	c	()V	startExecuting
METHOD	rl	d	()V	resetTask
METHOD	rl	e	()V	updateTask
METHOD	rm	a	()Z	shouldExecute
METHOD	rm	b	()Z	continueExecuting
METHOD	rm	c	()V	startExecuting
METHOD	rm	d	()V	resetTask
METHOD	rn	a	()Z	shouldExecute
METHOD	rn	a	(Lte;)Z	doesDoorListContain
METHOD	rn	a	(Ltf;)Lte;	findNearestDoor
METHOD	rn	b	()Z	continueExecuting
METHOD	rn	c	()V	startExecuting
METHOD	rn	d	()V	resetTask
METHOD	rn	f	()V	resizeDoorList
METHOD	ro	a	()Z	shouldExecute
METHOD	ro	a	(Ladm;Lcj;)Z	shouldMoveTo
METHOD	ro	b	()Z	continueExecuting
METHOD	ro	c	()V	startExecuting
METHOD	ro	d	()V	resetTask
METHOD	ro	e	()V	updateTask
METHOD	ro	f	()Z	getIsAboveDestination
METHOD	ro	g	()Z	searchForDestination
METHOD	rp	a	()Z	shouldExecute
METHOD	rp	b	()Z	continueExecuting
METHOD	rp	c	()V	startExecuting
METHOD	rq	a	()Z	shouldExecute
METHOD	rq	b	()Z	continueExecuting
METHOD	rq	c	()V	startExecuting
METHOD	rq	d	()V	resetTask
METHOD	rr	a	()Z	shouldExecute
METHOD	rr	b	()Z	continueExecuting
METHOD	rr	d	()V	resetTask
METHOD	rr	e	()V	updateTask
METHOD	rs	a	()Z	shouldExecute
METHOD	rs	a	(Ladm;Lcj;)Z	shouldMoveTo
METHOD	rs	b	()Z	continueExecuting
METHOD	rs	c	()V	startExecuting
METHOD	rs	d	()V	resetTask
METHOD	rs	e	()V	updateTask
METHOD	rt	a	()Z	shouldExecute
METHOD	rt	b	()Z	continueExecuting
METHOD	rt	c	()V	startExecuting
METHOD	rt	d	()V	resetTask
METHOD	rt	e	()V	updateTask
METHOD	ru	b	()Z	continueExecuting
METHOD	ru	c	()V	startExecuting
METHOD	ru	d	()V	resetTask
METHOD	ru	e	()V	updateTask
METHOD	rv	a	()Z	shouldExecute
METHOD	rv	b	()Z	continueExecuting
METHOD	rv	c	()V	startExecuting
METHOD	rw	a	()Z	shouldExecute
METHOD	rw	b	()Z	continueExecuting
METHOD	rw	c	()V	startExecuting
METHOD	rw	d	()V	resetTask
METHOD	rw	e	()V	updateTask
METHOD	ry	a	()Z	shouldExecute
METHOD	ry	b	()Z	continueExecuting
METHOD	ry	c	()V	startExecuting
METHOD	ry	e	()V	updateTask
METHOD	rz	a	()Z	shouldExecute
METHOD	rz	b	()Z	continueExecuting
METHOD	rz	b	(I)V	setExecutionChance
METHOD	rz	c	()V	startExecuting
METHOD	rz	f	()V	makeUpdate
METHOD	s	a	()I	getRequiredPermissionLevel
METHOD	s	a	(Lm;[Ljava/lang/String;)V	processCommand
METHOD	s	a	(Lm;[Ljava/lang/String;Lcj;)Ljava/util/List;	addTabCompletionOptions
METHOD	s	c	()Ljava/lang/String;	getCommandName
METHOD	s	c	(Lm;)Ljava/lang/String;	getCommandUsage
METHOD	sa	a	()Z	shouldExecute
METHOD	sa	b	()Z	continueExecuting
METHOD	sa	d	()V	resetTask
METHOD	sa	e	()V	updateTask
METHOD	sb	a	()Z	shouldExecute
METHOD	sb	b	()Z	continueExecuting
METHOD	sb	c	()V	startExecuting
METHOD	sb	d	()V	resetTask
METHOD	sb	e	()V	updateTask
METHOD	sc	a	()Z	shouldExecute
METHOD	sc	c	()V	startExecuting
METHOD	sc	d	()V	resetTask
METHOD	sd	a	()Z	shouldExecute
METHOD	sd	b	()Z	continueExecuting
METHOD	sd	c	()V	startExecuting
METHOD	sd	e	()V	updateTask
METHOD	se	a	()Z	shouldExecute
METHOD	se	a	(Z)V	setSitting
METHOD	se	c	()V	startExecuting
METHOD	se	d	()V	resetTask
METHOD	sf	a	()Z	shouldExecute
METHOD	sf	c	()V	startExecuting
METHOD	sf	d	()V	resetTask
METHOD	sf	e	()V	updateTask
METHOD	sg	a	()Z	shouldExecute
METHOD	sg	b	()Z	continueExecuting
METHOD	sg	c	()V	startExecuting
METHOD	sg	d	()V	resetTask
METHOD	sg	e	()V	updateTask
METHOD	sh	a	()Z	shouldExecute
METHOD	sh	b	()Z	continueExecuting
METHOD	sh	c	()V	startExecuting
METHOD	sh	d	()V	resetTask
METHOD	sh	e	()V	updateTask
METHOD	sh	f	()Z	isRunning
METHOD	si	a	()Z	shouldExecute
METHOD	si	c	()V	startExecuting
METHOD	si	d	()V	resetTask
METHOD	sj	c	()V	startExecuting
METHOD	sj	e	()V	updateTask
METHOD	sl	a	()Z	shouldExecute
METHOD	sl	c	()V	startExecuting
METHOD	sm	a	()Z	shouldExecute
METHOD	sm	a	(Lpy;Lpr;)V	setEntityAttackTarget
METHOD	sm	c	()V	startExecuting
METHOD	sn$1	a	(Lpr;)Z	apply
METHOD	sn$1	apply	(Ljava/lang/Object;)Z	apply
METHOD	sn	a	()Z	shouldExecute
METHOD	sn	a	(Lsn;)Lps;	access$000
METHOD	sn	b	()Z	continueExecuting
METHOD	sn	c	()V	startExecuting
METHOD	sn	d	()V	resetTask
METHOD	sn	f	()D	getFollowRange
METHOD	so$1	a	(Lpk;)Z	apply
METHOD	so$1	apply	(Ljava/lang/Object;)Z	apply
METHOD	so	a	()Z	shouldExecute
METHOD	so	a	(Lso;)Lps;	access$000
METHOD	so	b	()Z	continueExecuting
METHOD	so	c	()V	startExecuting
METHOD	so	d	()V	resetTask
METHOD	so	f	()D	maxTargetRange
METHOD	sp$1	a	(Lpr;)Z	apply
METHOD	sp$1	apply	(Ljava/lang/Object;)Z	apply
METHOD	sp$a	a	(Lpk;Lpk;)I	compare
METHOD	sp$a	compare	(Ljava/lang/Object;Ljava/lang/Object;)I	compare
METHOD	sp	a	()Z	shouldExecute
METHOD	sp	c	()V	startExecuting
METHOD	sq	a	()Z	shouldExecute
METHOD	sr	a	()Z	shouldExecute
METHOD	sr	c	()V	startExecuting
METHOD	ss	a	()Z	shouldExecute
METHOD	ss	c	()V	startExecuting
METHOD	st	a	(Lpr;)Z	canEasilyReach
METHOD	st	a	(Lpr;Z)Z	isSuitableTarget
METHOD	st	a	(Lps;Lpr;ZZ)Z	isSuitableTarget
METHOD	st	b	()Z	continueExecuting
METHOD	st	c	()V	startExecuting
METHOD	st	d	()V	resetTask
METHOD	st	f	()D	getTargetDistance
METHOD	sv	a	()Lasy;	getPathFinder
METHOD	sv	a	(IIIIIILaui;DD)Z	isSafeToStandAt
METHOD	sv	a	(Laui;Laui;III)Z	isDirectPathBetweenPoints
METHOD	sv	a	(Z)V	setAvoidsWater
METHOD	sv	b	()Z	canNavigate
METHOD	sv	b	(IIIIIILaui;DD)Z	isPositionClear
METHOD	sv	b	(Z)V	setBreakDoors
METHOD	sv	c	()Laui;	getEntityPosition
METHOD	sv	c	(Z)V	setEnterDoors
METHOD	sv	d	()V	removeSunnyPath
METHOD	sv	d	(Z)V	setCanSwim
METHOD	sv	e	()Z	getAvoidsWater
METHOD	sv	e	(Z)V	setAvoidSun
METHOD	sv	g	()Z	getEnterDoors
METHOD	sv	h	()Z	getCanSwim
METHOD	sv	p	()I	getPathablePosY
METHOD	sw	a	()Lasy;	getPathFinder
METHOD	sw	a	(D)V	setSpeed
METHOD	sw	a	(DDD)Lasx;	getPathToXYZ
METHOD	sw	a	(DDDD)Z	tryMoveToXYZ
METHOD	sw	a	(F)V	setHeightRequirement
METHOD	sw	a	(Lasx;D)Z	setPath
METHOD	sw	a	(Laui;)V	checkForStuck
METHOD	sw	a	(Laui;Laui;III)Z	isDirectPathBetweenPoints
METHOD	sw	a	(Lcj;)Lasx;	getPathToPos
METHOD	sw	a	(Lpk;)Lasx;	getPathToEntityLiving
METHOD	sw	a	(Lpk;D)Z	tryMoveToEntityLiving
METHOD	sw	b	()Z	canNavigate
METHOD	sw	c	()Laui;	getEntityPosition
METHOD	sw	d	()V	removeSunnyPath
METHOD	sw	i	()F	getPathSearchRange
METHOD	sw	j	()Lasx;	getPath
METHOD	sw	k	()V	onUpdateNavigation
METHOD	sw	l	()V	pathFollow
METHOD	sw	m	()Z	noPath
METHOD	sw	n	()V	clearPathEntity
METHOD	sw	o	()Z	isInLiquid
METHOD	sx	a	(Lcj;)Lasx;	getPathToPos
METHOD	sx	a	(Lpk;)Lasx;	getPathToEntityLiving
METHOD	sx	a	(Lpk;D)Z	tryMoveToEntityLiving
METHOD	sx	k	()V	onUpdateNavigation
METHOD	sy	a	()Lasy;	getPathFinder
METHOD	sy	a	(Laui;Laui;III)Z	isDirectPathBetweenPoints
METHOD	sy	b	()Z	canNavigate
METHOD	sy	c	()Laui;	getEntityPosition
METHOD	sy	d	()V	removeSunnyPath
METHOD	sy	l	()V	pathFollow
METHOD	t	a	()I	getRequiredPermissionLevel
METHOD	t	a	(Lm;[Ljava/lang/String;)V	processCommand
METHOD	t	a	(Lm;[Ljava/lang/String;Lcj;)Ljava/util/List;	addTabCompletionOptions
METHOD	t	b	([Ljava/lang/String;I)Z	isUsernameIndex
METHOD	t	c	()Ljava/lang/String;	getCommandName
METHOD	t	c	(Lm;)Ljava/lang/String;	getCommandUsage
METHOD	t	d	()[Ljava/lang/String;	func_147209_d
METHOD	ta	a	()V	clearSensingCache
METHOD	ta	a	(Lpk;)Z	canSee
METHOD	tc	a	(Lpy;II)Laui;	findRandomTarget
METHOD	tc	a	(Lpy;IILaui;)Laui;	findRandomTargetBlockTowards
METHOD	tc	b	(Lpy;IILaui;)Laui;	findRandomTargetBlockAwayFrom
METHOD	tc	c	(Lpy;IILaui;)Laui;	findRandomTargetBlock
METHOD	te	a	()V	resetDoorOpeningRestrictionCounter
METHOD	te	a	(I)V	func_179849_a
METHOD	te	a	(II)Lcq;	getFaceDirection
METHOD	te	a	(Lcj;)I	getDistanceToDoorBlockSq
METHOD	te	a	(Z)V	setIsDetachedFromVillageFlag
METHOD	te	b	()V	incrementDoorOpeningRestrictionCounter
METHOD	te	b	(III)I	getDistanceSquared
METHOD	te	b	(Lcj;)I	getDistanceToInsideBlockSq
METHOD	te	c	()I	getDoorOpeningRestrictionCounter
METHOD	te	c	(Lcj;)Z	func_179850_c
METHOD	te	d	()Lcj;	getDoorBlockPos
METHOD	te	e	()Lcj;	getInsideBlockPos
METHOD	te	f	()I	getInsideOffsetX
METHOD	te	g	()I	getInsideOffsetZ
METHOD	te	h	()I	getInsidePosY
METHOD	te	i	()Z	getIsDetachedFromVillageFlag
METHOD	tf	a	()Lcj;	getCenter
METHOD	tf	a	(I)V	tick
METHOD	tf	a	(Ladm;)V	setWorld
METHOD	tf	a	(Lcj;)Z	func_179866_a
METHOD	tf	a	(Lcj;III)Laui;	func_179862_a
METHOD	tf	a	(Lcj;Lcj;)Z	func_179861_a
METHOD	tf	a	(Ldn;)V	readVillageDataFromNBT
METHOD	tf	a	(Ljava/lang/String;)I	getReputationForPlayer
METHOD	tf	a	(Ljava/lang/String;I)I	setReputationForPlayer
METHOD	tf	a	(Lpr;)V	addOrRenewAgressor
METHOD	tf	a	(Lte;)V	addVillageDoorInfo
METHOD	tf	b	()I	getVillageRadius
METHOD	tf	b	(I)V	setDefaultPlayerReputation
METHOD	tf	b	(Lcj;)Lte;	getNearestDoor
METHOD	tf	b	(Ldn;)V	writeVillageDataToNBT
METHOD	tf	b	(Lpr;)Lpr;	findNearestVillageAggressor
METHOD	tf	c	()I	getNumVillageDoors
METHOD	tf	c	(Lcj;)Lte;	getDoorInfo
METHOD	tf	c	(Lpr;)Lwn;	getNearestTargetPlayer
METHOD	tf	d	()I	getTicksSinceLastDoorAdding
METHOD	tf	d	(Ljava/lang/String;)Z	isPlayerReputationTooLow
METHOD	tf	e	()I	getNumVillagers
METHOD	tf	e	(Lcj;)Lte;	getExistedDoor
METHOD	tf	f	()Ljava/util/List;	getVillageDoorInfoList
METHOD	tf	f	(Lcj;)Z	isWoodDoor
METHOD	tf	g	()Z	isAnnihilated
METHOD	tf	h	()V	endMatingSeason
METHOD	tf	i	()Z	isMatingSeason
METHOD	tf	j	()V	updateNumIronGolems
METHOD	tf	k	()V	updateNumVillagers
METHOD	tf	l	()V	removeDeadAndOldAgressors
METHOD	tf	m	()V	removeDeadAndOutOfRangeDoors
METHOD	tf	n	()V	updateVillageRadiusAndCenter
METHOD	tg	a	()V	tick
METHOD	tg	a	(Lcj;)Laui;	func_179867_a
METHOD	tg	b	()Z	func_75529_b
METHOD	tg	c	()Z	spawnZombie
METHOD	th	a	()V	tick
METHOD	th	a	(Ladm;)V	setWorldsForAll
METHOD	th	a	(Lanm;)Ljava/lang/String;	fileNameForProvider
METHOD	th	a	(Lcj;)V	addToVillagerPositionList
METHOD	th	a	(Lcj;I)Ltf;	getNearestVillage
METHOD	th	a	(Lcj;Lcq;I)I	countBlocksCanSeeSky
METHOD	th	a	(Ldn;)V	readFromNBT
METHOD	th	b	()Ljava/util/List;	getVillageList
METHOD	th	b	(Lcj;)V	addDoorsAround
METHOD	th	b	(Ldn;)V	writeToNBT
METHOD	th	c	(Lcj;)Lte;	checkDoorExistence
METHOD	th	d	(Lcj;)V	addToNewDoorsList
METHOD	th	e	()V	removeAnnihilatedVillages
METHOD	th	e	(Lcj;)Z	positionInList
METHOD	th	f	()V	dropOldestVillagerPosition
METHOD	th	f	(Lcj;)Z	isWoodDoor
METHOD	th	g	()V	addNewDoorsToVillageOrCreateVillage
METHOD	tj	a	(Lwn;)Z	interact
METHOD	tj	cb	()Z	allowLeashing
METHOD	tk	E	()V	updateAITasks
METHOD	tk	a	(DZLafh;Lcj;)V	updateFallState
METHOD	tk	a	(Ldn;)V	readEntityFromNBT
METHOD	tk	a	(Ljava/util/Calendar;)Z	isDateAroundHalloween
METHOD	tk	a	(Low;F)Z	attackEntityFrom
METHOD	tk	a	(Z)V	setIsBatHanging
METHOD	tk	aI	()Z	doesEntityNotTriggerPressurePlate
METHOD	tk	aS	()F	getEyeHeight
METHOD	tk	aX	()V	applyEntityAttributes
METHOD	tk	ae	()Z	canBePushed
METHOD	tk	b	(Ldn;)V	writeEntityToNBT
METHOD	tk	bB	()F	getSoundVolume
METHOD	tk	bC	()F	getSoundPitch
METHOD	tk	bL	()V	collideWithNearbyEntities
METHOD	tk	bR	()Z	getCanSpawnHere
METHOD	tk	bo	()Ljava/lang/String;	getHurtSound
METHOD	tk	bp	()Ljava/lang/String;	getDeathSound
METHOD	tk	e	(FF)V	fall
METHOD	tk	h	()V	entityInit
METHOD	tk	n	()Z	getIsBatHanging
METHOD	tk	s	(Lpk;)V	collideWithEntity
METHOD	tk	s_	()Z	canTriggerWalking
METHOD	tk	t_	()V	onUpdate
METHOD	tk	z	()Ljava/lang/String;	getLivingSound
METHOD	tm	C	()Z	canDespawn
METHOD	tm	E	()V	updateAITasks
METHOD	tm	a	(B)V	handleStatusUpdate
METHOD	tm	a	(Lcj;)F	getBlockPathWeight
METHOD	tm	a	(Ldn;)V	readEntityFromNBT
METHOD	tm	a	(Low;F)Z	attackEntityFrom
METHOD	tm	a	(Ltm;)Z	canMateWith
METHOD	tm	a	(Lwn;)Z	interact
METHOD	tm	a	(Lwn;Lzx;)V	consumeItemFromStack
METHOD	tm	b	(Ldn;)V	writeEntityToNBT
METHOD	tm	b	(Lwn;)I	getExperiencePoints
METHOD	tm	bR	()Z	getCanSpawnHere
METHOD	tm	c	(Lwn;)V	setInLove
METHOD	tm	cq	()Lwn;	getPlayerInLove
METHOD	tm	cr	()Z	isInLove
METHOD	tm	cs	()V	resetInLove
METHOD	tm	d	(Lzx;)Z	isBreedingItem
METHOD	tm	m	()V	onLivingUpdate
METHOD	tm	w	()I	getTalkInterval
METHOD	tn	A	()Lzw;	getDropItem
METHOD	tn	C	()Z	canDespawn
METHOD	tn	a	(Lcj;Lafh;)V	playStepSound
METHOD	tn	a	(Ldn;)V	readEntityFromNBT
METHOD	tn	a	(Lph;)Lph;	createChild
METHOD	tn	aS	()F	getEyeHeight
METHOD	tn	aX	()V	applyEntityAttributes
METHOD	tn	al	()V	updateRiderPosition
METHOD	tn	b	(Ldn;)V	writeEntityToNBT
METHOD	tn	b	(Lph;)Ltn;	createChild
METHOD	tn	b	(Lwn;)I	getExperiencePoints
METHOD	tn	b	(ZI)V	dropFewItems
METHOD	tn	bo	()Ljava/lang/String;	getHurtSound
METHOD	tn	bp	()Ljava/lang/String;	getDeathSound
METHOD	tn	cl	()Z	isChickenJockey
METHOD	tn	d	(Lzx;)Z	isBreedingItem
METHOD	tn	e	(FF)V	fall
METHOD	tn	l	(Z)V	setChickenJockey
METHOD	tn	m	()V	onLivingUpdate
METHOD	tn	z	()Ljava/lang/String;	getLivingSound
METHOD	to	A	()Lzw;	getDropItem
METHOD	to	a	(Lcj;Lafh;)V	playStepSound
METHOD	to	a	(Lph;)Lph;	createChild
METHOD	to	a	(Lwn;)Z	interact
METHOD	to	aS	()F	getEyeHeight
METHOD	to	aX	()V	applyEntityAttributes
METHOD	to	b	(Lph;)Lto;	createChild
METHOD	to	b	(ZI)V	dropFewItems
METHOD	to	bB	()F	getSoundVolume
METHOD	to	bo	()Ljava/lang/String;	getHurtSound
METHOD	to	bp	()Ljava/lang/String;	getDeathSound
METHOD	to	z	()Ljava/lang/String;	getLivingSound
METHOD	tp$1	a	(Lpk;)Z	apply
METHOD	tp$1	apply	(Ljava/lang/Object;)Z	apply
METHOD	tp	A	()Lzw;	getDropItem
METHOD	tp	a	(B)V	handleStatusUpdate
METHOD	tp	a	(Lcj;Lafh;)V	playStepSound
METHOD	tp	a	(Ldn;)V	readEntityFromNBT
METHOD	tp	a	(Lok;Lpu;)Lpu;	onInitialSpawn
METHOD	tp	a	(Loq;)V	onInventoryChanged
METHOD	tp	a	(Low;)V	onDeath
METHOD	tp	a	(Low;F)Z	attackEntityFrom
METHOD	tp	a	(Lph;)Lph;	createChild
METHOD	tp	a	(Lpk;D)Ltp;	getClosestHorse
METHOD	tp	a	(Lpk;Lxj;)V	dropItemsInChest
METHOD	tp	a	(Ltm;)Z	canMateWith
METHOD	tp	a	(Lwn;)Z	interact
METHOD	tp	a	(Lzw;)Z	isArmorItem
METHOD	tp	a	(Z)V	setScaleForAge
METHOD	tp	aS	()F	getEyeHeight
METHOD	tp	aX	()V	applyEntityAttributes
METHOD	tp	ae	()Z	canBePushed
METHOD	tp	al	()V	updateRiderPosition
METHOD	tp	b	(Ldn;)V	writeEntityToNBT
METHOD	tp	b	(Ljava/lang/String;)V	setOwnerId
METHOD	tp	bB	()F	getSoundVolume
METHOD	tp	bD	()Z	isMovementBlocked
METHOD	tp	bR	()Z	getCanSpawnHere
METHOD	tp	bV	()I	getMaxSpawnedInChunk
METHOD	tp	bo	()Ljava/lang/String;	getHurtSound
METHOD	tp	bp	()Ljava/lang/String;	getDeathSound
METHOD	tp	br	()I	getTotalArmorValue
METHOD	tp	c	(IZ)V	setHorseWatchableBoolean
METHOD	tp	cA	()Z	isBreeding
METHOD	tp	cB	()Z	getHasReproduced
METHOD	tp	cC	()I	getTemper
METHOD	tp	cD	()Z	prepareChunkForSpawn
METHOD	tp	cE	()V	dropChests
METHOD	tp	cF	()D	getHorseJumpStrength
METHOD	tp	cG	()Z	isHorseSaddled
METHOD	tp	cH	()Ljava/lang/String;	getAngrySoundName
METHOD	tp	cI	()I	getMaxTemper
METHOD	tp	cJ	()Z	func_110239_cn
METHOD	tp	cK	()Z	func_175507_cI
METHOD	tp	cL	()Ljava/lang/String;	getHorseTexture
METHOD	tp	cM	()[Ljava/lang/String;	getVariantTexturePaths
METHOD	tp	cO	()Z	canWearArmor
METHOD	tp	cP	()Z	canCarryChest
METHOD	tp	cR	()Z	isUndead
METHOD	tp	cS	()Z	isSterile
METHOD	tp	cW	()V	makeHorseRearWithSound
METHOD	tp	cX	()V	dropChestItems
METHOD	tp	cY	()V	func_110266_cB
METHOD	tp	cZ	()I	getChestSize
METHOD	tp	cb	()Z	allowLeashing
METHOD	tp	cl	()I	getHorseType
METHOD	tp	cm	()I	getHorseVariant
METHOD	tp	cn	()Z	isAdultHorse
METHOD	tp	co	()Z	isTame
METHOD	tp	cp	()Z	func_110253_bW
METHOD	tp	ct	()Ljava/lang/String;	getOwnerId
METHOD	tp	cu	()F	getHorseSize
METHOD	tp	cv	()Z	isHorseJumping
METHOD	tp	cw	()Z	isChested
METHOD	tp	cx	()I	getHorseArmorIndexSynced
METHOD	tp	cy	()Z	isEatingHaystack
METHOD	tp	cz	()Z	isRearing
METHOD	tp	d	(ILzx;)Z	replaceItemInInventory
METHOD	tp	d	(Lzx;)Z	isBreedingItem
METHOD	tp	da	()V	initHorseChest
METHOD	tp	db	()V	updateHorseSlots
METHOD	tp	dc	()V	resetTexturePrefix
METHOD	tp	dd	()V	setHorseTexturePaths
METHOD	tp	de	()V	func_110210_cH
METHOD	tp	df	()V	openHorseMouth
METHOD	tp	dg	()Z	canMate
METHOD	tp	dh	()V	makeHorseRear
METHOD	tp	di	()F	getModifiedMaxHealth
METHOD	tp	dj	()D	getModifiedJumpStrength
METHOD	tp	dk	()D	getModifiedMovementSpeed
METHOD	tp	e	(FF)V	fall
METHOD	tp	e	(Lzx;)V	setHorseArmorStack
METHOD	tp	e_	()Ljava/lang/String;	getName
METHOD	tp	f	(Lzx;)I	getHorseArmorIndex
METHOD	tp	f	(Z)V	setEating
METHOD	tp	g	(FF)V	moveEntityWithHeading
METHOD	tp	g	(Lwn;)V	openGUI
METHOD	tp	h	()V	entityInit
METHOD	tp	h	(Lwn;)Z	setTamedBy
METHOD	tp	i	(Lwn;)V	mountTo
METHOD	tp	k_	()Z	isOnLadder
METHOD	tp	l	(Z)V	setHorseTamed
METHOD	tp	m	()V	onLivingUpdate
METHOD	tp	m	(Z)V	setHorseJumping
METHOD	tp	n	(Z)V	setBreeding
METHOD	tp	o	(F)V	func_142017_o
METHOD	tp	o	(Z)V	setChested
METHOD	tp	p	(F)F	getGrassEatingAmount
METHOD	tp	p	(Z)V	setHasReproduced
METHOD	tp	q	(F)F	getRearingAmount
METHOD	tp	q	(Z)V	setHorseSaddled
METHOD	tp	r	(F)F	getMouthOpennessAngle
METHOD	tp	r	(I)V	setHorseType
METHOD	tp	r	(Z)V	setEatingHaystack
METHOD	tp	s	(I)V	setHorseVariant
METHOD	tp	s	(Z)V	setRearing
METHOD	tp	t	(I)V	setTemper
METHOD	tp	t	(Z)V	spawnHorseParticles
METHOD	tp	t_	()V	onUpdate
METHOD	tp	u	(I)I	increaseTemper
METHOD	tp	v	(I)V	setJumpPower
METHOD	tp	w	()I	getTalkInterval
METHOD	tp	w	(I)Z	getHorseWatchableBoolean
METHOD	tp	z	()Ljava/lang/String;	getLivingSound
METHOD	tq	C	()Z	canDespawn
METHOD	tq	bo	()Ljava/lang/String;	getHurtSound
METHOD	tq	bp	()Ljava/lang/String;	getDeathSound
METHOD	tq	e	(FF)V	fall
METHOD	tq	w	()I	getTalkInterval
METHOD	tq	z	()Ljava/lang/String;	getLivingSound
METHOD	tr	a	(Lph;)Lph;	createChild
METHOD	tr	a	(Lwn;)Z	interact
METHOD	tr	b	(Lph;)Lto;	createChild
METHOD	tr	c	(Lph;)Ltr;	createChild
METHOD	ts	A	()Lzw;	getDropItem
METHOD	ts	C	()Z	canDespawn
METHOD	ts	E	()V	updateAITasks
METHOD	ts	a	(Ldn;)V	readEntityFromNBT
METHOD	ts	a	(Lok;Lpu;)Lpu;	onInitialSpawn
METHOD	ts	a	(Low;F)Z	attackEntityFrom
METHOD	ts	a	(Lph;)Lph;	createChild
METHOD	ts	a	(Ltm;)Z	canMateWith
METHOD	ts	a	(Lwn;)Z	interact
METHOD	ts	aX	()V	applyEntityAttributes
METHOD	ts	b	(Ldn;)V	writeEntityToNBT
METHOD	ts	b	(Lph;)Lts;	createChild
METHOD	ts	b	(ZI)V	dropFewItems
METHOD	ts	bB	()F	getSoundVolume
METHOD	ts	bR	()Z	getCanSpawnHere
METHOD	ts	bS	()Z	isNotColliding
METHOD	ts	bo	()Ljava/lang/String;	getHurtSound
METHOD	ts	bp	()Ljava/lang/String;	getDeathSound
METHOD	ts	cm	()V	setupTamedAI
METHOD	ts	ct	()I	getTameSkin
METHOD	ts	d	(Lzx;)Z	isBreedingItem
METHOD	ts	e	(FF)V	fall
METHOD	ts	e_	()Ljava/lang/String;	getName
METHOD	ts	h	()V	entityInit
METHOD	ts	m	(Z)V	setTamed
METHOD	ts	r	(I)V	setTameSkin
METHOD	ts	r	(Lpk;)Z	attackEntityAsMob
METHOD	ts	z	()Ljava/lang/String;	getLivingSound
METHOD	tt	A	()Lzw;	getDropItem
METHOD	tt	a	(Lcj;Lafh;)V	playStepSound
METHOD	tt	a	(Ldn;)V	readEntityFromNBT
METHOD	tt	a	(Lph;)Lph;	createChild
METHOD	tt	a	(Luv;)V	onStruckByLightning
METHOD	tt	a	(Lwn;)Z	interact
METHOD	tt	aX	()V	applyEntityAttributes
METHOD	tt	b	(Ldn;)V	writeEntityToNBT
METHOD	tt	b	(Lph;)Ltt;	createChild
METHOD	tt	b	(ZI)V	dropFewItems
METHOD	tt	bW	()Z	canBeSteered
METHOD	tt	bo	()Ljava/lang/String;	getHurtSound
METHOD	tt	bp	()Ljava/lang/String;	getDeathSound
METHOD	tt	cl	()Z	getSaddled
METHOD	tt	cm	()Lqw;	getAIControlledByPlayer
METHOD	tt	d	(Lzx;)Z	isBreedingItem
METHOD	tt	e	(FF)V	fall
METHOD	tt	h	()V	entityInit
METHOD	tt	l	(Z)V	setSaddled
METHOD	tt	z	()Ljava/lang/String;	getLivingSound
METHOD	tu$a	a	(Lpr;)D	func_179512_a
METHOD	tu$b	a	()F	getSpeed
METHOD	tu$b	b	()F	func_180074_b
METHOD	tu$b	c	()I	getDuration
METHOD	tu$b	d	()I	func_180073_d
METHOD	tu$b	values	()[Ltu$b;	values
METHOD	tu$c	e	()V	updateTask
METHOD	tu$e	a	(Z)V	func_180066_a
METHOD	tu$e	b	()V	doJump
METHOD	tu$e	c	()Z	getIsJumping
METHOD	tu$e	d	()Z	func_180065_d
METHOD	tu$f	c	()V	onUpdateMoveHelper
METHOD	tu$g	e	()V	updateTask
METHOD	tu$h	a	()Z	shouldExecute
METHOD	tu$h	a	(Ladm;Lcj;)Z	shouldMoveTo
METHOD	tu$h	b	()Z	continueExecuting
METHOD	tu$h	c	()V	startExecuting
METHOD	tu$h	d	()V	resetTask
METHOD	tu$h	e	()V	updateTask
METHOD	tu	E	()V	updateAITasks
METHOD	tu	Y	()V	spawnRunningParticles
METHOD	tu	a	(B)V	handleStatusUpdate
METHOD	tu	a	(DD)V	calculateRotationYaw
METHOD	tu	a	(Ldn;)V	readEntityFromNBT
METHOD	tu	a	(Lok;Lpu;)Lpu;	onInitialSpawn
METHOD	tu	a	(Low;F)Z	attackEntityFrom
METHOD	tu	a	(Lph;)Lph;	createChild
METHOD	tu	a	(Ltu$b;)V	setMoveType
METHOD	tu	a	(Ltu;)Z	access$000
METHOD	tu	a	(Lzw;)Z	isRabbitBreedingItem
METHOD	tu	a	(ZLtu$b;)V	setJumping
METHOD	tu	aX	()V	applyEntityAttributes
METHOD	tu	b	(D)V	setMovementSpeed
METHOD	tu	b	(Ldn;)V	writeEntityToNBT
METHOD	tu	b	(Lph;)Ltu;	createChild
METHOD	tu	b	(Ltu$b;)V	doMovementAction
METHOD	tu	b	(ZI)V	dropFewItems
METHOD	tu	bE	()F	getJumpUpwardsMotion
METHOD	tu	bo	()Ljava/lang/String;	getHurtSound
METHOD	tu	bp	()Ljava/lang/String;	getDeathSound
METHOD	tu	bq	()V	addRandomDrop
METHOD	tu	br	()I	getTotalArmorValue
METHOD	tu	cl	()Z	func_175523_cj
METHOD	tu	cm	()Ljava/lang/String;	getJumpingSound
METHOD	tu	cn	()I	getRabbitType
METHOD	tu	co	()I	getMoveTypeDuration
METHOD	tu	cp	()V	createEatingParticles
METHOD	tu	ct	()V	func_175518_cr
METHOD	tu	cu	()V	func_175520_cs
METHOD	tu	cv	()V	updateMoveTypeDuration
METHOD	tu	cw	()V	func_175517_cu
METHOD	tu	cx	()Z	isCarrotEaten
METHOD	tu	d	(Lzx;)Z	isBreedingItem
METHOD	tu	h	()V	entityInit
METHOD	tu	m	()V	onLivingUpdate
METHOD	tu	p	(F)F	func_175521_o
METHOD	tu	r	(I)V	setRabbitType
METHOD	tu	r	(Lpk;)Z	attackEntityAsMob
METHOD	tu	z	()Ljava/lang/String;	getLivingSound
METHOD	tv$1	a	(Lwn;)Z	canInteractWith
METHOD	tv	A	()Lzw;	getDropItem
METHOD	tv	E	()V	updateAITasks
METHOD	tv	a	(B)V	handleStatusUpdate
METHOD	tv	a	(Lcj;Lafh;)V	playStepSound
METHOD	tv	a	(Ldn;)V	readEntityFromNBT
METHOD	tv	a	(Ljava/util/Random;)Lzd;	getRandomSheepColor
METHOD	tv	a	(Lok;Lpu;)Lpu;	onInitialSpawn
METHOD	tv	a	(Lph;)Lph;	createChild
METHOD	tv	a	(Ltm;Ltm;)Lzd;	getDyeColorMixFromParents
METHOD	tv	a	(Lwn;)Z	interact
METHOD	tv	a	(Lzd;)[F	getDyeRgb
METHOD	tv	aS	()F	getEyeHeight
METHOD	tv	aX	()V	applyEntityAttributes
METHOD	tv	b	(Ldn;)V	writeEntityToNBT
METHOD	tv	b	(Lph;)Ltv;	createChild
METHOD	tv	b	(Lzd;)V	setFleeceColor
METHOD	tv	b	(ZI)V	dropFewItems
METHOD	tv	bo	()Ljava/lang/String;	getHurtSound
METHOD	tv	bp	()Ljava/lang/String;	getDeathSound
METHOD	tv	cl	()Lzd;	getFleeceColor
METHOD	tv	cm	()Z	getSheared
METHOD	tv	h	()V	entityInit
METHOD	tv	l	(Z)V	setSheared
METHOD	tv	m	()V	onLivingUpdate
METHOD	tv	p	(F)F	getHeadRotationPointY
METHOD	tv	q	(F)F	getHeadRotationAngleX
METHOD	tv	v	()V	eatGrassBonus
METHOD	tv	z	()Ljava/lang/String;	getLivingSound
METHOD	tw	A	()Lzw;	getDropItem
METHOD	tw	a	(Lpr;F)V	attackEntityWithRangedAttack
METHOD	tw	aS	()F	getEyeHeight
METHOD	tw	aX	()V	applyEntityAttributes
METHOD	tw	b	(ZI)V	dropFewItems
METHOD	tw	m	()V	onLivingUpdate
METHOD	tx$a	a	()Z	shouldExecute
METHOD	tx$a	e	()V	updateTask
METHOD	tx	A	()Lzw;	getDropItem
METHOD	tx	V	()Z	isInWater
METHOD	tx	a	(B)V	handleStatusUpdate
METHOD	tx	a	(Ltx;)Z	access$000
METHOD	tx	aS	()F	getEyeHeight
METHOD	tx	aX	()V	applyEntityAttributes
METHOD	tx	b	(FFF)V	func_175568_b
METHOD	tx	b	(ZI)V	dropFewItems
METHOD	tx	bB	()F	getSoundVolume
METHOD	tx	bR	()Z	getCanSpawnHere
METHOD	tx	bo	()Ljava/lang/String;	getHurtSound
METHOD	tx	bp	()Ljava/lang/String;	getDeathSound
METHOD	tx	g	(FF)V	moveEntityWithHeading
METHOD	tx	m	()V	onLivingUpdate
METHOD	tx	n	()Z	func_175567_n
METHOD	tx	s_	()Z	canTriggerWalking
METHOD	tx	z	()Ljava/lang/String;	getLivingSound
METHOD	ty$a$1	a	(Lpr;)Z	apply
METHOD	ty$a$1	apply	(Ljava/lang/Object;)Z	apply
METHOD	ty$a	a	(Lty$a;)D	access$000
METHOD	ty$a	a	(Lty$a;Lpr;Z)Z	access$100
METHOD	ty	E	()V	updateAITasks
METHOD	ty	a	(B)V	handleStatusUpdate
METHOD	ty	a	(Lcj;Lafh;)V	playStepSound
METHOD	ty	a	(Ldn;)V	readEntityFromNBT
METHOD	ty	a	(Ljava/lang/Class;)Z	canAttackClass
METHOD	ty	a	(Low;)V	onDeath
METHOD	ty	a	(Z)V	setHoldingRose
METHOD	ty	aX	()V	applyEntityAttributes
METHOD	ty	b	(Ldn;)V	writeEntityToNBT
METHOD	ty	b	(ZI)V	dropFewItems
METHOD	ty	bo	()Ljava/lang/String;	getHurtSound
METHOD	ty	bp	()Ljava/lang/String;	getDeathSound
METHOD	ty	cl	()I	getAttackTimer
METHOD	ty	cm	()I	getHoldRoseTick
METHOD	ty	cn	()Z	isPlayerCreated
METHOD	ty	h	()V	entityInit
METHOD	ty	j	(I)I	decreaseAirSupply
METHOD	ty	l	(Z)V	setPlayerCreated
METHOD	ty	m	()V	onLivingUpdate
METHOD	ty	n	()Ltf;	getVillage
METHOD	ty	r	(Lpk;)Z	attackEntityAsMob
METHOD	ty	s	(Lpk;)V	collideWithEntity
METHOD	tz	C	()Z	canDespawn
METHOD	tz	K	()V	onEntityUpdate
METHOD	tz	aL	()Z	isPushedByWater
METHOD	tz	aY	()Z	canBreatheUnderwater
METHOD	tz	b	(Lwn;)I	getExperiencePoints
METHOD	tz	bR	()Z	getCanSpawnHere
METHOD	tz	bS	()Z	isNotColliding
METHOD	tz	w	()I	getTalkInterval
METHOD	u	a	()I	getRequiredPermissionLevel
METHOD	u	a	(Lm;[Ljava/lang/String;)V	processCommand
METHOD	u	a	(Lm;[Ljava/lang/String;Lcj;)Ljava/util/List;	addTabCompletionOptions
METHOD	u	c	()Ljava/lang/String;	getCommandName
METHOD	u	c	(Lm;)Ljava/lang/String;	getCommandUsage
METHOD	ua$1	a	(Lpk;)Z	apply
METHOD	ua$1	apply	(Ljava/lang/Object;)Z	apply
METHOD	ua	A	()Lzw;	getDropItem
METHOD	ua	C	()Z	canDespawn
METHOD	ua	E	()V	updateAITasks
METHOD	ua	a	(B)V	handleStatusUpdate
METHOD	ua	a	(Lcj;Lafh;)V	playStepSound
METHOD	ua	a	(Ldn;)V	readEntityFromNBT
METHOD	ua	a	(Low;F)Z	attackEntityFrom
METHOD	ua	a	(Lph;)Lph;	createChild
METHOD	ua	a	(Lpr;Lpr;)Z	shouldAttackEntity
METHOD	ua	a	(Ltm;)Z	canMateWith
METHOD	ua	a	(Lwn;)Z	interact
METHOD	ua	a	(Lzd;)V	setCollarColor
METHOD	ua	aS	()F	getEyeHeight
METHOD	ua	aX	()V	applyEntityAttributes
METHOD	ua	b	(Ldn;)V	writeEntityToNBT
METHOD	ua	b	(Lph;)Lua;	createChild
METHOD	ua	bB	()F	getSoundVolume
METHOD	ua	bQ	()I	getVerticalFaceSpeed
METHOD	ua	bV	()I	getMaxSpawnedInChunk
METHOD	ua	bo	()Ljava/lang/String;	getHurtSound
METHOD	ua	bp	()Ljava/lang/String;	getDeathSound
METHOD	ua	cb	()Z	allowLeashing
METHOD	ua	ct	()Z	isWolfWet
METHOD	ua	cu	()F	getTailRotation
METHOD	ua	cv	()Z	isAngry
METHOD	ua	cw	()Lzd;	getCollarColor
METHOD	ua	cx	()Z	isBegging
METHOD	ua	d	(Lpr;)V	setAttackTarget
METHOD	ua	d	(Lzx;)Z	isBreedingItem
METHOD	ua	h	()V	entityInit
METHOD	ua	i	(FF)F	getShakeAngle
METHOD	ua	m	()V	onLivingUpdate
METHOD	ua	m	(Z)V	setTamed
METHOD	ua	o	(Z)V	setAngry
METHOD	ua	p	(F)F	getShadingWhileWet
METHOD	ua	p	(Z)V	setBegging
METHOD	ua	q	(F)F	getInterestedAngle
METHOD	ua	r	(Lpk;)Z	attackEntityAsMob
METHOD	ua	t_	()V	onUpdate
METHOD	ua	z	()Ljava/lang/String;	getLivingSound
METHOD	uc	bn	()F	getHealth
METHOD	uc	bu	()F	getMaxHealth
METHOD	uc	f_	()Leu;	getDisplayName
METHOD	ud	a	()Ladm;	getWorld
METHOD	ud	a	(Lue;Low;F)Z	attackEntityFromPart
METHOD	ue	a	(Ldn;)V	readEntityFromNBT
METHOD	ue	a	(Low;F)Z	attackEntityFrom
METHOD	ue	ad	()Z	canBeCollidedWith
METHOD	ue	b	(Ldn;)V	writeEntityToNBT
METHOD	ue	h	()V	entityInit
METHOD	ue	k	(Lpk;)Z	isEntityEqual
METHOD	uf	a	(Ldn;)V	readEntityFromNBT
METHOD	uf	a	(Low;F)Z	attackEntityFrom
METHOD	uf	ad	()Z	canBeCollidedWith
METHOD	uf	b	(Ldn;)V	writeEntityToNBT
METHOD	uf	h	()V	entityInit
METHOD	uf	s_	()Z	canTriggerWalking
METHOD	uf	t_	()V	onUpdate
METHOD	ug	D	()V	despawnEntity
METHOD	ug	G	()V	onKillCommand
METHOD	ug	a	()Ladm;	getWorld
METHOD	ug	a	(Lcj;)V	generatePortal
METHOD	ug	a	(Ljava/util/List;)V	collideWithEntities
METHOD	ug	a	(Low;F)Z	attackEntityFrom
METHOD	ug	a	(Lue;Low;F)Z	attackEntityFromPart
METHOD	ug	aB	()[Lpk;	getParts
METHOD	ug	aX	()V	applyEntityAttributes
METHOD	ug	aZ	()V	onDeathUpdate
METHOD	ug	ad	()Z	canBeCollidedWith
METHOD	ug	b	(D)F	simplifyAngle
METHOD	ug	b	(IF)[D	getMovementOffsets
METHOD	ug	b	(Laug;)Z	destroyBlocksInAABB
METHOD	ug	b	(Ljava/util/List;)V	attackEntitiesInList
METHOD	ug	bB	()F	getSoundVolume
METHOD	ug	bo	()Ljava/lang/String;	getHurtSound
METHOD	ug	cf	()V	setNewTarget
METHOD	ug	e	(Low;F)Z	attackDragonFrom
METHOD	ug	h	()V	entityInit
METHOD	ug	m	()V	onLivingUpdate
METHOD	ug	n	()V	updateDragonEnderCrystal
METHOD	ug	z	()Ljava/lang/String;	getLivingSound
METHOD	uk$1	a	(Lpk;)Z	apply
METHOD	uk$1	apply	(Ljava/lang/Object;)Z	apply
METHOD	uk	D	()V	despawnEntity
METHOD	uk	E	()V	updateAITasks
METHOD	uk	a	(I)F	func_82207_a
METHOD	uk	a	(IDDDZ)V	launchWitherSkullToCoords
METHOD	uk	a	(ILpr;)V	launchWitherSkullToEntity
METHOD	uk	a	(Lafh;)Z	canDestroyBlock
METHOD	uk	a	(Ldn;)V	readEntityFromNBT
METHOD	uk	a	(Low;F)Z	attackEntityFrom
METHOD	uk	a	(Lpk;)V	mountEntity
METHOD	uk	a	(Lpr;F)V	attackEntityWithRangedAttack
METHOD	uk	aA	()V	setInWeb
METHOD	uk	aX	()V	applyEntityAttributes
METHOD	uk	b	(F)I	getBrightnessForRender
METHOD	uk	b	(FFF)F	func_82204_b
METHOD	uk	b	(I)F	func_82210_r
METHOD	uk	b	(II)V	updateWatchedTargetId
METHOD	uk	b	(Ldn;)V	writeEntityToNBT
METHOD	uk	b	(ZI)V	dropFewItems
METHOD	uk	bo	()Ljava/lang/String;	getHurtSound
METHOD	uk	bp	()Ljava/lang/String;	getDeathSound
METHOD	uk	br	()I	getTotalArmorValue
METHOD	uk	bz	()Lpw;	getCreatureAttribute
METHOD	uk	c	(Lpf;)V	addPotionEffect
METHOD	uk	cl	()I	getInvulTime
METHOD	uk	cm	()Z	isArmored
METHOD	uk	e	(FF)V	fall
METHOD	uk	h	()V	entityInit
METHOD	uk	m	()V	onLivingUpdate
METHOD	uk	n	()V	func_82206_m
METHOD	uk	r	(I)V	setInvulTime
METHOD	uk	s	(I)I	getWatchedTargetId
METHOD	uk	t	(I)D	func_82214_u
METHOD	uk	u	(I)D	func_82208_v
METHOD	uk	v	(I)D	func_82213_w
METHOD	uk	z	()Ljava/lang/String;	getLivingSound
METHOD	um	A	()V	playParticles
METHOD	um	B	()V	updatePotionMetadata
METHOD	um	C	()V	dropBlock
METHOD	um	D	()V	dropContents
METHOD	um	G	()V	onKillCommand
METHOD	um	a	(D)Z	isInRangeToRenderDist
METHOD	um	a	(F)V	damageArmorStand
METHOD	um	a	(Ldc;)V	setHeadRotation
METHOD	um	a	(Ldn;)V	readEntityFromNBT
METHOD	um	a	(Low;F)Z	attackEntityFrom
METHOD	um	a	(Lwn;I)V	func_175422_a
METHOD	um	a	(Lwn;Laui;)Z	interactAt
METHOD	um	a	(Z)V	func_181550_a
METHOD	um	aS	()F	getEyeHeight
METHOD	um	aW	()Z	isImmuneToExplosions
METHOD	um	ad	()Z	canBeCollidedWith
METHOD	um	ae	()Z	canBePushed
METHOD	um	as	()[Lzx;	getInventory
METHOD	um	b	(Ldc;)V	setBodyRotation
METHOD	um	b	(Ldn;)V	writeEntityToNBT
METHOD	um	bA	()Lzx;	getHeldItem
METHOD	um	bL	()V	collideWithNearbyEntities
METHOD	um	bM	()Z	isServerWorld
METHOD	um	c	(ILzx;)V	setCurrentItemOrArmor
METHOD	um	c	(Ldc;)V	setLeftArmRotation
METHOD	um	d	(ILzx;)Z	replaceItemInInventory
METHOD	um	d	(Ldc;)V	setRightArmRotation
METHOD	um	e	(Ldc;)V	setLeftLegRotation
METHOD	um	e	(Z)V	setInvisible
METHOD	um	f	(Ldc;)V	setRightLegRotation
METHOD	um	g	(FF)V	moveEntityWithHeading
METHOD	um	h	()V	entityInit
METHOD	um	h	(FF)F	updateDistance
METHOD	um	h	(Ldn;)V	writePoseToNBT
METHOD	um	j	(Z)V	setSmall
METHOD	um	j_	()Z	isChild
METHOD	um	k	(Z)V	setNoGravity
METHOD	um	l	(Z)V	setShowArms
METHOD	um	m	(Z)V	setNoBasePlate
METHOD	um	n	()Z	isSmall
METHOD	um	n	(Z)V	setMarker
METHOD	um	p	()Z	hasNoGravity
METHOD	um	p	(I)Lzx;	getEquipmentInSlot
METHOD	um	q	()Z	getShowArms
METHOD	um	q	(I)Lzx;	getCurrentArmor
METHOD	um	r	()Z	hasNoBasePlate
METHOD	um	s	()Z	hasMarker
METHOD	um	s	(Lpk;)V	collideWithEntity
METHOD	um	t	()Ldc;	getHeadRotation
METHOD	um	t_	()V	onUpdate
METHOD	um	u	()Ldc;	getBodyRotation
METHOD	um	v	()Ldc;	getLeftArmRotation
METHOD	um	w	()Ldc;	getRightArmRotation
METHOD	um	x	()Ldc;	getLeftLegRotation
METHOD	um	y	()Ldc;	getRightLegRotation
METHOD	um	z	()Ldn;	readPoseFromNBT
METHOD	un	a	(I)D	func_174858_a
METHOD	un	a	(Lcq;)V	updateFacingWithBoundingBox
METHOD	un	a	(Ldn;)V	readEntityFromNBT
METHOD	un	a	(Low;F)Z	attackEntityFrom
METHOD	un	aP	()Lcq;	getHorizontalFacing
METHOD	un	ad	()Z	canBeCollidedWith
METHOD	un	af	()Z	shouldSetPosAfterLoading
METHOD	un	b	(DDD)V	setPosition
METHOD	un	b	(Ldn;)V	writeEntityToNBT
METHOD	un	b	(Lpk;)V	onBroken
METHOD	un	d	(DDD)V	moveEntity
METHOD	un	g	(DDD)V	addVelocity
METHOD	un	h	()V	entityInit
METHOD	un	j	()Z	onValidSurface
METHOD	un	l	()I	getWidthPixels
METHOD	un	l	(Lpk;)Z	hitByEntity
METHOD	un	m	()I	getHeightPixels
METHOD	un	n	()Lcj;	getHangingPosition
METHOD	un	o	()V	updateBoundingBox
METHOD	un	t_	()V	onUpdate
METHOD	uo	a	(D)Z	isInRangeToRenderDist
METHOD	uo	a	(I)V	setItemRotation
METHOD	uo	a	(IZ)V	func_174865_a
METHOD	uo	a	(Ldn;)V	readEntityFromNBT
METHOD	uo	a	(Low;F)Z	attackEntityFrom
METHOD	uo	a	(Lpk;Z)V	dropItemOrSelf
METHOD	uo	a	(Lzx;)V	setDisplayedItem
METHOD	uo	a	(Lzx;Z)V	setDisplayedItemWithUpdate
METHOD	uo	ao	()F	getCollisionBorderSize
METHOD	uo	b	(Ldn;)V	writeEntityToNBT
METHOD	uo	b	(Lpk;)V	onBroken
METHOD	uo	b	(Lzx;)V	removeFrameFromMap
METHOD	uo	e	(Lwn;)Z	interactFirst
METHOD	uo	h	()V	entityInit
METHOD	uo	l	()I	getWidthPixels
METHOD	uo	m	()I	getHeightPixels
METHOD	uo	o	()Lzx;	getDisplayedItem
METHOD	uo	p	()I	getRotation
METHOD	uo	q	()I	func_174866_q
METHOD	up	a	(D)Z	isInRangeToRenderDist
METHOD	up	a	(Ladm;Lcj;)Lup;	createKnot
METHOD	up	a	(Lcq;)V	updateFacingWithBoundingBox
METHOD	up	a	(Ldn;)V	readEntityFromNBT
METHOD	up	aS	()F	getEyeHeight
METHOD	up	b	(Ladm;Lcj;)Lup;	getKnotForPosition
METHOD	up	b	(Ldn;)V	writeEntityToNBT
METHOD	up	b	(Lpk;)V	onBroken
METHOD	up	d	(Ldn;)Z	writeToNBTOptional
METHOD	up	e	(Lwn;)Z	interactFirst
METHOD	up	h	()V	entityInit
METHOD	up	j	()Z	onValidSurface
METHOD	up	l	()I	getWidthPixels
METHOD	up	m	()I	getHeightPixels
METHOD	uq$a	valueOf	(Ljava/lang/String;)Luq$a;	valueOf
METHOD	uq$a	values	()[Luq$a;	values
METHOD	uq	a	(DDDFFIZ)V	setPositionAndRotation2
METHOD	uq	a	(Ldn;)V	readEntityFromNBT
METHOD	uq	b	(DDDFF)V	setLocationAndAngles
METHOD	uq	b	(Ldn;)V	writeEntityToNBT
METHOD	uq	b	(Lpk;)V	onBroken
METHOD	uq	l	()I	getWidthPixels
METHOD	uq	m	()I	getHeightPixels
METHOD	ur	J	()V	setDead
METHOD	ur	a	(D)Z	isInRangeToRenderDist
METHOD	ur	a	(DDDFFIZ)V	setPositionAndRotation2
METHOD	ur	a	(Ldn;)V	readEntityFromNBT
METHOD	ur	b	(Ldn;)V	writeEntityToNBT
METHOD	ur	c	(DDDFF)V	handleHookCasting
METHOD	ur	h	()V	entityInit
METHOD	ur	i	(DDD)V	setVelocity
METHOD	ur	j	()Ljava/util/List;	func_174855_j
METHOD	ur	l	()I	handleHookRetraction
METHOD	ur	m	()Lzx;	getFishingResult
METHOD	ur	t_	()V	onUpdate
METHOD	us	a	()Lus;	setEnchantable
METHOD	us	a	(F)Lus;	setMaxDamagePercent
METHOD	us	a	(Ljava/util/Random;)Lzx;	getItemStack
METHOD	uv	a	(Ldn;)V	readEntityFromNBT
METHOD	uv	b	(Ldn;)V	writeEntityToNBT
METHOD	uv	h	()V	entityInit
METHOD	uv	t_	()V	onUpdate
METHOD	ux	S	()Laug;	getCollisionBoundingBox
METHOD	ux	a	(DDDFFIZ)V	setPositionAndRotation2
METHOD	ux	a	(DZLafh;Lcj;)V	updateFallState
METHOD	ux	a	(F)V	setDamageTaken
METHOD	ux	a	(I)V	setTimeSinceHit
METHOD	ux	a	(Ldn;)V	readEntityFromNBT
METHOD	ux	a	(Low;F)Z	attackEntityFrom
METHOD	ux	a	(Z)V	setIsBoatEmpty
METHOD	ux	ad	()Z	canBeCollidedWith
METHOD	ux	ae	()Z	canBePushed
METHOD	ux	al	()V	updateRiderPosition
METHOD	ux	an	()D	getMountedYOffset
METHOD	ux	ar	()V	performHurtAnimation
METHOD	ux	b	(I)V	setForwardDirection
METHOD	ux	b	(Ldn;)V	writeEntityToNBT
METHOD	ux	e	(Lwn;)Z	interactFirst
METHOD	ux	h	()V	entityInit
METHOD	ux	i	(DDD)V	setVelocity
METHOD	ux	j	()F	getDamageTaken
METHOD	ux	j	(Lpk;)Laug;	getCollisionBox
METHOD	ux	l	()I	getTimeSinceHit
METHOD	ux	m	()I	getForwardDirection
METHOD	ux	s_	()Z	canTriggerWalking
METHOD	ux	t_	()V	onUpdate
METHOD	uy	a	(Lc;)V	addEntityCrashInfo
METHOD	uy	a	(Ldn;)V	readEntityFromNBT
METHOD	uy	a	(Z)V	setHurtEntities
METHOD	uy	aJ	()Z	canRenderOnFire
METHOD	uy	ad	()Z	canBeCollidedWith
METHOD	uy	b	(Ldn;)V	writeEntityToNBT
METHOD	uy	e	(FF)V	fall
METHOD	uy	h	()V	entityInit
METHOD	uy	j	()Ladm;	getWorldObj
METHOD	uy	l	()Lalz;	getBlock
METHOD	uy	s_	()Z	canTriggerWalking
METHOD	uy	t_	()V	onUpdate
METHOD	uz	W	()Z	handleWaterMovement
METHOD	uz	a	(I)V	setPickupDelay
METHOD	uz	a	(Ldn;)V	readEntityFromNBT
METHOD	uz	a	(Low;F)Z	attackEntityFrom
METHOD	uz	a	(Luz;)Z	combineItems
METHOD	uz	a	(Lzx;)V	setEntityItemStack
METHOD	uz	aD	()Z	canAttackWithItem
METHOD	uz	b	(Ldn;)V	writeEntityToNBT
METHOD	uz	b	(Ljava/lang/String;)V	setOwner
METHOD	uz	c	(I)V	travelToDimension
METHOD	uz	c	(Ljava/lang/String;)V	setThrower
METHOD	uz	d	(Lwn;)V	onCollideWithPlayer
METHOD	uz	e_	()Ljava/lang/String;	getName
METHOD	uz	f	(I)V	dealFireDamage
METHOD	uz	h	()V	entityInit
METHOD	uz	j	()V	setAgeToCreativeDespawnTime
METHOD	uz	l	()Lzx;	getEntityItem
METHOD	uz	m	()Ljava/lang/String;	getOwner
METHOD	uz	n	()Ljava/lang/String;	getThrower
METHOD	uz	o	()I	getAge
METHOD	uz	p	()V	setDefaultPickupDelay
METHOD	uz	q	()V	setNoPickupDelay
METHOD	uz	r	()V	setInfinitePickupDelay
METHOD	uz	s	()Z	cannotPickup
METHOD	uz	s_	()Z	canTriggerWalking
METHOD	uz	t_	()V	onUpdate
METHOD	uz	u	()V	setNoDespawn
METHOD	uz	v	()V	func_174870_v
METHOD	uz	w	()V	searchForOtherItemsNearby
METHOD	v	a	()I	getRequiredPermissionLevel
METHOD	v	a	(Lm;[Ljava/lang/String;)V	processCommand
METHOD	v	a	(Lm;[Ljava/lang/String;Lcj;)Ljava/util/List;	addTabCompletionOptions
METHOD	v	c	()Ljava/lang/String;	getCommandName
METHOD	v	c	(Lm;)Ljava/lang/String;	getCommandUsage
METHOD	va$a	a	()I	getNetworkID
METHOD	va$a	a	(I)Lva$a;	byNetworkID
METHOD	va$a	b	()Ljava/lang/String;	getName
METHOD	va$a	values	()[Lva$a;	values
METHOD	va	J	()V	setDead
METHOD	va	S	()Laug;	getCollisionBoundingBox
METHOD	va	a	(DDDD)Laui;	func_70495_a
METHOD	va	a	(DDDFFIZ)V	setPositionAndRotation2
METHOD	va	a	(F)V	setDamage
METHOD	va	a	(IIIZ)V	onActivatorRailPass
METHOD	va	a	(Ladm;DDDLva$a;)Lva;	getMinecart
METHOD	va	a	(Lalz;)V	func_174899_a
METHOD	va	a	(Lcj;Lalz;)V	func_180460_a
METHOD	va	a	(Ldn;)V	readEntityFromNBT
METHOD	va	a	(Ljava/lang/String;)V	setCustomNameTag
METHOD	va	a	(Low;)V	killMinecart
METHOD	va	a	(Low;F)Z	attackEntityFrom
METHOD	va	a	(Z)V	setHasDisplayTile
METHOD	va	aM	()Ljava/lang/String;	getCustomNameTag
METHOD	va	ad	()Z	canBeCollidedWith
METHOD	va	ae	()Z	canBePushed
METHOD	va	an	()D	getMountedYOffset
METHOD	va	ar	()V	performHurtAnimation
METHOD	va	b	(DDD)V	setPosition
METHOD	va	b	(Ldn;)V	writeEntityToNBT
METHOD	va	e_	()Ljava/lang/String;	getName
METHOD	va	f_	()Leu;	getDisplayName
METHOD	va	h	()V	entityInit
METHOD	va	i	(DDD)V	setVelocity
METHOD	va	i	(Lpk;)V	applyEntityCollision
METHOD	va	j	(I)V	setRollingAmplitude
METHOD	va	j	(Lpk;)Laug;	getCollisionBox
METHOD	va	k	(DDD)Laui;	func_70489_a
METHOD	va	k	(I)V	setRollingDirection
METHOD	va	l	(I)V	setDisplayTileOffset
METHOD	va	l_	()Z	hasCustomName
METHOD	va	m	()D	getMaximumSpeed
METHOD	va	n	()V	moveDerailedMinecart
METHOD	va	o	()V	applyDrag
METHOD	va	p	()F	getDamage
METHOD	va	q	()I	getRollingAmplitude
METHOD	va	r	()I	getRollingDirection
METHOD	va	s	()Lva$a;	getMinecartType
METHOD	va	s_	()Z	canTriggerWalking
METHOD	va	t	()Lalz;	getDisplayTile
METHOD	va	t_	()V	onUpdate
METHOD	va	u	()Lalz;	getDefaultDisplayTile
METHOD	va	v	()I	getDisplayTileOffset
METHOD	va	w	()I	getDefaultDisplayTileOffset
METHOD	va	x	()Z	hasDisplayTile
METHOD	vb	a	(Low;)V	killMinecart
METHOD	vb	a	(Lwm;Lwn;)Lxi;	createContainer
METHOD	vb	k	()Ljava/lang/String;	getGuiID
METHOD	vb	o_	()I	getSizeInventory
METHOD	vb	s	()Lva$a;	getMinecartType
METHOD	vb	u	()Lalz;	getDefaultDisplayTile
METHOD	vb	w	()I	getDefaultDisplayTileOffset
METHOD	vc$1	a	(Lio/netty/buffer/ByteBuf;)V	func_145757_a
METHOD	vc$1	c	()Lcj;	getPosition
METHOD	vc$1	d	()Laui;	getPositionVector
METHOD	vc$1	e	()Ladm;	getEntityWorld
METHOD	vc$1	f	()Lpk;	getCommandSenderEntity
METHOD	vc$1	h	()V	updateCommand
METHOD	vc$1	i	()I	func_145751_f
METHOD	vc	a	(IIIZ)V	onActivatorRailPass
METHOD	vc	a	(Ldn;)V	readEntityFromNBT
METHOD	vc	b	(Ldn;)V	writeEntityToNBT
METHOD	vc	e	(Lwn;)Z	interactFirst
METHOD	vc	h	()V	entityInit
METHOD	vc	i	(I)V	onDataWatcherUpdate
METHOD	vc	j	()Ladc;	getCommandBlockLogic
METHOD	vc	s	()Lva$a;	getMinecartType
METHOD	vc	u	()Lalz;	getDefaultDisplayTile
METHOD	vd	J	()V	setDead
METHOD	vd	a	(I)Lzx;	getStackInSlot
METHOD	vd	a	(II)Lzx;	decrStackSize
METHOD	vd	a	(ILzx;)V	setInventorySlotContents
METHOD	vd	a	(Ldn;)V	readEntityFromNBT
METHOD	vd	a	(Lon;)V	setLockCode
METHOD	vd	a	(Low;)V	killMinecart
METHOD	vd	a	(Lwn;)Z	isUseableByPlayer
METHOD	vd	a_	(I)I	getField
METHOD	vd	b	(I)Lzx;	removeStackFromSlot
METHOD	vd	b	(II)V	setField
METHOD	vd	b	(ILzx;)Z	isItemValidForSlot
METHOD	vd	b	(Ldn;)V	writeEntityToNBT
METHOD	vd	b	(Lwn;)V	openInventory
METHOD	vd	c	(I)V	travelToDimension
METHOD	vd	c	(Lwn;)V	closeInventory
METHOD	vd	e	(Lwn;)Z	interactFirst
METHOD	vd	e_	()Ljava/lang/String;	getName
METHOD	vd	g	()I	getFieldCount
METHOD	vd	i	()Lon;	getLockCode
METHOD	vd	l	()V	clear
METHOD	vd	o	()V	applyDrag
METHOD	vd	p_	()V	markDirty
METHOD	vd	q_	()I	getInventoryStackLimit
METHOD	vd	r_	()Z	isLocked
METHOD	ve	a	(Lcj;Lalz;)V	func_180460_a
METHOD	ve	a	(Ldn;)V	readEntityFromNBT
METHOD	ve	a	(Low;)V	killMinecart
METHOD	ve	b	(Ldn;)V	writeEntityToNBT
METHOD	ve	e	(Lwn;)Z	interactFirst
METHOD	ve	h	()V	entityInit
METHOD	ve	i	(Z)V	setMinecartPowered
METHOD	ve	j	()Z	isMinecartPowered
METHOD	ve	m	()D	getMaximumSpeed
METHOD	ve	o	()V	applyDrag
METHOD	ve	s	()Lva$a;	getMinecartType
METHOD	ve	t_	()V	onUpdate
METHOD	ve	u	()Lalz;	getDefaultDisplayTile
METHOD	vf	A	()D	getXPos
METHOD	vf	B	()D	getYPos
METHOD	vf	C	()D	getZPos
METHOD	vf	D	()Z	func_96112_aD
METHOD	vf	E	()Z	canTransfer
METHOD	vf	a	(IIIZ)V	onActivatorRailPass
METHOD	vf	a	(Ldn;)V	readEntityFromNBT
METHOD	vf	a	(Low;)V	killMinecart
METHOD	vf	a	(Lwm;Lwn;)Lxi;	createContainer
METHOD	vf	b	(Ldn;)V	writeEntityToNBT
METHOD	vf	e	(Lwn;)Z	interactFirst
METHOD	vf	i	(Z)V	setBlocked
METHOD	vf	k	()Ljava/lang/String;	getGuiID
METHOD	vf	m	(I)V	setTransferTicker
METHOD	vf	o_	()I	getSizeInventory
METHOD	vf	s	()Lva$a;	getMinecartType
METHOD	vf	t_	()V	onUpdate
METHOD	vf	u	()Lalz;	getDefaultDisplayTile
METHOD	vf	w	()I	getDefaultDisplayTileOffset
METHOD	vf	y	()Z	getBlocked
METHOD	vf	z	()Ladm;	getWorld
METHOD	vg	a	(IIIZ)V	onActivatorRailPass
METHOD	vg	e	(Lwn;)Z	interactFirst
METHOD	vg	s	()Lva$a;	getMinecartType
METHOD	vh$1	a	()Ladm;	getSpawnerWorld
METHOD	vh$1	a	(I)V	func_98267_a
METHOD	vh$1	b	()Lcj;	getSpawnerPosition
METHOD	vh	a	(B)V	handleStatusUpdate
METHOD	vh	a	(Ldn;)V	readEntityFromNBT
METHOD	vh	b	(Ldn;)V	writeEntityToNBT
METHOD	vh	j	()Ladd;	func_98039_d
METHOD	vh	s	()Lva$a;	getMinecartType
METHOD	vh	t_	()V	onUpdate
METHOD	vh	u	()Lalz;	getDefaultDisplayTile
METHOD	vi	a	(B)V	handleStatusUpdate
METHOD	vi	a	(IIIZ)V	onActivatorRailPass
METHOD	vi	a	(Ladi;Ladm;Lcj;Lalz;)F	getExplosionResistance
METHOD	vi	a	(Ladi;Ladm;Lcj;Lalz;F)Z	verifyExplosion
METHOD	vi	a	(Ldn;)V	readEntityFromNBT
METHOD	vi	a	(Low;)V	killMinecart
METHOD	vi	a	(Low;F)Z	attackEntityFrom
METHOD	vi	b	(D)V	explodeCart
METHOD	vi	b	(Ldn;)V	writeEntityToNBT
METHOD	vi	e	(FF)V	fall
METHOD	vi	j	()V	ignite
METHOD	vi	l	()I	getFuseTicks
METHOD	vi	s	()Lva$a;	getMinecartType
METHOD	vi	t_	()V	onUpdate
METHOD	vi	u	()Lalz;	getDefaultDisplayTile
METHOD	vi	y	()Z	isIgnited
METHOD	vj	a	(Ldn;)V	readEntityFromNBT
METHOD	vj	aS	()F	getEyeHeight
METHOD	vj	ad	()Z	canBeCollidedWith
METHOD	vj	b	(Ldn;)V	writeEntityToNBT
METHOD	vj	h	()V	entityInit
METHOD	vj	j	()Lpr;	getTntPlacedBy
METHOD	vj	l	()V	explode
METHOD	vj	s_	()Z	canTriggerWalking
METHOD	vj	t_	()V	onUpdate
METHOD	vl$a	a	()Z	shouldExecute
METHOD	vl$a	c	()V	startExecuting
METHOD	vl$a	d	()V	resetTask
METHOD	vl$a	e	()V	updateTask
METHOD	vl	A	()Lzw;	getDropItem
METHOD	vl	E	()V	updateAITasks
METHOD	vl	a	(Z)V	setOnFire
METHOD	vl	aX	()V	applyEntityAttributes
METHOD	vl	at	()Z	isBurning
METHOD	vl	b	(F)I	getBrightnessForRender
METHOD	vl	b	(ZI)V	dropFewItems
METHOD	vl	bo	()Ljava/lang/String;	getHurtSound
METHOD	vl	bp	()Ljava/lang/String;	getDeathSound
METHOD	vl	c	(F)F	getBrightness
METHOD	vl	e	(FF)V	fall
METHOD	vl	h	()V	entityInit
METHOD	vl	m	()V	onLivingUpdate
METHOD	vl	n	()Z	func_70845_n
METHOD	vl	n_	()Z	isValidLightLevel
METHOD	vl	z	()Ljava/lang/String;	getLivingSound
METHOD	vm	a	(Lok;Lpu;)Lpu;	onInitialSpawn
METHOD	vm	aS	()F	getEyeHeight
METHOD	vm	aX	()V	applyEntityAttributes
METHOD	vm	r	(Lpk;)Z	attackEntityAsMob
METHOD	vn	A	()Lzw;	getDropItem
METHOD	vn	a	(F)F	getCreeperFlashIntensity
METHOD	vn	a	(I)V	setCreeperState
METHOD	vn	a	(Ldn;)V	readEntityFromNBT
METHOD	vn	a	(Low;)V	onDeath
METHOD	vn	a	(Luv;)V	onStruckByLightning
METHOD	vn	a	(Lwn;)Z	interact
METHOD	vn	aE	()I	getMaxFallHeight
METHOD	vn	aX	()V	applyEntityAttributes
METHOD	vn	b	(Ldn;)V	writeEntityToNBT
METHOD	vn	bo	()Ljava/lang/String;	getHurtSound
METHOD	vn	bp	()Ljava/lang/String;	getDeathSound
METHOD	vn	cm	()I	getCreeperState
METHOD	vn	cn	()Z	hasIgnited
METHOD	vn	co	()V	ignite
METHOD	vn	cp	()Z	isAIEnabled
METHOD	vn	cq	()V	func_175493_co
METHOD	vn	cr	()V	explode
METHOD	vn	e	(FF)V	fall
METHOD	vn	h	()V	entityInit
METHOD	vn	n	()Z	getPowered
METHOD	vn	r	(Lpk;)Z	attackEntityAsMob
METHOD	vn	t_	()V	onUpdate
METHOD	vo$1	a	(Lvp;)Z	apply
METHOD	vo$1	apply	(Ljava/lang/Object;)Z	apply
METHOD	vo$a	a	()Z	shouldExecute
METHOD	vo$a	a	(Ladm;Lcj;Lafh;Lafh;Lafh;)Z	func_179474_a
METHOD	vo$a	e	()V	updateTask
METHOD	vo$b	a	()Z	shouldExecute
METHOD	vo$b	b	()Z	continueExecuting
METHOD	vo$b	c	()V	startExecuting
METHOD	vo$b	d	()V	resetTask
METHOD	vo$b	e	()V	updateTask
METHOD	vo$c	a	()Z	shouldExecute
METHOD	vo$c	e	()V	updateTask
METHOD	vo	A	()Lzw;	getDropItem
METHOD	vo	E	()V	updateAITasks
METHOD	vo	a	(Lalz;)V	setHeldBlockState
METHOD	vo	a	(Ldn;)V	readEntityFromNBT
METHOD	vo	a	(Low;F)Z	attackEntityFrom
METHOD	vo	a	(Lvo;Lwn;)Z	access$100
METHOD	vo	a	(Lvo;Z)Z	access$202
METHOD	vo	a	(Z)V	setScreaming
METHOD	vo	aS	()F	getEyeHeight
METHOD	vo	aX	()V	applyEntityAttributes
METHOD	vo	b	(Ldn;)V	writeEntityToNBT
METHOD	vo	b	(Lpk;)Z	teleportToEntity
METHOD	vo	b	(ZI)V	dropFewItems
METHOD	vo	bo	()Ljava/lang/String;	getHurtSound
METHOD	vo	bp	()Ljava/lang/String;	getDeathSound
METHOD	vo	c	(Lwn;)Z	shouldAttackPlayer
METHOD	vo	cm	()Lalz;	getHeldBlockState
METHOD	vo	co	()Z	isScreaming
METHOD	vo	cp	()Lqd;	access$000
METHOD	vo	cq	()Ljava/util/Set;	access$300
METHOD	vo	h	()V	entityInit
METHOD	vo	k	(DDD)Z	teleportTo
METHOD	vo	m	()V	onLivingUpdate
METHOD	vo	n	()Z	teleportRandomly
METHOD	vo	z	()Ljava/lang/String;	getLivingSound
METHOD	vp	A	()Lzw;	getDropItem
METHOD	vp	a	(Lcj;Lafh;)V	playStepSound
METHOD	vp	a	(Ldn;)V	readEntityFromNBT
METHOD	vp	a	(Z)V	setSpawnedByPlayer
METHOD	vp	aS	()F	getEyeHeight
METHOD	vp	aX	()V	applyEntityAttributes
METHOD	vp	b	(Ldn;)V	writeEntityToNBT
METHOD	vp	bR	()Z	getCanSpawnHere
METHOD	vp	bo	()Ljava/lang/String;	getHurtSound
METHOD	vp	bp	()Ljava/lang/String;	getDeathSound
METHOD	vp	bz	()Lpw;	getCreatureAttribute
METHOD	vp	m	()V	onLivingUpdate
METHOD	vp	n	()Z	isSpawnedByPlayer
METHOD	vp	n_	()Z	isValidLightLevel
METHOD	vp	s_	()Z	canTriggerWalking
METHOD	vp	t_	()V	onUpdate
METHOD	vp	z	()Ljava/lang/String;	getLivingSound
METHOD	vq$1	a	(Lpk;)Z	apply
METHOD	vq$1	apply	(Ljava/lang/Object;)Z	apply
METHOD	vq$2	a	(Lpk;)Z	apply
METHOD	vq$2	apply	(Ljava/lang/Object;)Z	apply
METHOD	vr$a	a	()Z	shouldExecute
METHOD	vr$a	e	()V	updateTask
METHOD	vr$b	b	(DDDD)Z	isNotColliding
METHOD	vr$b	c	()V	onUpdateMoveHelper
METHOD	vr$c	a	()Z	shouldExecute
METHOD	vr$c	c	()V	startExecuting
METHOD	vr$c	d	()V	resetTask
METHOD	vr$c	e	()V	updateTask
METHOD	vr$d	a	()Z	shouldExecute
METHOD	vr$d	b	()Z	continueExecuting
METHOD	vr$d	c	()V	startExecuting
METHOD	vr	A	()Lzw;	getDropItem
METHOD	vr	a	(Ldn;)V	readEntityFromNBT
METHOD	vr	a	(Low;F)Z	attackEntityFrom
METHOD	vr	a	(Z)V	setAttacking
METHOD	vr	aS	()F	getEyeHeight
METHOD	vr	aX	()V	applyEntityAttributes
METHOD	vr	b	(Ldn;)V	writeEntityToNBT
METHOD	vr	b	(ZI)V	dropFewItems
METHOD	vr	bB	()F	getSoundVolume
METHOD	vr	bR	()Z	getCanSpawnHere
METHOD	vr	bV	()I	getMaxSpawnedInChunk
METHOD	vr	bo	()Ljava/lang/String;	getHurtSound
METHOD	vr	bp	()Ljava/lang/String;	getDeathSound
METHOD	vr	cf	()I	getFireballStrength
METHOD	vr	h	()V	entityInit
METHOD	vr	n	()Z	isAttacking
METHOD	vr	t_	()V	onUpdate
METHOD	vr	z	()Ljava/lang/String;	getLivingSound
METHOD	vs	a	(Lcj;)F	getBlockPathWeight
METHOD	vs	aS	()F	getEyeHeight
METHOD	vs	aX	()V	applyEntityAttributes
METHOD	vt$1	a	(Llf;)Z	apply
METHOD	vt$1	apply	(Ljava/lang/Object;)Z	apply
METHOD	vt$a	a	()Z	shouldExecute
METHOD	vt$a	b	()Z	continueExecuting
METHOD	vt$a	c	()V	startExecuting
METHOD	vt$a	d	()V	resetTask
METHOD	vt$a	e	()V	updateTask
METHOD	vt$b	a	(Lpr;)Z	apply
METHOD	vt$b	apply	(Ljava/lang/Object;)Z	apply
METHOD	vt$c	c	()V	onUpdateMoveHelper
METHOD	vt	E	()V	updateAITasks
METHOD	vt	a	(F)F	func_175471_a
METHOD	vt	a	(I)Z	isSyncedFlagSet
METHOD	vt	a	(IZ)V	setSyncedFlag
METHOD	vt	a	(Lcj;)F	getBlockPathWeight
METHOD	vt	a	(Ldn;)V	readEntityFromNBT
METHOD	vt	a	(Low;F)Z	attackEntityFrom
METHOD	vt	a	(Lvt;)Lrz;	access$100
METHOD	vt	a	(Lvt;I)V	access$000
METHOD	vt	a	(Lvt;Z)V	access$200
METHOD	vt	a	(Z)V	setElder
METHOD	vt	aS	()F	getEyeHeight
METHOD	vt	aX	()V	applyEntityAttributes
METHOD	vt	b	(I)V	setTargetedEntity
METHOD	vt	b	(Ladm;)Lsw;	getNewNavigator
METHOD	vt	b	(Ldn;)V	writeEntityToNBT
METHOD	vt	b	(ZI)V	dropFewItems
METHOD	vt	bQ	()I	getVerticalFaceSpeed
METHOD	vt	bR	()Z	getCanSpawnHere
METHOD	vt	bS	()Z	isNotColliding
METHOD	vt	bo	()Ljava/lang/String;	getHurtSound
METHOD	vt	bp	()Ljava/lang/String;	getDeathSound
METHOD	vt	bq	()V	addRandomDrop
METHOD	vt	cm	()I	func_175464_ck
METHOD	vt	cn	()Z	isElder
METHOD	vt	co	()V	setElder
METHOD	vt	cp	()Z	hasTargetedEntity
METHOD	vt	cq	()Lpr;	getTargetedEntity
METHOD	vt	g	(FF)V	moveEntityWithHeading
METHOD	vt	h	()V	entityInit
METHOD	vt	i	(I)V	onDataWatcherUpdate
METHOD	vt	l	(Z)V	func_175476_l
METHOD	vt	m	()V	onLivingUpdate
METHOD	vt	n	()Z	func_175472_n
METHOD	vt	n_	()Z	isValidLightLevel
METHOD	vt	p	(F)F	func_175469_o
METHOD	vt	q	(F)F	func_175477_p
METHOD	vt	s_	()Z	canTriggerWalking
METHOD	vt	w	()I	getTalkInterval
METHOD	vt	z	()Ljava/lang/String;	getLivingSound
METHOD	vu	A	()Lzw;	getDropItem
METHOD	vu	aX	()V	applyEntityAttributes
METHOD	vu	at	()Z	isBurning
METHOD	vu	b	(F)I	getBrightnessForRender
METHOD	vu	b	(ZI)V	dropFewItems
METHOD	vu	bF	()V	jump
METHOD	vu	bH	()V	handleJumpLava
METHOD	vu	bR	()Z	getCanSpawnHere
METHOD	vu	bS	()Z	isNotColliding
METHOD	vu	br	()I	getTotalArmorValue
METHOD	vu	c	(F)F	getBrightness
METHOD	vu	cf	()Lwb;	createInstance
METHOD	vu	cg	()I	getJumpDelay
METHOD	vu	ch	()V	alterSquishAmount
METHOD	vu	ci	()Z	canDamagePlayer
METHOD	vu	cj	()I	getAttackStrength
METHOD	vu	ck	()Ljava/lang/String;	getJumpSound
METHOD	vu	cl	()Z	makesSoundOnLand
METHOD	vu	e	(FF)V	fall
METHOD	vu	n	()Lcy;	getParticleType
METHOD	vv	P	()Ljava/lang/String;	getSwimSound
METHOD	vv	a	(Lcj;)F	getBlockPathWeight
METHOD	vv	a	(Low;F)Z	attackEntityFrom
METHOD	vv	aX	()V	applyEntityAttributes
METHOD	vv	aa	()Ljava/lang/String;	getSplashSound
METHOD	vv	bR	()Z	getCanSpawnHere
METHOD	vv	ba	()Z	canDropLoot
METHOD	vv	bo	()Ljava/lang/String;	getHurtSound
METHOD	vv	bp	()Ljava/lang/String;	getDeathSound
METHOD	vv	m	()V	onLivingUpdate
METHOD	vv	n	(I)Ljava/lang/String;	getFallSoundString
METHOD	vv	n_	()Z	isValidLightLevel
METHOD	vv	r	(Lpk;)Z	attackEntityAsMob
METHOD	vv	t_	()V	onUpdate
METHOD	vw$a	a	()Z	shouldExecute
METHOD	vw$b	a	(Lpy;Lpr;)V	setEntityAttackTarget
METHOD	vw	E	()V	updateAITasks
METHOD	vw	a	(Ldn;)V	readEntityFromNBT
METHOD	vw	a	(Lok;)V	setEquipmentBasedOnDifficulty
METHOD	vw	a	(Lok;Lpu;)Lpu;	onInitialSpawn
METHOD	vw	a	(Low;F)Z	attackEntityFrom
METHOD	vw	a	(Lvw;Lpk;)V	access$000
METHOD	vw	a	(Lwn;)Z	interact
METHOD	vw	aX	()V	applyEntityAttributes
METHOD	vw	b	(Ldn;)V	writeEntityToNBT
METHOD	vw	b	(Lpk;)V	becomeAngryAt
METHOD	vw	b	(Lpr;)V	setRevengeTarget
METHOD	vw	b	(ZI)V	dropFewItems
METHOD	vw	bR	()Z	getCanSpawnHere
METHOD	vw	bS	()Z	isNotColliding
METHOD	vw	bo	()Ljava/lang/String;	getHurtSound
METHOD	vw	bp	()Ljava/lang/String;	getDeathSound
METHOD	vw	bq	()V	addRandomDrop
METHOD	vw	cm	()Z	isAngry
METHOD	vw	n	()V	applyEntityAI
METHOD	vw	t_	()V	onUpdate
METHOD	vw	z	()Ljava/lang/String;	getLivingSound
METHOD	vx	a	(Lpr;F)V	attackEntityWithRangedAttack
METHOD	vy	a	(Ldn;)Lqd;	readAttributeModifierFromNBT
METHOD	vy	a	(Lqc;)Ldn;	writeAttributeInstanceToNBT
METHOD	vy	a	(Lqc;Ldn;)V	applyModifiersToAttributeInstance
METHOD	vy	a	(Lqd;)Ldn;	writeAttributeModifierToNBT
METHOD	vy	a	(Lqf;)Ldu;	writeBaseAttributeMapToNBT
METHOD	vy	a	(Lqf;Ldu;)V	setAttributeModifiers
METHOD	vz$a	a	()Z	shouldExecute
METHOD	vz$a	b	()Z	continueExecuting
METHOD	vz$a	c	()V	startExecuting
METHOD	vz$b	a	()Z	shouldExecute
METHOD	vz$b	e	()V	updateTask
METHOD	vz$b	f	()V	func_179462_f
METHOD	vz	A	()Lzw;	getDropItem
METHOD	vz	a	(Lcj;)F	getBlockPathWeight
METHOD	vz	a	(Lcj;Lafh;)V	playStepSound
METHOD	vz	a	(Low;F)Z	attackEntityFrom
METHOD	vz	aS	()F	getEyeHeight
METHOD	vz	aX	()V	applyEntityAttributes
METHOD	vz	am	()D	getYOffset
METHOD	vz	bR	()Z	getCanSpawnHere
METHOD	vz	bo	()Ljava/lang/String;	getHurtSound
METHOD	vz	bp	()Ljava/lang/String;	getDeathSound
METHOD	vz	bz	()Lpw;	getCreatureAttribute
METHOD	vz	n_	()Z	isValidLightLevel
METHOD	vz	s_	()Z	canTriggerWalking
METHOD	vz	t_	()V	onUpdate
METHOD	vz	z	()Ljava/lang/String;	getLivingSound
METHOD	w	a	()I	getRequiredPermissionLevel
METHOD	w	a	(Lm;[Ljava/lang/String;)V	processCommand
METHOD	w	a	(Lm;[Ljava/lang/String;Lcj;)Ljava/util/List;	addTabCompletionOptions
METHOD	w	c	()Ljava/lang/String;	getCommandName
METHOD	w	c	(Lm;)Ljava/lang/String;	getCommandUsage
METHOD	wa	A	()Lzw;	getDropItem
METHOD	wa	a	(I)V	setSkeletonType
METHOD	wa	a	(Lcj;Lafh;)V	playStepSound
METHOD	wa	a	(Ldn;)V	readEntityFromNBT
METHOD	wa	a	(Lok;)V	setEquipmentBasedOnDifficulty
METHOD	wa	a	(Lok;Lpu;)Lpu;	onInitialSpawn
METHOD	wa	a	(Low;)V	onDeath
METHOD	wa	a	(Lpr;F)V	attackEntityWithRangedAttack
METHOD	wa	aS	()F	getEyeHeight
METHOD	wa	aX	()V	applyEntityAttributes
METHOD	wa	ak	()V	updateRidden
METHOD	wa	am	()D	getYOffset
METHOD	wa	b	(Ldn;)V	writeEntityToNBT
METHOD	wa	b	(ZI)V	dropFewItems
METHOD	wa	bo	()Ljava/lang/String;	getHurtSound
METHOD	wa	bp	()Ljava/lang/String;	getDeathSound
METHOD	wa	bq	()V	addRandomDrop
METHOD	wa	bz	()Lpw;	getCreatureAttribute
METHOD	wa	c	(ILzx;)V	setCurrentItemOrArmor
METHOD	wa	cm	()I	getSkeletonType
METHOD	wa	h	()V	entityInit
METHOD	wa	m	()V	onLivingUpdate
METHOD	wa	n	()V	setCombatTask
METHOD	wa	r	(Lpk;)Z	attackEntityAsMob
METHOD	wa	z	()Ljava/lang/String;	getLivingSound
METHOD	wb$a	a	()Z	shouldExecute
METHOD	wb$a	b	()Z	continueExecuting
METHOD	wb$a	c	()V	startExecuting
METHOD	wb$a	e	()V	updateTask
METHOD	wb$b	a	()Z	shouldExecute
METHOD	wb$b	e	()V	updateTask
METHOD	wb$c	a	()Z	shouldExecute
METHOD	wb$c	e	()V	updateTask
METHOD	wb$d	a	(D)V	setSpeed
METHOD	wb$d	a	(FZ)V	func_179920_a
METHOD	wb$d	c	()V	onUpdateMoveHelper
METHOD	wb$e	a	()Z	shouldExecute
METHOD	wb$e	e	()V	updateTask
METHOD	wb	A	()Lzw;	getDropItem
METHOD	wb	J	()V	setDead
METHOD	wb	a	(I)V	setSlimeSize
METHOD	wb	a	(Ldn;)V	readEntityFromNBT
METHOD	wb	a	(Lok;Lpu;)Lpu;	onInitialSpawn
METHOD	wb	aS	()F	getEyeHeight
METHOD	wb	b	(Ldn;)V	writeEntityToNBT
METHOD	wb	bB	()F	getSoundVolume
METHOD	wb	bF	()V	jump
METHOD	wb	bQ	()I	getVerticalFaceSpeed
METHOD	wb	bR	()Z	getCanSpawnHere
METHOD	wb	bo	()Ljava/lang/String;	getHurtSound
METHOD	wb	bp	()Ljava/lang/String;	getDeathSound
METHOD	wb	cf	()Lwb;	createInstance
METHOD	wb	cg	()I	getJumpDelay
METHOD	wb	ch	()V	alterSquishAmount
METHOD	wb	ci	()Z	canDamagePlayer
METHOD	wb	cj	()I	getAttackStrength
METHOD	wb	ck	()Ljava/lang/String;	getJumpSound
METHOD	wb	cl	()Z	makesSoundOnLand
METHOD	wb	cm	()I	getSlimeSize
METHOD	wb	cn	()Z	makesSoundOnJump
METHOD	wb	d	(Lwn;)V	onCollideWithPlayer
METHOD	wb	e	(Lpr;)V	func_175451_e
METHOD	wb	h	()V	entityInit
METHOD	wb	i	(I)V	onDataWatcherUpdate
METHOD	wb	i	(Lpk;)V	applyEntityCollision
METHOD	wb	n	()Lcy;	getParticleType
METHOD	wb	t_	()V	onUpdate
METHOD	wc$a	a	(Lpr;)D	func_179512_a
METHOD	wc$a	b	()Z	continueExecuting
METHOD	wc$b	a	(Ljava/util/Random;)V	func_111104_a
METHOD	wc$c	a	()Z	shouldExecute
METHOD	wc	A	()Lzw;	getDropItem
METHOD	wc	a	(Lcj;Lafh;)V	playStepSound
METHOD	wc	a	(Lok;Lpu;)Lpu;	onInitialSpawn
METHOD	wc	a	(Z)V	setBesideClimbableBlock
METHOD	wc	aA	()V	setInWeb
METHOD	wc	aS	()F	getEyeHeight
METHOD	wc	aX	()V	applyEntityAttributes
METHOD	wc	an	()D	getMountedYOffset
METHOD	wc	b	(Ladm;)Lsw;	getNewNavigator
METHOD	wc	b	(ZI)V	dropFewItems
METHOD	wc	bo	()Ljava/lang/String;	getHurtSound
METHOD	wc	bp	()Ljava/lang/String;	getDeathSound
METHOD	wc	bz	()Lpw;	getCreatureAttribute
METHOD	wc	d	(Lpf;)Z	isPotionApplicable
METHOD	wc	h	()V	entityInit
METHOD	wc	k_	()Z	isOnLadder
METHOD	wc	n	()Z	isBesideClimbableBlock
METHOD	wc	t_	()V	onUpdate
METHOD	wc	z	()Ljava/lang/String;	getLivingSound
METHOD	wd	a	(B)V	handleStatusUpdate
METHOD	wd	a	(Lpr;F)V	attackEntityWithRangedAttack
METHOD	wd	a	(Z)V	setAggressive
METHOD	wd	aS	()F	getEyeHeight
METHOD	wd	aX	()V	applyEntityAttributes
METHOD	wd	b	(ZI)V	dropFewItems
METHOD	wd	bo	()Ljava/lang/String;	getHurtSound
METHOD	wd	bp	()Ljava/lang/String;	getDeathSound
METHOD	wd	c	(Low;F)F	applyPotionDamageCalculations
METHOD	wd	h	()V	entityInit
METHOD	wd	m	()V	onLivingUpdate
METHOD	wd	n	()Z	getAggressive
METHOD	wd	z	()Ljava/lang/String;	getLivingSound
METHOD	we	A	()Lzw;	getDropItem
METHOD	we	C	()Z	canDespawn
METHOD	we	a	(B)V	handleStatusUpdate
METHOD	we	a	(F)V	multiplySize
METHOD	we	a	(FF)V	setSize
METHOD	we	a	(I)V	startConversion
METHOD	we	a	(Lcj;Lafh;)V	playStepSound
METHOD	we	a	(Ldn;)V	readEntityFromNBT
METHOD	we	a	(Lok;)V	setEquipmentBasedOnDifficulty
METHOD	we	a	(Lok;Lpu;)Lpu;	onInitialSpawn
METHOD	we	a	(Low;)V	onDeath
METHOD	we	a	(Low;F)Z	attackEntityFrom
METHOD	we	a	(Lpr;)V	onKillEntity
METHOD	we	a	(Lwn;)Z	interact
METHOD	we	a	(Lzx;)Z	func_175448_a
METHOD	we	a	(Z)V	setBreakDoorsAItask
METHOD	we	aS	()F	getEyeHeight
METHOD	we	aX	()V	applyEntityAttributes
METHOD	we	am	()D	getYOffset
METHOD	we	b	(Ldn;)V	writeEntityToNBT
METHOD	we	b	(Lwn;)I	getExperiencePoints
METHOD	we	bo	()Ljava/lang/String;	getHurtSound
METHOD	we	bp	()Ljava/lang/String;	getDeathSound
METHOD	we	bq	()V	addRandomDrop
METHOD	we	br	()I	getTotalArmorValue
METHOD	we	bz	()Lpw;	getCreatureAttribute
METHOD	we	cn	()Z	isBreakDoorsTaskSet
METHOD	we	co	()Z	isVillager
METHOD	we	cp	()Z	isConverting
METHOD	we	cq	()V	convertToVillager
METHOD	we	cr	()I	getConversionTimeBoost
METHOD	we	h	()V	entityInit
METHOD	we	j_	()Z	isChild
METHOD	we	l	(Z)V	setChild
METHOD	we	m	()V	onLivingUpdate
METHOD	we	m	(Z)V	setVillager
METHOD	we	n	()V	applyEntityAI
METHOD	we	n	(Z)V	setChildSize
METHOD	we	r	(Lpk;)Z	attackEntityAsMob
METHOD	we	t_	()V	onUpdate
METHOD	we	z	()Ljava/lang/String;	getLivingSound
METHOD	wg	a	(Lacz;)V	useRecipe
METHOD	wg	a	(Lada;)V	setRecipes
METHOD	wg	a_	(Lwn;)V	setCustomer
METHOD	wg	a_	(Lzx;)V	verifySellingItem
METHOD	wg	b_	(Lwn;)Lada;	getRecipes
METHOD	wg	f_	()Leu;	getDisplayName
METHOD	wg	v_	()Lwn;	getCustomer
METHOD	wi$a	a	(Lada;Ljava/util/Random;)V	modifyMerchantRecipeList
METHOD	wi$b	a	(Lada;Ljava/util/Random;)V	modifyMerchantRecipeList
METHOD	wi$c	a	(Lada;Ljava/util/Random;)V	modifyMerchantRecipeList
METHOD	wi$d	a	(Lada;Ljava/util/Random;)V	modifyMerchantRecipeList
METHOD	wi$e	a	(Lada;Ljava/util/Random;)V	modifyMerchantRecipeList
METHOD	wi$f	a	(Lada;Ljava/util/Random;)V	modifyMerchantRecipeList
METHOD	wi$g	a	(Ljava/util/Random;)I	getPrice
METHOD	wi	C	()Z	canDespawn
METHOD	wi	E	()V	updateAITasks
METHOD	wi	a	(B)V	handleStatusUpdate
METHOD	wi	a	(Lacz;)V	useRecipe
METHOD	wi	a	(Lada;)V	setRecipes
METHOD	wi	a	(Lcy;)V	spawnParticles
METHOD	wi	a	(Ldn;)V	readEntityFromNBT
METHOD	wi	a	(Lok;Lpu;)Lpu;	onInitialSpawn
METHOD	wi	a	(Low;)V	onDeath
METHOD	wi	a	(Lph;)Lph;	createChild
METHOD	wi	a	(Luv;)V	onStruckByLightning
METHOD	wi	a	(Luz;)V	updateEquipmentIfNeeded
METHOD	wi	a	(Lwn;)Z	interact
METHOD	wi	a	(Lzw;)Z	canVillagerPickupItem
METHOD	wi	aS	()F	getEyeHeight
METHOD	wi	aX	()V	applyEntityAttributes
METHOD	wi	a_	(Lwn;)V	setCustomer
METHOD	wi	a_	(Lzx;)V	verifySellingItem
METHOD	wi	b	(Ldn;)V	writeEntityToNBT
METHOD	wi	b	(Lph;)Lwi;	createChild
METHOD	wi	b	(Lpr;)V	setRevengeTarget
METHOD	wi	b_	(Lwn;)Lada;	getRecipes
METHOD	wi	bo	()Ljava/lang/String;	getHurtSound
METHOD	wi	bp	()Ljava/lang/String;	getDeathSound
METHOD	wi	cb	()Z	allowLeashing
METHOD	wi	cl	()I	getProfession
METHOD	wi	cm	()Z	isMating
METHOD	wi	cn	()Z	isPlaying
METHOD	wi	co	()Z	isTrading
METHOD	wi	cp	()V	setLookingForHome
METHOD	wi	cq	()Loq;	getVillagerInventory
METHOD	wi	cr	()Z	func_175553_cp
METHOD	wi	cs	()Z	canAbondonItems
METHOD	wi	ct	()Z	func_175557_cr
METHOD	wi	cu	()Z	isFarmItemInInventory
METHOD	wi	cv	()V	setAdditionalAItasks
METHOD	wi	cw	()V	populateBuyingList
METHOD	wi	d	(ILzx;)Z	replaceItemInInventory
METHOD	wi	f_	()Leu;	getDisplayName
METHOD	wi	h	()V	entityInit
METHOD	wi	l	(Z)V	setMating
METHOD	wi	m	(Z)V	setPlaying
METHOD	wi	n	()V	onGrowingAdult
METHOD	wi	n	(Z)Z	getIsWillingToMate
METHOD	wi	o	(Z)V	setIsWillingToMate
METHOD	wi	r	(I)V	setProfession
METHOD	wi	s	(I)Z	hasEnoughItems
METHOD	wi	v_	()Lwn;	getCustomer
METHOD	wi	z	()Ljava/lang/String;	getLivingSound
METHOD	wl	a	()F	getFlySpeed
METHOD	wl	a	(F)V	setFlySpeed
METHOD	wl	a	(Ldn;)V	writeCapabilitiesToNBT
METHOD	wl	b	()F	getWalkSpeed
METHOD	wl	b	(F)V	setPlayerWalkSpeed
METHOD	wl	b	(Ldn;)V	readCapabilitiesFromNBT
METHOD	wm$1	a	()Ljava/lang/String;	call
METHOD	wm$1	call	()Ljava/lang/Object;	call
METHOD	wm	a	(F)V	damageArmor
METHOD	wm	a	(I)Lzx;	getStackInSlot
METHOD	wm	a	(II)Lzx;	decrStackSize
METHOD	wm	a	(ILzx;)V	setInventorySlotContents
METHOD	wm	a	(Lafh;)F	getStrVsBlock
METHOD	wm	a	(Ldu;)Ldu;	writeToNBT
METHOD	wm	a	(Lwn;)Z	isUseableByPlayer
METHOD	wm	a	(Lzw;)Z	consumeInventoryItem
METHOD	wm	a	(Lzw;I)I	getInventorySlotContainItemAndDamage
METHOD	wm	a	(Lzw;IILdn;)I	clearMatchingItems
METHOD	wm	a	(Lzw;IZZ)V	setCurrentItem
METHOD	wm	a	(Lzx;)Z	addItemStackToInventory
METHOD	wm	a_	(I)I	getField
METHOD	wm	b	(I)Lzx;	removeStackFromSlot
METHOD	wm	b	(II)V	setField
METHOD	wm	b	(ILzx;)Z	isItemValidForSlot
METHOD	wm	b	(Lafh;)Z	canHeldItemHarvest
METHOD	wm	b	(Ldu;)V	readFromNBT
METHOD	wm	b	(Lwm;)V	copyInventory
METHOD	wm	b	(Lwn;)V	openInventory
METHOD	wm	b	(Lzw;)Z	hasItem
METHOD	wm	b	(Lzx;)V	setItemStack
METHOD	wm	c	(Lwn;)V	closeInventory
METHOD	wm	c	(Lzw;)I	getInventorySlotContainItem
METHOD	wm	c	(Lzx;)Z	hasItemStack
METHOD	wm	d	(I)V	changeCurrentItem
METHOD	wm	d	(Lzx;)I	storeItemStack
METHOD	wm	e	(I)Lzx;	armorItemInSlot
METHOD	wm	e	(Lzx;)I	storePartialItemStack
METHOD	wm	e_	()Ljava/lang/String;	getName
METHOD	wm	f_	()Leu;	getDisplayName
METHOD	wm	g	()I	getFieldCount
METHOD	wm	h	()Lzx;	getCurrentItem
METHOD	wm	i	()I	getHotbarSize
METHOD	wm	j	()I	getFirstEmptyStack
METHOD	wm	k	()V	decrementAnimations
METHOD	wm	l	()V	clear
METHOD	wm	l_	()Z	hasCustomName
METHOD	wm	m	()I	getTotalArmorValue
METHOD	wm	n	()V	dropAllItems
METHOD	wm	o_	()I	getSizeInventory
METHOD	wm	p	()Lzx;	getItemStack
METHOD	wm	p_	()V	markDirty
METHOD	wm	q_	()I	getInventoryStackLimit
METHOD	wn$a	valueOf	(Ljava/lang/String;)Lwn$a;	valueOf
METHOD	wn$a	values	()[Lwn$a;	values
METHOD	wn$b	a	()I	getChatVisibility
METHOD	wn$b	a	(I)Lwn$b;	getEnumChatVisibility
METHOD	wn$b	b	()Ljava/lang/String;	getResourceKey
METHOD	wn$b	values	()[Lwn$b;	values
METHOD	wn	I	()V	preparePlayerToSpawn
METHOD	wn	J	()V	setDead
METHOD	wn	L	()I	getMaxInPortalTime
METHOD	wn	P	()Ljava/lang/String;	getSwimSound
METHOD	wn	X	()V	resetHeight
METHOD	wn	a	(B)V	handleStatusUpdate
METHOD	wn	a	(F)V	addExhaustion
METHOD	wn	a	(I)V	addExperienceLevel
METHOD	wn	a	(Lacy;)V	displayVillagerTradeGui
METHOD	wn	a	(Ladc;)V	openEditCommandBlock
METHOD	wn	a	(Ladm;Lcj;Z)Lcj;	getBedSpawnLocation
METHOD	wn	a	(Ladp$a;)V	setGameType
METHOD	wn	a	(Lafh;)F	getToolDigEfficiency
METHOD	wn	a	(Laln;)V	openEditSign
METHOD	wn	a	(Lcj;)Lwn$a;	trySleep
METHOD	wn	a	(Lcj;Lcq;Lzx;)Z	canPlayerEdit
METHOD	wn	a	(Lcj;Z)V	setSpawnPoint
METHOD	wn	a	(Lcom/mojang/authlib/GameProfile;)Ljava/util/UUID;	getUUID
METHOD	wn	a	(Lcq;)V	func_175139_a
METHOD	wn	a	(Ldn;)V	readEntityFromNBT
METHOD	wn	a	(Ljava/lang/String;FF)V	playSound
METHOD	wn	a	(Lmw;)V	func_175145_a
METHOD	wn	a	(Lmw;I)V	addStat
METHOD	wn	a	(Log;)V	displayGUIChest
METHOD	wn	a	(Lol;)V	displayGui
METHOD	wn	a	(Lon;)Z	canOpen
METHOD	wn	a	(Low;)V	onDeath
METHOD	wn	a	(Low;F)Z	attackEntityFrom
METHOD	wn	a	(Lpr;)V	onKillEntity
METHOD	wn	a	(Ltp;Log;)V	displayGUIHorse
METHOD	wn	a	(Luz;)V	joinEntityItemWithWorld
METHOD	wn	a	(Lwn;)Z	canAttackPlayer
METHOD	wn	a	(Lwn;Z)V	clonePlayer
METHOD	wn	a	(Lwo;)Z	isWearing
METHOD	wn	a	(Lzx;)V	displayGUIBook
METHOD	wn	a	(Lzx;I)V	setItemInUse
METHOD	wn	a	(Lzx;Z)Luz;	dropPlayerItemWithRandomChoice
METHOD	wn	a	(Lzx;ZZ)Luz;	dropItem
METHOD	wn	a	(Z)Luz;	dropOneItem
METHOD	wn	a	(ZZZ)V	wakeUpPlayer
METHOD	wn	aA	()V	setInWeb
METHOD	wn	aL	()Z	isPushedByWater
METHOD	wn	aO	()Z	getAlwaysRenderNameTagForRender
METHOD	wn	aS	()F	getEyeHeight
METHOD	wn	aX	()V	applyEntityAttributes
METHOD	wn	aa	()Ljava/lang/String;	getSplashSound
METHOD	wn	aj	()Z	isEntityInsideOpaqueBlock
METHOD	wn	ak	()V	updateRidden
METHOD	wn	am	()D	getYOffset
METHOD	wn	aq	()I	getPortalCooldown
METHOD	wn	as	()[Lzx;	getInventory
METHOD	wn	b	(I)V	removeExperienceLevel
METHOD	wn	b	(Lafh;)Z	canHarvestBlock
METHOD	wn	b	(Ldn;)V	writeEntityToNBT
METHOD	wn	b	(Leu;)V	addChatComponentMessage
METHOD	wn	b	(Ljava/lang/String;)Ljava/util/UUID;	getOfflineUUID
METHOD	wn	b	(Lmw;)V	triggerAchievement
METHOD	wn	b	(Lpk;)V	onCriticalHit
METHOD	wn	b	(Lpk;I)V	addToPlayerScore
METHOD	wn	b	(Lwn;)I	getExperiencePoints
METHOD	wn	b	(Lzx;I)V	updateItemUse
METHOD	wn	bA	()Lzx;	getHeldItem
METHOD	wn	bD	()Z	isMovementBlocked
METHOD	wn	bF	()V	jump
METHOD	wn	bI	()F	getAIMoveSpeed
METHOD	wn	bJ	()Z	isPlayerSleeping
METHOD	wn	bK	()V	updateEntityActionState
METHOD	wn	bN	()F	getAbsorptionAmount
METHOD	wn	bO	()Lauq;	getTeam
METHOD	wn	bQ	()Lzx;	getItemInUse
METHOD	wn	bR	()I	getItemInUseCount
METHOD	wn	bS	()Z	isUsingItem
METHOD	wn	bT	()I	getItemInUseDuration
METHOD	wn	bU	()V	stopUsingItem
METHOD	wn	bV	()V	clearItemInUse
METHOD	wn	bW	()Z	isBlocking
METHOD	wn	bX	()I	getScore
METHOD	wn	bY	()F	getArmorVisibility
METHOD	wn	bZ	()Lzx;	getCurrentEquippedItem
METHOD	wn	bb	()Z	isPlayer
METHOD	wn	bo	()Ljava/lang/String;	getHurtSound
METHOD	wn	bp	()Ljava/lang/String;	getDeathSound
METHOD	wn	br	()I	getTotalArmorValue
METHOD	wn	c	(ILzx;)V	setCurrentItemOrArmor
METHOD	wn	c	(Lpk;)V	onEnchantmentCritical
METHOD	wn	ca	()V	destroyCurrentEquippedItem
METHOD	wn	cb	()V	respawnPlayer
METHOD	wn	cc	()Z	isUser
METHOD	wn	cd	()Lcom/mojang/authlib/GameProfile;	getGameProfile
METHOD	wn	ce	()F	getBedOrientationInDegrees
METHOD	wn	cf	()Z	isPlayerFullyAsleep
METHOD	wn	cg	()I	getSleepTimer
METHOD	wn	ch	()Lcj;	getBedLocation
METHOD	wn	ci	()Z	isSpawnForced
METHOD	wn	cj	()I	getXPSeed
METHOD	wn	ck	()I	xpBarCap
METHOD	wn	cl	()Lxg;	getFoodStats
METHOD	wn	cm	()Z	shouldHeal
METHOD	wn	cn	()Z	isAllowEdit
METHOD	wn	co	()Lyd;	getInventoryEnderChest
METHOD	wn	cp	()Lauo;	getWorldScoreboard
METHOD	wn	cq	()Z	hasReducedDebug
METHOD	wn	d	(ILzx;)Z	replaceItemInInventory
METHOD	wn	d	(Low;F)V	damageEntity
METHOD	wn	d	(Lpk;)V	collideWithPlayer
METHOD	wn	e	(FF)V	fall
METHOD	wn	e	(Lpk;)Ljava/util/Collection;	func_175137_e
METHOD	wn	e_	()Ljava/lang/String;	getName
METHOD	wn	f	(Lpk;)V	attackTargetEntityWithCurrentItem
METHOD	wn	f	(Lwn;)Z	isInvisibleToPlayer
METHOD	wn	f_	()Leu;	getDisplayName
METHOD	wn	g	(FF)V	moveEntityWithHeading
METHOD	wn	h	()V	entityInit
METHOD	wn	j	(F)V	damageArmor
METHOD	wn	j	(Z)Z	canEat
METHOD	wn	k	(DDD)V	addMovementStat
METHOD	wn	k	(Z)V	setReducedDebug
METHOD	wn	l	(DDD)V	addMountedMovementStat
METHOD	wn	m	()V	onLivingUpdate
METHOD	wn	m	(F)V	setAbsorptionAmount
METHOD	wn	n	()V	closeScreen
METHOD	wn	n	(I)Ljava/lang/String;	getFallSoundString
METHOD	wn	p	()Z	isInBed
METHOD	wn	p	(I)Lzx;	getEquipmentInSlot
METHOD	wn	q	(I)Lzx;	getCurrentArmor
METHOD	wn	r	(I)V	setScore
METHOD	wn	s	()V	onItemUseFinish
METHOD	wn	s	(I)V	addScore
METHOD	wn	s_	()Z	canTriggerWalking
METHOD	wn	t	()V	sendPlayerAbilities
METHOD	wn	t_	()V	onUpdate
METHOD	wn	u	(I)V	addExperience
METHOD	wn	u	(Lpk;)Z	interactWith
METHOD	wn	u_	()Z	sendCommandFeedback
METHOD	wn	v	()Z	isSpectator
METHOD	wo	a	()I	getPartMask
METHOD	wo	b	()I	getPartId
METHOD	wo	c	()Ljava/lang/String;	getPartName
METHOD	wo	d	()Leu;	func_179326_d
METHOD	wo	values	()[Lwo;	values
METHOD	wq	a	(DDDFFIZ)V	setPositionAndRotation2
METHOD	wq	a	(I)V	setKnockbackStrength
METHOD	wq	a	(Ldn;)V	readEntityFromNBT
METHOD	wq	a	(Z)V	setIsCritical
METHOD	wq	aD	()Z	canAttackWithItem
METHOD	wq	aS	()F	getEyeHeight
METHOD	wq	b	(D)V	setDamage
METHOD	wq	b	(Ldn;)V	writeEntityToNBT
METHOD	wq	c	(DDDFF)V	setThrowableHeading
METHOD	wq	d	(Lwn;)V	onCollideWithPlayer
METHOD	wq	h	()V	entityInit
METHOD	wq	i	(DDD)V	setVelocity
METHOD	wq	j	()D	getDamage
METHOD	wq	l	()Z	getIsCritical
METHOD	wq	s_	()Z	canTriggerWalking
METHOD	wq	t_	()V	onUpdate
METHOD	wr	a	(D)Z	isInRangeToRenderDist
METHOD	wr	a	(Lcj;)V	moveTowards
METHOD	wr	a	(Ldn;)V	readEntityFromNBT
METHOD	wr	aD	()Z	canAttackWithItem
METHOD	wr	b	(F)I	getBrightnessForRender
METHOD	wr	b	(Ldn;)V	writeEntityToNBT
METHOD	wr	c	(F)F	getBrightness
METHOD	wr	h	()V	entityInit
METHOD	wr	i	(DDD)V	setVelocity
METHOD	wr	t_	()V	onUpdate
METHOD	ws	a	(D)Z	isInRangeToRenderDist
METHOD	ws	a	(Lauh;)V	onImpact
METHOD	ws	a	(Ldn;)V	readEntityFromNBT
METHOD	ws	a	(Low;F)Z	attackEntityFrom
METHOD	ws	ad	()Z	canBeCollidedWith
METHOD	ws	ao	()F	getCollisionBorderSize
METHOD	ws	b	(F)I	getBrightnessForRender
METHOD	ws	b	(Ldn;)V	writeEntityToNBT
METHOD	ws	c	(F)F	getBrightness
METHOD	ws	h	()V	entityInit
METHOD	ws	j	()F	getMotionFactor
METHOD	ws	t_	()V	onUpdate
METHOD	wt	a	(B)V	handleStatusUpdate
METHOD	wt	a	(D)Z	isInRangeToRenderDist
METHOD	wt	a	(Ldn;)V	readEntityFromNBT
METHOD	wt	aD	()Z	canAttackWithItem
METHOD	wt	b	(F)I	getBrightnessForRender
METHOD	wt	b	(Ldn;)V	writeEntityToNBT
METHOD	wt	c	(F)F	getBrightness
METHOD	wt	h	()V	entityInit
METHOD	wt	i	(DDD)V	setVelocity
METHOD	wt	t_	()V	onUpdate
METHOD	wu	a	(Lauh;)V	onImpact
METHOD	wu	a	(Ldn;)V	readEntityFromNBT
METHOD	wu	b	(Ldn;)V	writeEntityToNBT
METHOD	wv	c	(DDDFF)V	setThrowableHeading
METHOD	ww	a	(Lauh;)V	onImpact
METHOD	ww	a	(Low;F)Z	attackEntityFrom
METHOD	ww	ad	()Z	canBeCollidedWith
METHOD	wx	a	(Lauh;)V	onImpact
METHOD	wy	a	(D)Z	isInRangeToRenderDist
METHOD	wy	a	(Lauh;)V	onImpact
METHOD	wy	a	(Ldn;)V	readEntityFromNBT
METHOD	wy	b	(Ldn;)V	writeEntityToNBT
METHOD	wy	c	(DDDFF)V	setThrowableHeading
METHOD	wy	h	()V	entityInit
METHOD	wy	i	(DDD)V	setVelocity
METHOD	wy	j	()F	getVelocity
METHOD	wy	l	()F	getInaccuracy
METHOD	wy	m	()F	getGravityVelocity
METHOD	wy	n	()Lpr;	getThrower
METHOD	wy	t_	()V	onUpdate
METHOD	wz	a	(Lauh;)V	onImpact
METHOD	x	a	()I	getRequiredPermissionLevel
METHOD	x	a	(ILjava/lang/String;Ljava/lang/StringBuilder;)V	func_147202_a
METHOD	x	a	(JI)V	saveProfileResults
METHOD	x	a	(Lm;[Ljava/lang/String;)V	processCommand
METHOD	x	a	(Lm;[Ljava/lang/String;Lcj;)Ljava/util/List;	addTabCompletionOptions
METHOD	x	b	(JI)Ljava/lang/String;	getProfileResults
METHOD	x	c	()Ljava/lang/String;	getCommandName
METHOD	x	c	(Lm;)Ljava/lang/String;	getCommandUsage
METHOD	x	d	()Ljava/lang/String;	getWittyComment
METHOD	xa	a	(Lauh;)V	onImpact
METHOD	xa	t_	()V	onUpdate
METHOD	xb	a	(Lauh;)V	onImpact
METHOD	xb	j	()F	getVelocity
METHOD	xb	l	()F	getInaccuracy
METHOD	xb	m	()F	getGravityVelocity
METHOD	xc	a	(I)V	setPotionDamage
METHOD	xc	a	(Lauh;)V	onImpact
METHOD	xc	a	(Ldn;)V	readEntityFromNBT
METHOD	xc	b	(Ldn;)V	writeEntityToNBT
METHOD	xc	j	()F	getVelocity
METHOD	xc	l	()F	getInaccuracy
METHOD	xc	m	()F	getGravityVelocity
METHOD	xc	o	()I	getPotionDamage
METHOD	xd	a	(Ladi;Ladm;Lcj;Lalz;)F	getExplosionResistance
METHOD	xd	a	(Lauh;)V	onImpact
METHOD	xd	a	(Low;F)Z	attackEntityFrom
METHOD	xd	a	(Z)V	setInvulnerable
METHOD	xd	ad	()Z	canBeCollidedWith
METHOD	xd	at	()Z	isBurning
METHOD	xd	h	()V	entityInit
METHOD	xd	j	()F	getMotionFactor
METHOD	xd	l	()Z	isInvulnerable
METHOD	xg	a	()I	getFoodLevel
METHOD	xg	a	(F)V	addExhaustion
METHOD	xg	a	(I)V	setFoodLevel
METHOD	xg	a	(IF)V	addStats
METHOD	xg	a	(Ldn;)V	readNBT
METHOD	xg	a	(Lwn;)V	onUpdate
METHOD	xg	a	(Lzs;Lzx;)V	addStats
METHOD	xg	b	()I	getPrevFoodLevel
METHOD	xg	b	(F)V	setFoodSaturationLevel
METHOD	xg	b	(Ldn;)V	writeNBT
METHOD	xg	c	()Z	needFood
METHOD	xg	e	()F	getSaturationLevel
METHOD	xi	a	()Ljava/util/List;	getInventory
METHOD	xi	a	(I)Lyg;	getSlot
METHOD	xi	a	(IIILwn;)Lzx;	slotClick
METHOD	xi	a	(IIZLwn;)V	retrySlotClick
METHOD	xi	a	(ILwn;)Z	isValidDragMode
METHOD	xi	a	(ILzx;)V	putStackInSlot
METHOD	xi	a	(Lakw;)I	calcRedstone
METHOD	xi	a	(Ljava/util/Set;ILzx;I)V	computeStackSize
METHOD	xi	a	(Log;)V	onCraftMatrixChanged
METHOD	xi	a	(Log;I)Lyg;	getSlotFromInventory
METHOD	xi	a	(Lwm;)S	getNextTransactionID
METHOD	xi	a	(Lwn;)Z	canInteractWith
METHOD	xi	a	(Lwn;I)Z	enchantItem
METHOD	xi	a	(Lwn;Z)V	setCanCraft
METHOD	xi	a	(Lxn;)V	onCraftGuiOpened
METHOD	xi	a	(Lyg;)Lyg;	addSlotToContainer
METHOD	xi	a	(Lyg;Lzx;Z)Z	canAddItemToSlot
METHOD	xi	a	(Lzx;IIZ)Z	mergeItemStack
METHOD	xi	a	(Lzx;Lyg;)Z	canMergeSlot
METHOD	xi	a	([Lzx;)V	putStacksInSlots
METHOD	xi	b	()V	detectAndSendChanges
METHOD	xi	b	(I)I	extractDragMode
METHOD	xi	b	(II)V	updateProgressBar
METHOD	xi	b	(Log;)I	calcRedstoneFromInventory
METHOD	xi	b	(Lwn;)V	onContainerClosed
METHOD	xi	b	(Lwn;I)Lzx;	transferStackInSlot
METHOD	xi	b	(Lxn;)V	removeCraftingFromCrafters
METHOD	xi	b	(Lyg;)Z	canDragIntoSlot
METHOD	xi	c	(I)I	getDragEvent
METHOD	xi	c	(Lwn;)Z	getCanCraft
METHOD	xi	d	()V	resetDrag
METHOD	xi	d	(II)I	func_94534_d
METHOD	xk$1	p_	()V	markDirty
METHOD	xk$2	a	(Lwn;)Z	canTakeStack
METHOD	xk$2	a	(Lwn;Lzx;)V	onPickupFromSlot
METHOD	xk$2	a	(Lzx;)Z	isItemValid
METHOD	xk	a	(Ljava/lang/String;)V	updateItemName
METHOD	xk	a	(Log;)V	onCraftMatrixChanged
METHOD	xk	a	(Lwn;)Z	canInteractWith
METHOD	xk	a	(Lxk;)Log;	access$000
METHOD	xk	a	(Lxn;)V	onCraftGuiOpened
METHOD	xk	b	(II)V	updateProgressBar
METHOD	xk	b	(Lwn;)V	onContainerClosed
METHOD	xk	b	(Lwn;I)Lzx;	transferStackInSlot
METHOD	xk	b	(Lxk;)I	access$100
METHOD	xk	e	()V	updateRepairOutput
METHOD	xl$a	a	()I	getSlotStackLimit
METHOD	xl$a	a	(Lzx;)Z	isItemValid
METHOD	xl	a	(Lwn;)Z	canInteractWith
METHOD	xl	a	(Lxn;)V	onCraftGuiOpened
METHOD	xl	b	(II)V	updateProgressBar
METHOD	xl	b	(Lwn;)V	onContainerClosed
METHOD	xl	b	(Lwn;I)Lzx;	transferStackInSlot
METHOD	xl	e	()Log;	func_180611_e
METHOD	xm$a	a	()I	getSlotStackLimit
METHOD	xm$a	a	(Lzx;)Z	isItemValid
METHOD	xm$b	a	()I	getSlotStackLimit
METHOD	xm$b	a	(Lwn;Lzx;)V	onPickupFromSlot
METHOD	xm$b	a	(Lzx;)Z	isItemValid
METHOD	xm$b	b_	(Lzx;)Z	canHoldPotion
METHOD	xm	a	(Lwn;)Z	canInteractWith
METHOD	xm	a	(Lxn;)V	onCraftGuiOpened
METHOD	xm	b	()V	detectAndSendChanges
METHOD	xm	b	(II)V	updateProgressBar
METHOD	xm	b	(Lwn;I)Lzx;	transferStackInSlot
METHOD	xn	a	(Lxi;II)V	sendProgressBarUpdate
METHOD	xn	a	(Lxi;ILzx;)V	sendSlotContents
METHOD	xn	a	(Lxi;Ljava/util/List;)V	updateCraftingInventory
METHOD	xn	a	(Lxi;Log;)V	sendAllWindowProperties
METHOD	xo	a	(Lwn;)Z	canInteractWith
METHOD	xo	b	(Lwn;)V	onContainerClosed
METHOD	xo	b	(Lwn;I)Lzx;	transferStackInSlot
METHOD	xo	e	()Log;	getLowerChestInventory
METHOD	xp	a	(I)Lzx;	getStackInSlot
METHOD	xp	a	(II)Lzx;	decrStackSize
METHOD	xp	a	(ILzx;)V	setInventorySlotContents
METHOD	xp	a	(Lwn;)Z	isUseableByPlayer
METHOD	xp	a_	(I)I	getField
METHOD	xp	b	(I)Lzx;	removeStackFromSlot
METHOD	xp	b	(II)V	setField
METHOD	xp	b	(ILzx;)Z	isItemValidForSlot
METHOD	xp	b	(Lwn;)V	openInventory
METHOD	xp	c	(II)Lzx;	getStackInRowAndColumn
METHOD	xp	c	(Lwn;)V	closeInventory
METHOD	xp	e_	()Ljava/lang/String;	getName
METHOD	xp	f_	()Leu;	getDisplayName
METHOD	xp	g	()I	getFieldCount
METHOD	xp	h	()I	getHeight
METHOD	xp	i	()I	getWidth
METHOD	xp	l	()V	clear
METHOD	xp	l_	()Z	hasCustomName
METHOD	xp	o_	()I	getSizeInventory
METHOD	xp	p_	()V	markDirty
METHOD	xp	q_	()I	getInventoryStackLimit
METHOD	xq	a	(Log;)V	onCraftMatrixChanged
METHOD	xq	a	(Lwn;)Z	canInteractWith
METHOD	xq	a	(Lzx;Lyg;)Z	canMergeSlot
METHOD	xq	b	(Lwn;)V	onContainerClosed
METHOD	xq	b	(Lwn;I)Lzx;	transferStackInSlot
METHOD	xr	a	(Lwn;)Z	canInteractWith
METHOD	xr	b	(Lwn;I)Lzx;	transferStackInSlot
METHOD	xs$1	p_	()V	markDirty
METHOD	xs$1	q_	()I	getInventoryStackLimit
METHOD	xs$2	a	()I	getSlotStackLimit
METHOD	xs$2	a	(Lzx;)Z	isItemValid
METHOD	xs$3	a	(Lzx;)Z	isItemValid
METHOD	xs	a	(Log;)V	onCraftMatrixChanged
METHOD	xs	a	(Lwn;)Z	canInteractWith
METHOD	xs	a	(Lwn;I)Z	enchantItem
METHOD	xs	a	(Lxn;)V	onCraftGuiOpened
METHOD	xs	a	(Lzx;II)Ljava/util/List;	func_178148_a
METHOD	xs	b	()V	detectAndSendChanges
METHOD	xs	b	(II)V	updateProgressBar
METHOD	xs	b	(Lwn;)V	onContainerClosed
METHOD	xs	b	(Lwn;I)Lzx;	transferStackInSlot
METHOD	xs	e	()I	getLapisAmount
METHOD	xt	a	(Lzx;)Z	isItemValid
METHOD	xt	b	(Lzx;)I	getItemStackLimit
METHOD	xt	c_	(Lzx;)Z	isBucket
METHOD	xu	a	(Lwn;)Z	canInteractWith
METHOD	xu	a	(Lxn;)V	onCraftGuiOpened
METHOD	xu	b	()V	detectAndSendChanges
METHOD	xu	b	(II)V	updateProgressBar
METHOD	xu	b	(Lwn;I)Lzx;	transferStackInSlot
METHOD	xv	a	(I)Lzx;	decrStackSize
METHOD	xv	a	(Lwn;Lzx;)V	onPickupFromSlot
METHOD	xv	a	(Lzx;)Z	isItemValid
METHOD	xv	a	(Lzx;I)V	onCrafting
METHOD	xv	c	(Lzx;)V	onCrafting
METHOD	xw	a	(Lwn;)Z	canInteractWith
METHOD	xw	b	(Lwn;)V	onContainerClosed
METHOD	xw	b	(Lwn;I)Lzx;	transferStackInSlot
METHOD	xx$1	a	(Lzx;)Z	isItemValid
METHOD	xx$2	a	(Lzx;)Z	isItemValid
METHOD	xx$2	b	()Z	canBeHovered
METHOD	xx	a	(Lwn;)Z	canInteractWith
METHOD	xx	b	(Lwn;)V	onContainerClosed
METHOD	xx	b	(Lwn;I)Lzx;	transferStackInSlot
METHOD	xy$1	a	()I	getSlotStackLimit
METHOD	xy$1	a	(Lzx;)Z	isItemValid
METHOD	xy$1	c	()Ljava/lang/String;	getSlotTexture
METHOD	xy	a	(Log;)V	onCraftMatrixChanged
METHOD	xy	a	(Lwn;)Z	canInteractWith
METHOD	xy	a	(Lzx;Lyg;)Z	canMergeSlot
METHOD	xy	b	(Lwn;)V	onContainerClosed
METHOD	xy	b	(Lwn;I)Lzx;	transferStackInSlot
METHOD	y	a	(Ladp$a;)V	setGameType
METHOD	y	a	(Lm;[Ljava/lang/String;)V	processCommand
METHOD	y	c	()Ljava/lang/String;	getCommandName
METHOD	y	c	(Lm;)Ljava/lang/String;	getCommandUsage
METHOD	ya	a	(I)Lzx;	getStackInSlot
METHOD	ya	a	(II)Lzx;	decrStackSize
METHOD	ya	a	(ILzx;)V	setInventorySlotContents
METHOD	ya	a	(Lwn;)Z	isUseableByPlayer
METHOD	ya	a_	(I)I	getField
METHOD	ya	b	(I)Lzx;	removeStackFromSlot
METHOD	ya	b	(II)V	setField
METHOD	ya	b	(ILzx;)Z	isItemValidForSlot
METHOD	ya	b	(Lwn;)V	openInventory
METHOD	ya	c	(Lwn;)V	closeInventory
METHOD	ya	d	(I)V	setCurrentRecipeIndex
METHOD	ya	e	(I)Z	inventoryResetNeededOnSlotChange
METHOD	ya	e_	()Ljava/lang/String;	getName
METHOD	ya	f_	()Leu;	getDisplayName
METHOD	ya	g	()I	getFieldCount
METHOD	ya	h	()V	resetRecipeAndSlots
METHOD	ya	i	()Lacz;	getCurrentRecipe
METHOD	ya	l	()V	clear
METHOD	ya	l_	()Z	hasCustomName
METHOD	ya	o_	()I	getSizeInventory
METHOD	ya	p_	()V	markDirty
METHOD	ya	q_	()I	getInventoryStackLimit
METHOD	yb	a	(Log;)V	onCraftMatrixChanged
METHOD	yb	a	(Lwn;)Z	canInteractWith
METHOD	yb	a	(Lxn;)V	onCraftGuiOpened
METHOD	yb	b	()V	detectAndSendChanges
METHOD	yb	b	(II)V	updateProgressBar
METHOD	yb	b	(Lwn;)V	onContainerClosed
METHOD	yb	b	(Lwn;I)Lzx;	transferStackInSlot
METHOD	yb	d	(I)V	setCurrentRecipeIndex
METHOD	yb	e	()Lya;	getMerchantInventory
METHOD	yc	a	(I)Lzx;	decrStackSize
METHOD	yc	a	(Lacz;Lzx;Lzx;)Z	doTrade
METHOD	yc	a	(Lwn;Lzx;)V	onPickupFromSlot
METHOD	yc	a	(Lzx;)Z	isItemValid
METHOD	yc	a	(Lzx;I)V	onCrafting
METHOD	yc	c	(Lzx;)V	onCrafting
METHOD	yd	a	(Lalf;)V	setChestTileEntity
METHOD	yd	a	(Ldu;)V	loadInventoryFromNBT
METHOD	yd	a	(Lwn;)Z	isUseableByPlayer
METHOD	yd	b	(Lwn;)V	openInventory
METHOD	yd	c	(Lwn;)V	closeInventory
METHOD	yd	h	()Ldu;	saveInventoryToNBT
METHOD	ye	a	(I)Lzx;	getStackInSlot
METHOD	ye	a	(II)Lzx;	decrStackSize
METHOD	ye	a	(ILzx;)V	setInventorySlotContents
METHOD	ye	a	(Lwn;)Z	isUseableByPlayer
METHOD	ye	a_	(I)I	getField
METHOD	ye	b	(I)Lzx;	removeStackFromSlot
METHOD	ye	b	(II)V	setField
METHOD	ye	b	(ILzx;)Z	isItemValidForSlot
METHOD	ye	b	(Lwn;)V	openInventory
METHOD	ye	c	(Lwn;)V	closeInventory
METHOD	ye	e_	()Ljava/lang/String;	getName
METHOD	ye	f_	()Leu;	getDisplayName
METHOD	ye	g	()I	getFieldCount
METHOD	ye	l	()V	clear
METHOD	ye	l_	()Z	hasCustomName
METHOD	ye	o_	()I	getSizeInventory
METHOD	ye	p_	()V	markDirty
METHOD	ye	q_	()I	getInventoryStackLimit
METHOD	yf	a	(I)Lzx;	decrStackSize
METHOD	yf	a	(Lwn;Lzx;)V	onPickupFromSlot
METHOD	yf	a	(Lzx;)Z	isItemValid
METHOD	yf	a	(Lzx;I)V	onCrafting
METHOD	yf	c	(Lzx;)V	onCrafting
METHOD	yg	a	()I	getSlotStackLimit
METHOD	yg	a	(I)Lzx;	decrStackSize
METHOD	yg	a	(Log;I)Z	isHere
METHOD	yg	a	(Lwn;)Z	canTakeStack
METHOD	yg	a	(Lwn;Lzx;)V	onPickupFromSlot
METHOD	yg	a	(Lzx;)Z	isItemValid
METHOD	yg	a	(Lzx;I)V	onCrafting
METHOD	yg	a	(Lzx;Lzx;)V	onSlotChange
METHOD	yg	b	()Z	canBeHovered
METHOD	yg	b	(Lzx;)I	getItemStackLimit
METHOD	yg	c	()Ljava/lang/String;	getSlotTexture
METHOD	yg	c	(Lzx;)V	onCrafting
METHOD	yg	d	()Lzx;	getStack
METHOD	yg	d	(Lzx;)V	putStack
METHOD	yg	e	()Z	getHasStack
METHOD	yg	f	()V	onSlotChanged
METHOD	yi	a	(I)I	getMetadata
METHOD	yj$1	b	(Lck;Lzx;)Lzx;	dispenseStack
METHOD	yj$a	a	()I	getEnchantability
METHOD	yj$a	a	(I)I	getDurability
METHOD	yj$a	b	()Lzw;	getRepairItem
METHOD	yj$a	b	(I)I	getDamageReductionAmount
METHOD	yj$a	c	()Ljava/lang/String;	getName
METHOD	yj$a	valueOf	(Ljava/lang/String;)Lyj$a;	valueOf
METHOD	yj$a	values	()[Lyj$a;	values
METHOD	yj	a	(Lzx;I)I	getColorFromItemStack
METHOD	yj	a	(Lzx;Ladm;Lwn;)Lzx;	onItemRightClick
METHOD	yj	a	(Lzx;Lzx;)Z	getIsRepairable
METHOD	yj	b	()I	getItemEnchantability
METHOD	yj	b	(Lzx;)I	getColor
METHOD	yj	b	(Lzx;I)V	setColor
METHOD	yj	c	(Lzx;)V	removeColor
METHOD	yj	d	()[I	access$000
METHOD	yj	d_	(Lzx;)Z	hasColor
METHOD	yj	x_	()Lyj$a;	getArmorMaterial
METHOD	yk	a	(Lum;Ljava/util/Random;)V	applyRandomRotations
METHOD	yk	a	(Lzx;Lwn;Ladm;Lcj;Lcq;FFF)Z	onItemUse
METHOD	yl	a	(Lzx;Lafh;)F	getStrVsBlock
METHOD	ym	a	(Lzw;Lyz;Ljava/util/List;)V	getSubItems
METHOD	ym	a	(Lzx;)Ljava/lang/String;	getItemStackDisplayName
METHOD	ym	a	(Lzx;I)I	getColorFromItemStack
METHOD	ym	a	(Lzx;Lwn;Ladm;Lcj;Lcq;FFF)Z	onItemUse
METHOD	ym	a	(Lzx;Lwn;Ljava/util/List;Z)V	addInformation
METHOD	ym	c	()Lyz;	getCreativeTab
METHOD	ym	h	(Lzx;)Lzd;	getBaseColor
METHOD	yn	a	(Lzx;Lwn;Ladm;Lcj;Lcq;FFF)Z	onItemUse
METHOD	yo	a	()Ljava/lang/String;	getUnlocalizedName
METHOD	yo	a	(Ladm;Lcj;Lcq;Lwn;Lzx;)Z	canPlaceBlockOnSide
METHOD	yo	a	(Ladm;Lwn;Lcj;Lzx;)Z	setTileEntityNBT
METHOD	yo	a	(Lzw;Lyz;Ljava/util/List;)V	getSubItems
METHOD	yo	a	(Lzx;Lwn;Ladm;Lcj;Lcq;FFF)Z	onItemUse
METHOD	yo	b	(Ljava/lang/String;)Lyo;	setUnlocalizedName
METHOD	yo	c	()Lyz;	getCreativeTab
METHOD	yo	c	(Ljava/lang/String;)Lzw;	setUnlocalizedName
METHOD	yo	d	()Lafh;	getBlock
METHOD	yo	e_	(Lzx;)Ljava/lang/String;	getUnlocalizedName
METHOD	yp	a	(Lzx;Lwn;Ladm;Lcj;Lcq;FFF)Z	onItemUse
METHOD	yq	a	(Lzx;Ladm;Lwn;)Lzx;	onItemRightClick
METHOD	yr	b	()I	getItemEnchantability
METHOD	yr	f_	(Lzx;)Z	isItemTool
METHOD	ys	a	(Lzx;Ladm;Lwn;)Lzx;	onItemRightClick
METHOD	yt	a	(Lzx;Ladm;Lwn;)Lzx;	onItemRightClick
METHOD	yt	a	(Lzx;Ladm;Lwn;I)V	onPlayerStoppedUsing
METHOD	yt	b	()I	getItemEnchantability
METHOD	yt	b	(Lzx;Ladm;Lwn;)Lzx;	onItemUseFinish
METHOD	yt	d	(Lzx;)I	getMaxItemUseDuration
METHOD	yt	e	(Lzx;)Laba;	getItemUseAction
METHOD	yu	b	(Lzx;Ladm;Lwn;)Lzx;	onItemUseFinish
METHOD	yv	a	(Ladm;Lcj;)Z	tryPlaceContainedLiquid
METHOD	yv	a	(Lzx;Ladm;Lwn;)Lzx;	onItemRightClick
METHOD	yv	a	(Lzx;Lwn;Lzw;)Lzx;	fillBucket
METHOD	yw	a	(Lzx;Ladm;Lwn;)Lzx;	onItemRightClick
METHOD	yw	e	()Z	shouldRotateAroundWhenRendering
METHOD	yw	w_	()Z	isFull3D
METHOD	yx	a	(Lzw;Lyz;Ljava/util/List;)V	getSubItems
METHOD	yx	e_	(Lzx;)Ljava/lang/String;	getUnlocalizedName
METHOD	yy	c	(Lzx;Ladm;Lwn;)Lff;	createMapDataPacket
METHOD	yy	f	()Z	isMap
METHOD	yz$1	e	()Lzw;	getTabIconItem
METHOD	yz$10	e	()Lzw;	getTabIconItem
METHOD	yz$11	e	()Lzw;	getTabIconItem
METHOD	yz$12	e	()Lzw;	getTabIconItem
METHOD	yz$2	e	()Lzw;	getTabIconItem
METHOD	yz$3	e	()Lzw;	getTabIconItem
METHOD	yz$4	e	()Lzw;	getTabIconItem
METHOD	yz$5	e	()Lzw;	getTabIconItem
METHOD	yz$5	f	()I	getIconItemDamage
METHOD	yz$6	e	()Lzw;	getTabIconItem
METHOD	yz$7	e	()Lzw;	getTabIconItem
METHOD	yz$8	e	()Lzw;	getTabIconItem
METHOD	yz$9	e	()Lzw;	getTabIconItem
METHOD	yz	a	()I	getTabIndex
METHOD	yz	a	(Lacj;)Z	hasRelevantEnchantmentType
METHOD	yz	a	(Ljava/lang/String;)Lyz;	setBackgroundImageName
METHOD	yz	a	(Ljava/util/List;)V	displayAllReleventItems
METHOD	yz	a	(Ljava/util/List;[Lacj;)V	addEnchantmentBooksToList
METHOD	yz	a	([Lacj;)Lyz;	setRelevantEnchantmentTypes
METHOD	yz	b	()Ljava/lang/String;	getTabLabel
METHOD	yz	c	()Ljava/lang/String;	getTranslatedTabLabel
METHOD	yz	d	()Lzx;	getIconItemStack
METHOD	yz	e	()Lzw;	getTabIconItem
METHOD	yz	f	()I	getIconItemDamage
METHOD	yz	g	()Ljava/lang/String;	getBackgroundImageName
METHOD	yz	h	()Z	drawInForegroundOfTab
METHOD	yz	i	()Lyz;	setNoTitle
METHOD	yz	j	()Z	shouldHidePlayerInventory
METHOD	yz	k	()Lyz;	setNoScrollbar
METHOD	yz	l	()I	getTabColumn
METHOD	yz	m	()Z	isTabInFirstRow
METHOD	yz	n	()[Lacj;	getRelevantEnchantmentTypes
METHOD	z	a	()I	getRequiredPermissionLevel
METHOD	z	a	(Lm;[Ljava/lang/String;)V	processCommand
METHOD	z	a	(Lm;[Ljava/lang/String;Lcj;)Ljava/util/List;	addTabCompletionOptions
METHOD	z	b	([Ljava/lang/String;I)Z	isUsernameIndex
METHOD	z	c	()Ljava/lang/String;	getCommandName
METHOD	z	c	(Lm;)Ljava/lang/String;	getCommandUsage
METHOD	z	d	()[Ljava/lang/String;	getAllUsernames
METHOD	za	a	(Lzx;Ladm;Lafh;Lcj;Lpr;)Z	onBlockDestroyed
METHOD	za	a	(Lzx;Lafh;)F	getStrVsBlock
METHOD	za	a	(Lzx;Lpr;Lpr;)Z	hitEntity
METHOD	za	a	(Lzx;Lzx;)Z	getIsRepairable
METHOD	za	b	()I	getItemEnchantability
METHOD	za	g	()Lzw$a;	getToolMaterial
METHOD	za	h	()Ljava/lang/String;	getToolMaterialName
METHOD	za	i	()Lcom/google/common/collect/Multimap;	getItemAttributeModifiers
METHOD	za	w_	()Z	isFull3D
METHOD	zb	a	(Ladm;Lcj;Lcq;Lafh;)V	placeDoor
METHOD	zb	a	(Lzx;Lwn;Ladm;Lcj;Lcq;FFF)Z	onItemUse
METHOD	zc	a	(Lzx;I)I	getColorFromItemStack
METHOD	zd	a	()I	getMetadata
METHOD	zd	a	(I)Lzd;	byDyeDamage
METHOD	zd	b	()I	getDyeDamage
METHOD	zd	b	(I)Lzd;	byMetadata
METHOD	zd	d	()Ljava/lang/String;	getUnlocalizedName
METHOD	zd	e	()Larn;	getMapColor
METHOD	zd	l	()Ljava/lang/String;	getName
METHOD	zd	toString	()Ljava/lang/String;	toString
METHOD	zd	values	()[Lzd;	values
METHOD	ze	a	(Ladm;Lcj;I)V	spawnBonemealParticles
METHOD	ze	a	(Lzw;Lyz;Ljava/util/List;)V	getSubItems
METHOD	ze	a	(Lzx;Ladm;Lcj;)Z	applyBonemeal
METHOD	ze	a	(Lzx;Lwn;Ladm;Lcj;Lcq;FFF)Z	onItemUse
METHOD	ze	a	(Lzx;Lwn;Lpr;)Z	itemInteractionForEntity
METHOD	ze	e_	(Lzx;)Ljava/lang/String;	getUnlocalizedName
METHOD	zf	a	(I)I	getMetadata
METHOD	zf	e_	(Lzx;)Ljava/lang/String;	getUnlocalizedName
METHOD	zg	a	(Lzx;Ladm;Lwn;)Lzx;	onItemRightClick
METHOD	zh	a	(Lzx;Ladm;Lwn;)Lzx;	onItemRightClick
METHOD	zi	a	(Laci;Ljava/util/List;)V	getAll
METHOD	zi	a	(Lacl;)Lzx;	getEnchantedItemStack
METHOD	zi	a	(Ljava/util/Random;III)Lob;	getRandom
METHOD	zi	a	(Lzx;Lacl;)V	addEnchantment
METHOD	zi	a	(Lzx;Lwn;Ljava/util/List;Z)V	addInformation
METHOD	zi	b	(Ljava/util/Random;)Lob;	getRandom
METHOD	zi	f	(Lzx;)Z	hasEffect
METHOD	zi	f_	(Lzx;)Z	isItemTool
METHOD	zi	g	(Lzx;)Laaj;	getRarity
METHOD	zi	h	(Lzx;)Ldu;	getEnchantments
METHOD	zj	a	(Lzx;Ladm;Lwn;)Lzx;	onItemRightClick
METHOD	zj	a	(Lzx;Lwn;Ladm;Lcj;Lcq;FFF)Z	onItemUse
METHOD	zk	a	(Lzx;Ladm;Lwn;)Lzx;	onItemRightClick
METHOD	zl	a	(Lzx;Ladm;Lwn;)Lzx;	onItemRightClick
METHOD	zl	f	(Lzx;)Z	hasEffect
METHOD	zm	a	(Lzx;Lwn;Ladm;Lcj;Lcq;FFF)Z	onItemUse
METHOD	zn	a	(Ldn;Ljava/util/List;)V	addExplosionInfo
METHOD	zn	a	(Lzx;I)I	getColorFromItemStack
METHOD	zn	a	(Lzx;Ljava/lang/String;)Leb;	getExplosionTag
METHOD	zn	a	(Lzx;Lwn;Ljava/util/List;Z)V	addInformation
METHOD	zo	a	(Lzx;Lwn;Ladm;Lcj;Lcq;FFF)Z	onItemUse
METHOD	zo	a	(Lzx;Lwn;Ljava/util/List;Z)V	addInformation
METHOD	zp$a	a	()I	getMetadata
METHOD	zp$a	a	(I)Lzp$a;	byMetadata
METHOD	zp$a	a	(Lzx;)Lzp$a;	byItemStack
METHOD	zp$a	b	()Ljava/lang/String;	getUnlocalizedName
METHOD	zp$a	c	()I	getUncookedHealAmount
METHOD	zp$a	d	()F	getUncookedSaturationModifier
METHOD	zp$a	e	()I	getCookedHealAmount
METHOD	zp$a	f	()F	getCookedSaturationModifier
METHOD	zp$a	g	()Z	canCook
METHOD	zp$a	values	()[Lzp$a;	values
METHOD	zp	a	(Lzw;Lyz;Ljava/util/List;)V	getSubItems
METHOD	zp	c	(Lzx;Ladm;Lwn;)V	onFoodEaten
METHOD	zp	e_	(Lzx;)Ljava/lang/String;	getUnlocalizedName
METHOD	zp	h	(Lzx;)I	getHealAmount
METHOD	zp	i	(Lzx;)F	getSaturationModifier
METHOD	zp	j	(Lzx;)Ljava/lang/String;	getPotionEffect
METHOD	zq	a	(Lzx;Ladm;Lwn;)Lzx;	onItemRightClick
METHOD	zq	b	()I	getItemEnchantability
METHOD	zq	e	()Z	shouldRotateAroundWhenRendering
METHOD	zq	f_	(Lzx;)Z	isItemTool
METHOD	zq	w_	()Z	isFull3D
METHOD	zr	a	(Lzx;Lwn;Ladm;Lcj;Lcq;FFF)Z	onItemUse
METHOD	zs	a	(IIIF)Lzs;	setPotionEffect
METHOD	zs	a	(Lzx;Ladm;Lwn;)Lzx;	onItemRightClick
METHOD	zs	b	(Lzx;Ladm;Lwn;)Lzx;	onItemUseFinish
METHOD	zs	c	(Lzx;Ladm;Lwn;)V	onFoodEaten
METHOD	zs	d	(Lzx;)I	getMaxItemUseDuration
METHOD	zs	e	(Lzx;)Laba;	getItemUseAction
METHOD	zs	g	()Z	isWolfsFavoriteMeat
METHOD	zs	h	()Lzs;	setAlwaysEdible
METHOD	zs	h	(Lzx;)I	getHealAmount
METHOD	zs	i	(Lzx;)F	getSaturationModifier
METHOD	zt	a	(Lzw;Lyz;Ljava/util/List;)V	getSubItems
METHOD	zt	c	(Lzx;Ladm;Lwn;)V	onFoodEaten
METHOD	zt	f	(Lzx;)Z	hasEffect
METHOD	zt	g	(Lzx;)Laaj;	getRarity
METHOD	zu	a	(Ladm;Lcj;Lcq;)Lun;	createEntity
METHOD	zu	a	(Lzx;Lwn;Ladm;Lcj;Lcq;FFF)Z	onItemUse
METHOD	zv	a	(Lzx;Lwn;Ladm;Lcj;Lalz;)Z	useHoe
METHOD	zv	a	(Lzx;Lwn;Ladm;Lcj;Lcq;FFF)Z	onItemUse
METHOD	zv	g	()Ljava/lang/String;	getMaterialName
METHOD	zv	w_	()Z	isFull3D
METHOD	zw$1	a	(Lzx;)Ljava/lang/String;	apply
METHOD	zw$1	apply	(Ljava/lang/Object;)Ljava/lang/Object;	apply
METHOD	zw$10	a	(Lzx;)Ljava/lang/String;	apply
METHOD	zw$10	apply	(Ljava/lang/Object;)Ljava/lang/Object;	apply
METHOD	zw$11	a	(Lzx;)Ljava/lang/String;	apply
METHOD	zw$11	apply	(Ljava/lang/Object;)Ljava/lang/Object;	apply
METHOD	zw$12	a	(Lzx;)Ljava/lang/String;	apply
METHOD	zw$12	apply	(Ljava/lang/Object;)Ljava/lang/Object;	apply
METHOD	zw$13	a	(Lzx;)Ljava/lang/String;	apply
METHOD	zw$13	apply	(Ljava/lang/Object;)Ljava/lang/Object;	apply
METHOD	zw$14	a	(Lzx;)Ljava/lang/String;	apply
METHOD	zw$14	apply	(Ljava/lang/Object;)Ljava/lang/Object;	apply
METHOD	zw$15	a	(Lzx;)Ljava/lang/String;	apply
METHOD	zw$15	apply	(Ljava/lang/Object;)Ljava/lang/Object;	apply
METHOD	zw$16	a	(Lzx;)Ljava/lang/String;	apply
METHOD	zw$16	apply	(Ljava/lang/Object;)Ljava/lang/Object;	apply
METHOD	zw$17	a	(Lzx;)Ljava/lang/String;	apply
METHOD	zw$17	apply	(Ljava/lang/Object;)Ljava/lang/Object;	apply
METHOD	zw$2	a	(Lzx;)Ljava/lang/String;	apply
METHOD	zw$2	apply	(Ljava/lang/Object;)Ljava/lang/Object;	apply
METHOD	zw$3	a	(Lzx;)Ljava/lang/String;	apply
METHOD	zw$3	apply	(Ljava/lang/Object;)Ljava/lang/Object;	apply
METHOD	zw$4	a	(Lzx;)Ljava/lang/String;	apply
METHOD	zw$4	apply	(Ljava/lang/Object;)Ljava/lang/Object;	apply
METHOD	zw$5	a	(Lzx;)Ljava/lang/String;	apply
METHOD	zw$5	apply	(Ljava/lang/Object;)Ljava/lang/Object;	apply
METHOD	zw$6	a	(Lzx;)Ljava/lang/String;	apply
METHOD	zw$6	apply	(Ljava/lang/Object;)Ljava/lang/Object;	apply
METHOD	zw$7	a	(Lzx;)Ljava/lang/String;	apply
METHOD	zw$7	apply	(Ljava/lang/Object;)Ljava/lang/Object;	apply
METHOD	zw$8	a	(Lzx;)Ljava/lang/String;	apply
METHOD	zw$8	apply	(Ljava/lang/Object;)Ljava/lang/Object;	apply
METHOD	zw$9	a	(Lzx;)Ljava/lang/String;	apply
METHOD	zw$9	apply	(Ljava/lang/Object;)Ljava/lang/Object;	apply
METHOD	zw$a	a	()I	getMaxUses
METHOD	zw$a	b	()F	getEfficiencyOnProperMaterial
METHOD	zw$a	c	()F	getDamageVsEntity
METHOD	zw$a	d	()I	getHarvestLevel
METHOD	zw$a	e	()I	getEnchantability
METHOD	zw$a	f	()Lzw;	getRepairItem
METHOD	zw$a	valueOf	(Ljava/lang/String;)Lzw$a;	valueOf
METHOD	zw$a	values	()[Lzw$a;	values
METHOD	zw	a	()Ljava/lang/String;	getUnlocalizedName
METHOD	zw	a	(I)I	getMetadata
METHOD	zw	a	(ILjava/lang/String;Lzw;)V	registerItem
METHOD	zw	a	(ILjy;Lzw;)V	registerItem
METHOD	zw	a	(Ladm;Lwn;Z)Lauh;	getMovingObjectPositionFromPlayer
METHOD	zw	a	(Lafh;)Lzw;	getItemFromBlock
METHOD	zw	a	(Lafh;Lzw;)V	registerItemBlock
METHOD	zw	a	(Ldn;)Z	updateItemStackNBT
METHOD	zw	a	(Lyz;)Lzw;	setCreativeTab
METHOD	zw	a	(Lzw;Lyz;Ljava/util/List;)V	getSubItems
METHOD	zw	a	(Lzx;)Ljava/lang/String;	getItemStackDisplayName
METHOD	zw	a	(Lzx;I)I	getColorFromItemStack
METHOD	zw	a	(Lzx;Ladm;Lafh;Lcj;Lpr;)Z	onBlockDestroyed
METHOD	zw	a	(Lzx;Ladm;Lpk;IZ)V	onUpdate
METHOD	zw	a	(Lzx;Ladm;Lwn;)Lzx;	onItemRightClick
METHOD	zw	a	(Lzx;Ladm;Lwn;I)V	onPlayerStoppedUsing
METHOD	zw	a	(Lzx;Lafh;)F	getStrVsBlock
METHOD	zw	a	(Lzx;Lpr;Lpr;)Z	hitEntity
METHOD	zw	a	(Lzx;Lwn;Ladm;Lcj;Lcq;FFF)Z	onItemUse
METHOD	zw	a	(Lzx;Lwn;Ljava/util/List;Z)V	addInformation
METHOD	zw	a	(Lzx;Lwn;Lpr;)Z	itemInteractionForEntity
METHOD	zw	a	(Lzx;Lzx;)Z	getIsRepairable
METHOD	zw	a	(Z)Lzw;	setHasSubtypes
METHOD	zw	b	()I	getItemEnchantability
METHOD	zw	b	(I)Lzw;	getItemById
METHOD	zw	b	(Lafh;)Z	canHarvestBlock
METHOD	zw	b	(Lzw;)I	getIdFromItem
METHOD	zw	b	(Lzx;Ladm;Lwn;)Lzx;	onItemUseFinish
METHOD	zw	c	()Lyz;	getCreativeTab
METHOD	zw	c	(I)Lzw;	setMaxStackSize
METHOD	zw	c	(Lafh;)V	registerItemBlock
METHOD	zw	c	(Ljava/lang/String;)Lzw;	setUnlocalizedName
METHOD	zw	c	(Lzw;)Lzw;	setContainerItem
METHOD	zw	d	(I)Lzw;	setMaxDamage
METHOD	zw	d	(Ljava/lang/String;)Lzw;	getByNameOrId
METHOD	zw	d	(Lzx;)I	getMaxItemUseDuration
METHOD	zw	d	(Lzx;Ladm;Lwn;)V	onCreated
METHOD	zw	e	()Z	shouldRotateAroundWhenRendering
METHOD	zw	e	(Ljava/lang/String;)Lzw;	setPotionEffect
METHOD	zw	e	(Lzx;)Laba;	getItemUseAction
METHOD	zw	e_	(Lzx;)Ljava/lang/String;	getUnlocalizedName
METHOD	zw	f	()Z	isMap
METHOD	zw	f	(Lzx;)Z	hasEffect
METHOD	zw	f_	(Lzx;)Z	isItemTool
METHOD	zw	g	(Lzx;)Laaj;	getRarity
METHOD	zw	i	()Lcom/google/common/collect/Multimap;	getItemAttributeModifiers
METHOD	zw	j	()I	getItemStackLimit
METHOD	zw	j	(Lzx;)Ljava/lang/String;	getPotionEffect
METHOD	zw	k	()Z	getHasSubtypes
METHOD	zw	k	(Lzx;)Ljava/lang/String;	getUnlocalizedNameInefficiently
METHOD	zw	l	()I	getMaxDamage
METHOD	zw	l	(Lzx;)Z	isPotionIngredient
METHOD	zw	m	()Z	isDamageable
METHOD	zw	n	()Lzw;	setFull3D
METHOD	zw	p	()Z	getShareTag
METHOD	zw	q	()Lzw;	getContainerItem
METHOD	zw	r	()Z	hasContainerItem
METHOD	zw	s	()Z	canItemEditBlocks
METHOD	zw	t	()V	registerItems
METHOD	zw	w_	()Z	isFull3D
METHOD	zx	A	()I	getRepairCost
METHOD	zx	B	()Lcom/google/common/collect/Multimap;	getAttributeModifiers
METHOD	zx	C	()Leu;	getChatComponent
METHOD	zx	a	()Ljava/lang/String;	getUnlocalizedName
METHOD	zx	a	(I)Lzx;	splitStack
METHOD	zx	a	(ILjava/util/Random;)Z	attemptDamageItem
METHOD	zx	a	(ILpr;)V	damageItem
METHOD	zx	a	(Laci;I)V	addEnchantment
METHOD	zx	a	(Ladm;Lafh;Lcj;Lwn;)V	onBlockDestroyed
METHOD	zx	a	(Ladm;Lpk;IZ)V	updateAnimation
METHOD	zx	a	(Ladm;Lwn;)Lzx;	useItemRightClick
METHOD	zx	a	(Ladm;Lwn;I)V	onCrafting
METHOD	zx	a	(Lafh;)F	getStrVsBlock
METHOD	zx	a	(Ldn;)Lzx;	loadItemStackFromNBT
METHOD	zx	a	(Ljava/lang/String;Leb;)V	setTagInfo
METHOD	zx	a	(Ljava/lang/String;Z)Ldn;	getSubCompound
METHOD	zx	a	(Lpr;Lwn;)V	hitEntity
METHOD	zx	a	(Luo;)V	setItemFrame
METHOD	zx	a	(Lwn;Ladm;Lcj;Lcq;FFF)Z	onItemUse
METHOD	zx	a	(Lwn;Lpr;)Z	interactWithEntity
METHOD	zx	a	(Lwn;Z)Ljava/util/List;	getTooltip
METHOD	zx	a	(Lzw;)V	setItem
METHOD	zx	a	(Lzx;)Z	isItemEqual
METHOD	zx	a	(Lzx;Lzx;)Z	areItemStackTagsEqual
METHOD	zx	b	()Lzw;	getItem
METHOD	zx	b	(I)V	setItemDamage
METHOD	zx	b	(Ladm;Lwn;)Lzx;	onItemUseFinish
METHOD	zx	b	(Ladm;Lwn;I)V	onPlayerStoppedUsing
METHOD	zx	b	(Lafh;)Z	canHarvestBlock
METHOD	zx	b	(Ldn;)Ldn;	writeToNBT
METHOD	zx	b	(Lzx;)Lzx;	copyItemStack
METHOD	zx	b	(Lzx;Lzx;)Z	areItemStacksEqual
METHOD	zx	c	()I	getMaxStackSize
METHOD	zx	c	(I)V	setRepairCost
METHOD	zx	c	(Lafh;)Z	canDestroy
METHOD	zx	c	(Ldn;)V	readFromNBT
METHOD	zx	c	(Ljava/lang/String;)Lzx;	setStackDisplayName
METHOD	zx	c	(Lzx;)Z	getIsItemStackEqual
METHOD	zx	c	(Lzx;Lzx;)Z	areItemsEqual
METHOD	zx	d	()Z	isStackable
METHOD	zx	d	(Lafh;)Z	canPlaceOn
METHOD	zx	d	(Ldn;)V	setTagCompound
METHOD	zx	d	(Lzx;)Z	isItemStackEqual
METHOD	zx	e	()Z	isItemStackDamageable
METHOD	zx	f	()Z	getHasSubtypes
METHOD	zx	g	()Z	isItemDamaged
METHOD	zx	h	()I	getItemDamage
METHOD	zx	i	()I	getMetadata
METHOD	zx	j	()I	getMaxDamage
METHOD	zx	k	()Lzx;	copy
METHOD	zx	l	()I	getMaxItemUseDuration
METHOD	zx	m	()Laba;	getItemUseAction
METHOD	zx	n	()Z	hasTagCompound
METHOD	zx	o	()Ldn;	getTagCompound
METHOD	zx	p	()Ldu;	getEnchantmentTagList
METHOD	zx	q	()Ljava/lang/String;	getDisplayName
METHOD	zx	r	()V	clearCustomName
METHOD	zx	s	()Z	hasDisplayName
METHOD	zx	t	()Z	hasEffect
METHOD	zx	toString	()Ljava/lang/String;	toString
METHOD	zx	u	()Laaj;	getRarity
METHOD	zx	v	()Z	isItemEnchantable
METHOD	zx	w	()Z	isItemEnchanted
METHOD	zx	x	()Z	canEditBlocks
METHOD	zx	y	()Z	isOnItemFrame
METHOD	zx	z	()Luo;	getItemFrame
METHOD	zy	a	(Ljava/lang/String;)Lzw;	getRegisteredItem
METHOD	zz	a	(Lwn;Ladm;Lcj;)Z	attachToFence
METHOD	zz	a	(Lzx;Lwn;Ladm;Lcj;Lcq;FFF)Z	onItemUse
CLASS	Config	net/minecraft/src/Config
